website,website_type,name,name_local,district,categories,english,english_priority,english_score,site_language,why,email,locations,phone,address,postcode,source,osm_url
https://static.robinhood.in.th/share_link.html?utm_source=consumerapp&utm_medium=sharefavshopbutton&utm_campaign=sharefavshop&utm_content=30154&URI=robinhoodth%3A%2F%2Fmerchantlanding%2Fid%2F30154,own site,1992 Eaterium,,Mueang Nonthaburi District,American,yes,High,6,English,website in English; Western food (American); English/Latin-script name,1992eaterium@gmail.com,23,+66887801992,151 Thanon Pracharat,11000,overture (meta),overture:34be5842-7271-4f59-a6a8-dafbe98bd457
https://burgerboy.com/,"own site (found by name, postcode verified)",Burger Boy,,Mueang Nonthaburi District,Burger,yes,High,6,English,website in English; Western food (Burger); English/Latin-script name,bgrboy2025@gmail.com,1,+66985910988,"97 ,PTT Station, 9 Ratchaphruek Rd,Tha It Pakkred ",11120,overture (meta),overture:0ac40e0e-1312-4b63-aca0-49679740c667
https://epicpizzaandpasta.com/,"own site (found by name, postcode verified)",Epic Pizza & Pasta,,Mueang Nonthaburi District,Italian; Pizza,yes,High,6,English,"website in English; Western food (Italian, Pizza); English/Latin-script name",epicpizzaandpasta@gmail.com,1,+66955697525,1 ซอย วัดน้อยนอก,11000,overture (meta),overture:b3f9f23d-4fd0-41fa-bd22-a5d0f18ab22f
https://www.glt-italia.com/,own site,GLT Italia,,Mueang Nonthaburi District,Italian,yes,High,6,English,website in English; Western food (Italian); English/Latin-script name,glt.wine.sale@gmail.com,1,+66917434565,"GLT ITALIA, 103/17 Ratchaphruek Rd",11000,overture (meta),overture:c48d4d0f-37cf-4fb6-b8f0-6379a241f21b
http://openlink.co/smallbar,own site,Smallbar Coffee,,Mueang Nonthaburi District,Bakery; Breakfast,yes,High,6,English,website in English; Western food (Breakfast); English/Latin-script name,smallbar2024@gmail.com,1,+66 63 216 1829,245/1 ถนนสนามบินน้ำ,11000,openstreetmap,https://www.openstreetmap.org/node/13362994336
http://www.callmepapa.co.th/,own site,Callmepapa Brewhouse,,Mueang Nonthaburi District,Pub,yes,High,5,Bilingual,website has English; Western food (Pub); English/Latin-script name,info@callmepapa.co.th,1,+66923133000,เลขที่ 2 Ngamwongwarn 25 Alley,11000,overture (meta),overture:e2080b0f-1d46-460a-a0d4-fb640b405038
https://www.thaiqrmenu.com/?id=1ydOEpRC4b26KwnrznD4,own site,Steak “Ma Long di”,,Mueang Nonthaburi District,Steak,yes,High,5,Bilingual,website has English; Western food (Steak); English/Latin-script name,,21,,,,overture (meta),overture:7ac29bfa-5e1e-46d6-a384-0e963990af86
https://line.me/ti/p/rRYguyJet0,own site,ครัวอามีนา อาหาร&สเต็ก (หลัก),ครัวอามีนา อาหาร&สเต็ก (หลัก),Mueang Nonthaburi District,Steak,yes,High,5,English,website in English; Western food (Steak),watchariz2514@gmail.com,1,+66896775990,134 Soi Tiwanon 45,11000,overture (meta),overture:df71e6f3-685d-4704-abb0-9aa98acfb9b7
https://lin.ee/7bvLiSb,own site,โอ้โฮ พิซซ่า Oho Pizza,โอ้โฮ พิซซ่า Oho Pizza,Mueang Nonthaburi District,Pizza,yes,High,5,English,website in English; Western food (Pizza),,1,+66938505585,29 หมู่ 1 ซอย 17,11000,overture (meta),overture:b7edd9ff-2901-40e7-999e-56f3b18163b9
https://sites.google.com/view/a-linefrozenfood/home,own site,A Line meat free bistro อาหารเจ วีแกน,A Line meat free bistro อาหารเจ วีแกน,Mueang Nonthaburi District,French,yes,High,4,Bilingual,website has English; Western food (French),x_obake_x@hotmail.com,1,+66868864245,เลขที่2 Soi Nonthaburi 6 Intersection 2,11000,overture (meta),overture:3222b899-2527-4389-b116-fbd0aafe55ab
https://www.openlink.co/alaia.tea,own site,alaia.tea - Matcha & Desserts Cafe,,Mueang Nonthaburi District,Restaurant,yes,High,4,English,website in English; English/Latin-script name,,1,,296/161 ซอย ติวานนท์ 28,11000,overture (meta),overture:9ebc1f4c-40f4-407d-8dda-76d85401d8a7
https://www.brownsugarbangkok.com/,"own site (found by name, name + city verified)",Brown Sugar,,Mueang Nonthaburi District,Cafe,yes,High,4,English,website in English; English/Latin-script name,,3,,,,openstreetmap,https://www.openstreetmap.org/node/5321211894
https://www.burrobakery.com/,"own site (found by name, postcode verified)",Burro - bakery & coffee,,Mueang Nonthaburi District,Bakery,yes,High,4,English,website in English; English/Latin-script name,,1,+66972284181,154 1 Sanambinnam Rd,11000,overture (meta),overture:9f585b58-56fa-4b3b-8fb3-9baccefb24bb
https://lin.ee/qjlKJv8,own site,Buttery Bakehouse,,Mueang Nonthaburi District,Bakery,yes,High,4,English,website in English; English/Latin-script name,,1,+66926149665,"114, 20 Soi Mu Ban Latdarom",11000,overture (meta),overture:09e94778-47ad-4669-96a9-f5e5dcc262d7
https://shop.cafedumonde.com/,"own site (found by name, postcode verified)",Cafe du monde,,Mueang Nonthaburi District,Cafe,yes,High,4,English,website in English; English/Latin-script name,cafedumondebkk@gmail.com,1,+66818145075,สนามบินน้ำ มาร์เก็ต พาร์ค,11000,overture (meta),overture:cee25e0b-d5ea-4def-af87-edf56cf80666
https://coffeetree.ca/shop/,own site,CoffeeTreegarden,,Mueang Nonthaburi District,Cafe,yes,High,4,English,website in English; English/Latin-script name,feezilla@hotmail.com,1,+66820417880,3 ถนน ติวานนท์,11000,overture (meta),overture:ed72f299-6dfc-4110-be21-c0948136ed0e
https://openlink.co/doublep.espressobar,own site,Double P Espresso Bar,,Mueang Nonthaburi District,Cafe,yes,High,4,English,website in English; English/Latin-script name,double.p.espressobar@gmail.com,1,+66898877498,144 Soi Tiwanon 38,11000,overture (meta),overture:6a7a27e7-fcbf-4c19-af35-b34d76ea5c10
https://openlink.co/entercafe,own site,Enter Cafe Saima,,Mueang Nonthaburi District,Cafe,yes,High,4,English,website in English; English/Latin-script name,pskcorporate@hotmail.com,1,+66639354966,Enter Cafe Saima ,11000,overture (meta),overture:00c8f77a-e0c3-4cb4-9d56-e6ea39ab6a93
http://www.farmrakhouse.com/,own site,Farmrak House,,Mueang Nonthaburi District,Restaurant,yes,High,4,English,website in English; English/Latin-script name,farmrakhouse@gmail.com,1,+66649859924,675 Soi Rewadee 85,11000,overture (meta),overture:38b8ec2f-a8cc-44a6-b24c-7f7071d6d4e9
https://www.fattchicken.com/,own site,Fattchicken Rice,,Mueang Nonthaburi District,Asian; Chinese,yes,High,4,English,website in English; English/Latin-script name,fattchickenricebkk@gmail.com,3,+6636562554,"4,4/1-4/2,4/4 Central World Shopping Center, 3rd Floor, Unit B303-304 Ratchadamri Rd., Pathumwan, Pathumwan, Bangkok 10330",10330,overture (meta),overture:8d3663e6-006c-451c-b61d-5cbdebc8158f
https://openlink.co/freshmecafe,own site,Fresh Me Cafe,,Mueang Nonthaburi District,Cafe,yes,High,4,English,website in English; English/Latin-script name,mkt.freshme@gmail.com,1,+66958795551,5 ถนน งามวงศ์วาน,11000,overture (meta),overture:fb8b3ca0-552f-4fa7-b0e6-d6e09d0a03d5
https://openlink.co/freshme,own site,Fresh Me Cafe,,Mueang Nonthaburi District,Restaurant,yes,High,4,English,website in English; English/Latin-script name,freshme_tea@hotmail.com,1,+66800722192,Thanon Ngam Wong Wan,11000,overture (meta),overture:1c57e0c1-018c-4bca-a1fa-81722b7f5ce4
https://lin.ee/thdM8V1,own site,Kumo Yakiniku,,Mueang Nonthaburi District,Restaurant,yes,High,4,English,website in English; English/Latin-script name,,1,+66809581584,ศูนย์รวมความอร่อย food villa ท่าอิฐ,11000,overture (meta),overture:8a3e9d67-75f1-4fdc-8076-d2611c2c39c4
Https://lin.ee/5U0Lvnw,own site,LUME cafe,,Mueang Nonthaburi District,Cafe,yes,High,4,English,website in English; English/Latin-script name,lumecafe1981@gmail.com,1,+66993745457,"32, 23-24 Soi Pracharat 7",11000,overture (meta),overture:b8bc30b7-ac40-4a9b-a257-7f55d07d8e3a
https://minkki.my.canva.site/,own site,MINKKI ice cream & tea,,Mueang Nonthaburi District,Ice cream,yes,High,4,English,website in English; English/Latin-script name,minkkithailand@gmail.com,1,+66639256989,860 Thanon Pracharat,11000,overture (meta),overture:cf9fe727-5dbc-4815-8de4-2e95c5a3317e
http://mr-penguin.com/,own site,Mr. Penguin Original Grass Jelly,,Mueang Nonthaburi District,Restaurant,yes,High,4,English,website in English; English/Latin-script name,cjgibb@protonmail.com,1,+66617869778,ห้าง Big C,11000,overture (meta),overture:13895fd2-7bec-4731-a804-ac9f0d7c1e22
https://navy-blue.com/en,"own site (found by name, postcode verified)",Navy Blue,,Mueang Nonthaburi District,Cafe,yes,High,4,English,website in English; English/Latin-script name,support@navy-blue.com,1,+66818991059,77,11000,overture (meta),overture:5e1c25b2-3e0d-4f58-811b-35add081db73
https://lin.ee/W3LjAkp,own site,NJ Food&Bakery,,Mueang Nonthaburi District,Bakery,yes,High,4,English,website in English; English/Latin-script name,,1,,47/5 ถนน บางศรีเมือง 1,11000,overture (meta),overture:3d8529c2-22ab-42ee-a90d-bdc0d0ee0e1e
http://www.nongkhaipasu.com,own site,Nong Kai Pasu Vietnam Restaurant - Ratchaphruek - Rattanathibet Branch,,Mueang Nonthaburi District,Asian,yes,High,4,English,website in English; English/Latin-script name,,4,+66809353399,Ratchaphruek Road 88,11000,overture (meta),overture:fbdf0ac6-1856-4ad2-aa8d-4daac21215da
http://nonthaburibrewing.com/,own site,Nonthaburi Brewing Company,,Mueang Nonthaburi District,Restaurant,yes,High,4,English,website in English; English/Latin-script name,,1,+66818277956,"105, 1 Soi Tivanon 24",11000,overture (meta),overture:1f017b4f-4cc0-4808-91c0-558124e1fef3
http://www.northlandtea.com/,own site,Northlandtea,,Mueang Nonthaburi District,Restaurant,yes,High,4,English,website in English; English/Latin-script name,lovecustomer@northlandtea.com,2,+66952969946,NorthlandTea 101/52 หมู่บ้านซื่อตรง ถนนรัตนาธิเบศร์ ต.ไทรม้า,11000,overture (meta),overture:1e1cb53c-2240-4f09-8156-9a08eaa9b1ab
https://lin.ee/so57rwQ,own site,Oakwood Suites Tiwanon Bangkok,,Mueang Nonthaburi District,Bar,yes,High,4,English,website in English; English/Latin-script name,,1,+6621499450,229 ถนน กรุงเทพฯ-นนทบุรี,10800,overture (meta),overture:d9e425df-1c41-462e-9486-72e00b193762
http://www.ogu-ogu.com/,own site,OGU OGU Teppanyaki,,Mueang Nonthaburi District,Asian; Japanese,yes,High,4,English,website in English; English/Latin-script name,,1,+6621082555,30 39-50 หมู่ 2 Ngamwongwan Rd,11000,overture (meta),overture:83e35106-1f0e-4405-8fa0-62c4ebaeb716
https://pieface.com.au,own site,Pie Face,,Mueang Nonthaburi District,Cafe,yes,High,4,English,website in English; English/Latin-script name,,1,065 523 1155,The Mall Lifestore Ngamwongwan,11000,overture (Foursquare),overture:896d109c-f43c-459b-9fbc-04d3a4d40cd7
https://lin.ee/3QcyNMObv,own site,Pilot Brewery,,Mueang Nonthaburi District,Restaurant,yes,High,4,English,website in English; English/Latin-script name,,1,+66946626559,58 17 Yothathikan Nonthaburi Khao Wat Daeng Rd,11000,overture (meta),overture:36b8029c-9c0e-4727-be30-d84f46766a8b
https://openlink.co/projectboxofficial,own site,Project: Box,,Mueang Nonthaburi District,Cafe,yes,High,4,English,website in English; English/Latin-script name,theprojectboxofficial@gmail.com,1,+66610274144,"Soi.Ngamwongwan18 YEAK1, Ngamwongwan Rd",11000,overture (meta),overture:f86311ad-08b6-4df2-af69-279bb2b1b757
http://rhapsody.company/,own site,Rhapsody,,Mueang Nonthaburi District,Cafe,yes,High,4,English,website in English; English/Latin-script name,cafe@rhapsody.company,1,+66918132955,Rattanathibet Rd,11000,overture (meta),overture:2c28ecd8-9872-42c6-8b2b-a5767cbec7d5
http://shorturl.at/enQ58,own site,Roastmary's Coffee House,,Mueang Nonthaburi District,Cafe,yes,High,4,English,website in English; English/Latin-script name,,1,+66822062666,47 Tesaban Bangsrimuang Rd,11000,overture (meta),overture:54763e49-181f-4ca9-827e-43ae1d448d92
https://sites.google.com/view/mixzer/,own site,Sandwich Mixer,,Mueang Nonthaburi District,Restaurant,yes,High,4,English,website in English; English/Latin-script name,,1,+66864067904,2 Tarn Sumrid 6/7 Alley,11000,overture (meta),overture:9f4dc9a3-a401-42c8-9a3c-569d2a053dd1
https://maps.apple/p/DarPfHcms-zF4J,own site,Sayoo Bar,,Mueang Nonthaburi District,Restaurant,yes,High,4,English,website in English; English/Latin-script name,chanapai.sct@hotmail.com,1,+958124426,รัตนาธิเบศร์,11110,overture (meta),overture:efea9e41-760c-49a2-9657-a6b14b4e7c2e
https://nightify.co/book/so-yesterday/fb,own site,So Yesterday Bar,,Mueang Nonthaburi District,Bar,yes,High,4,English,website in English; English/Latin-script name,hello@nightify.co,1,+66659152647,526 Soi Rewadee 50,11000,overture (meta),overture:a752f209-95ae-473b-98dc-011e4f6b6eaf
https://suanzenomakase.com/en/,"own site (found by name, postcode verified)",Suan Zen Omakase,,Mueang Nonthaburi District,Asian; Japanese,yes,High,4,English,website in English; English/Latin-script name,suanzenomakase@gmail.com,1,+66624585588,"35, 2 Nonthaburi 48",11000,overture (meta),overture:aef44c1e-5c4e-4eb6-9cc7-f6aa21821619
https://subscriberama7.com/,own site,Subscribe Rama 7,,Mueang Nonthaburi District,Bar,yes,High,4,English,website in English; English/Latin-script name,subscribe8998@gmail.com,1,+66646697478,41 1 Soi Pibulsongkram 22 Yeak 11,11000,overture (meta),overture:83e061fa-4ce5-4321-8a35-ff7b05f4eaa5
https://ke-sushi.com/,"own site (found by name, postcode verified)",Ta-Ke Sushi,,Mueang Nonthaburi District,Asian; Sushi,yes,High,4,English,website in English; English/Latin-script name,admin@ke-sushi.com,1,+66956536508,"50, วัดโบถส์ 33 ถนน บางศรีเมือง",11000,overture (meta),overture:daa985a6-b3fa-4a36-a401-707a69a63536
https://openlink.co/teatoone_th,own site,Tea To One,,Mueang Nonthaburi District,Restaurant,yes,High,4,English,website in English; English/Latin-script name,teatoone.th@gmail.com,1,,"กรุงเทพ-เดอะมอลล์ งามวงศ์ว, 244 ถนน งามวงศ์วาน",11000,overture (meta),overture:bd2c50db-cc42-4126-8b3f-ce566d51cf93
https://www.thebrick.com/,"own site (found by name, postcode verified)",The Brick,,Mueang Nonthaburi District,Restaurant,yes,High,4,English,website in English; English/Latin-script name,brthecafe@gmail.com,1,+66627168855,Soi Tha It - Sai Ma,11000,overture (meta),overture:48e1b19a-640d-4f7a-9134-5eba16deac47
https://expireddomains.com/domain/three-quarters.com?utm_source=redi,"own site (found by name, postcode verified)",Three Quarters,,Mueang Nonthaburi District,Bakery,yes,High,4,English,website in English; English/Latin-script name,,1,+66967972266,ตลาดฐานเพรชนนทบุรี,11000,overture (meta),overture:7a78020e-77f2-4abd-8c3f-24a71203a56b
http://m.me/yellowmellowcafe/,own site,Yellow Mellow,,Mueang Nonthaburi District,Restaurant,yes,High,4,English,website in English; English/Latin-script name,,1,+66982964996,"Soi, Samakkee 36 Alley",11000,overture (meta),overture:6dcf01db-7aa2-4ecb-8e6e-9be98733e48d
https://www.caltex.com/th,"own site (found by name, name + city verified)",สเต็กลุงหนวด หน้าปั้ม Caltex,สเต็กลุงหนวด หน้าปั้ม Caltex,Mueang Nonthaburi District,Steak,yes,High,4,Bilingual,website has English; Western food (Steak),,5,,,,overture (meta),overture:9f011543-bd1f-425c-a03e-8fb5381a153e
https://www.wongnai.com/restaurants/415335vI-bank-s-home-steak,own site,Bank's Home steak,,Mueang Nonthaburi District,Steak,yes,Medium,3,Local,Western food (Steak); English/Latin-script name,chickingas01@gmail.com,1,+66957200361,้เลขที่ 25/2 ซอยประชาชื่นนนท์ 8/1 แยกเพชรรัตน์ 2 ตำบลท่าทราย อำเภอเมืองนนทบุรี จังหวัดนนทบุรี,11000,overture (meta),overture:6a100634-7c10-4074-a1f4-3a5fbac23761
http://www.bodegaswine.com/,own site,Bodegas Wine and Restaurant,,Mueang Nonthaburi District,Restaurant,yes,Medium,3,Bilingual,website has English; English/Latin-script name,narit.ka@jiamenergygroup.com,1,+66614078222,67 48-49 ม.8 Ratchaphruek Rd,11000,overture (meta),overture:32115c9e-41ed-41fd-95c7-75db88c24efe
https://mkldrinkingwater.com/TH/home.html,own site,Coldsprings Drinking Water,,Mueang Nonthaburi District,Restaurant,yes,Medium,3,Bilingual,website has English; English/Latin-script name,drinkingwater.cs@gmail.com,1,+66863286288,94 ตำบลละหาร  11110, 11110,overture (meta),overture:b6479f63-f969-426c-b7ad-0e55435c8cd4
https://www.wongnai.com/restaurants/441514qJ,own site,Good days steak,,Mueang Nonthaburi District,Steak,yes,Medium,3,Local,Western food (Steak); English/Latin-script name,yorihealthyfood@gmail.com,1,+66887799651,199 23 หมู่3 Soi Mu Ban Suan Non Ville,11000,overture (meta),overture:f8f2c119-208c-44fb-8609-05242d604a4d
http://www.hachiban.co.th,own site,Hachiban Ramen Tiwanon,,Mueang Nonthaburi District,Asian; Japanese,yes,Medium,3,Bilingual,website has English; English/Latin-script name,hcb172.rbtl@gmail.com,4,+6629686244,Unnamed Road,11000,overture (meta),overture:db18d7a0-4c1c-4b3b-86f3-7935e351d116
https://line.me/ti/p/nnoB5UM9v3,own site,Konicha x Chanom Center คอร์สเรียน ชานมไข่มุก,Konicha x Chanom Center คอร์สเรียน ชานมไข่มุก,Mueang Nonthaburi District,Cafe,yes,Medium,3,English,website in English,,1,+66830696229,,,overture (meta),overture:f8e3a3c6-8d8e-4654-894e-efa2a72dc944
http://www.mariagarden.net/,own site,Maria Garden,,Mueang Nonthaburi District,Asian,yes,Medium,3,Bilingual,website has English; English/Latin-script name,maria@mariagarden.net,1,+6621572868,52/9 Ratchaphruek Rd,11000,overture (meta),overture:bf0e3308-27f4-4bc6-a75d-239d70353067
http://www.mkldrinkingwater.com/,own site,MKL Drinking Water,,Mueang Nonthaburi District,Restaurant,yes,Medium,3,Bilingual,website has English; English/Latin-script name,drinkingwater.mkl@gmail.com,1,+66962622699,44 ซอย พิชยนันท์,11000,overture (meta),overture:016fec89-b0b7-4ca8-bd1b-8d53e9a19d2d
https://pizzachaiyo.com/,"own site (found by name, phone verified)",Pizza Chaiyo,,Mueang Nonthaburi District,Pizza,yes,Medium,3,Local,Western food (Pizza); English/Latin-script name,saor2010@gmail.com,1,+66816578890,61 ถนน สามัคคี,11000,overture (meta),overture:415e31a4-326c-43cf-a023-b2a77a6e4de9
https://www.puttaorganic.com/,"own site (found by name, phone verified)",PuttaOrganic - Little Walk Rattanathibet,,Mueang Nonthaburi District,Cafe,yes,Medium,3,Bilingual,website has English; English/Latin-script name,puttaorganic.lwrattanathibet@gmail.com,1,+66863554459,"Putta Organic - Little Walk Rattanathibet 371/2 Rattanathibet Rd, Bang Krasaw, Mueang Nonthaburi District, Nonthaburi 11000",11000,overture (meta),overture:b5e81ca1-ef99-4fe9-8bae-092efefc2f48
https://lin.ee/Ypwiewh,own site,Riviera Cafe & Restaurant | ริเวียร่า คาเฟ่ นนทบุรี,Riviera Cafe & Restaurant | ริเวียร่า คาเฟ่ นนทบุรี,Mueang Nonthaburi District,Cafe,yes,Medium,3,English,website in English,rivieracafe.moon@gmail.com,1,+66992758888,26 Soi Ban Sai Ma,11000,overture (meta),overture:eb62821d-2593-4619-9c78-02b9a207b793
http://www.samsenvilla.com/,own site,Samsen Villa - ต้นตำรับเบียร์วุ้นแก้วแช่เจ้าแรกของไทย,Samsen Villa - ต้นตำรับเบียร์วุ้นแก้วแช่เจ้าแรกของไทย,Mueang Nonthaburi District,Restaurant,yes,Medium,3,English,website in English,,4,+66890401805,9/15 หมู่ 5  ตำบลบางรักน้อย,11000,overture (meta),overture:cc0ffe77-2e34-45bf-94fe-a1f27b346afa
https://www.sanshinkinzoku.co.jp/th/,own site,Sanshin-Thai,,Mueang Nonthaburi District,Asian; Thai,yes,Medium,3,Bilingual,website has English; English/Latin-script name,thanongsak-t@sanshin-thai.co.th,1,+6621940931,5/1 ซอย นนทบุรี 10,11000,overture (meta),overture:9c638ef3-62e8-4e8e-ae48-d27848a74d1c
http://nav.cx/8sSaowd,own site,Satay arsor,,Mueang Nonthaburi District,Restaurant,yes,Medium,3,Bilingual,website has English; English/Latin-script name,satayarsor@gmail.com,1,+66825616669,,11000,overture (meta),overture:bd79fbae-dcb0-4536-aafa-42d9a6899d26
https://lin.ee/InpARVH,own site,SWANS cafe & bistro,,Mueang Nonthaburi District,French,yes,Medium,3,,Western food (French); English/Latin-script name,swanscafebistro@gmail.com,1,+66992786664,บางศรีเมือง 75/7,11000,overture (meta),overture:4b2cadf8-8b20-4781-8fd7-f592d03033ea
https://www.tenderysteak.com/,own site,TenderySteak,,Mueang Nonthaburi District,Steak,yes,Medium,3,Local,Western food (Steak); English/Latin-script name,tenderysteak@gmail.com,1,+66925958828,"ถนนรัตนาธิเบษร์ ซอยท่าอิฐ Rattanathibeth St.,Soi Ta-it ตลาดท่าอิญวิลเลจ88 Ta-it vilage 88 Market in Soi Ta-it ไทรม้า Saima Subdistrice เมืองนนทบุรี",11000,overture (meta),overture:6c1b7385-fc11-41d5-b690-bcc53e506ee7
http://www.thaibiocon.com/,own site,Thai Bio Con Co. Ltd. บริษัท ไทยไบโอคอน จำกัด,Thai Bio Con Co. Ltd. บริษัท ไทยไบโอคอน จำกัด,Mueang Nonthaburi District,Asian; Thai,yes,Medium,3,English,website in English,thaibiocon@yahoo.com,1,,,,overture (meta),overture:cb5a608f-ccb4-497c-b6e0-fe8ac77544a8
http://line.me/ti/p/~@thepitmasterth,own site,The PIT Master,,Mueang Nonthaburi District,American,yes,Medium,3,,Western food (American); English/Latin-script name,thepitmasterth@gmail.com,1,+66655024249,29 หมู่ที่ 7 Phibul Songkhram Rd,11000,overture (meta),overture:8be4c48a-975b-447c-8b48-6df935141bdd
https://www.bmine.de/de/the-roof,"own site (found by name, postcode verified)",The Roof Bar สาขา สนามบินน้ำออกรีน,The Roof Bar สาขา สนามบินน้ำออกรีน,Mueang Nonthaburi District,Bar,yes,Medium,3,English,website in English,info@bmine.de,1,+66991419996,ต. บางกระสอ,11000,overture (meta),overture:4c2dcdc6-8030-4255-bb60-44494dc3eff8
https://www.lendingtree.com:443/,"own site (found by name, postcode verified)",Treeซูชิย่างไฟ,Treeซูชิย่างไฟ,Mueang Nonthaburi District,Asian; Sushi,yes,Medium,3,English,website in English,info@lendingtree.com,2,,14/87 ถนน เลี่ยงเมือง ตำบลบางกระสอ ตำบลตลาดขวัญ นนทบุรี 11000,11000,overture (meta),overture:a3848313-ea99-4ea7-ac45-7e846506b0c9
http://www.rad.com/,own site,กาแฟ แรด สด,กาแฟ แรด สด,Mueang Nonthaburi District,Cafe,yes,Medium,3,English,website in English,tacatoon@gmail.com,1,+66863822218,89/1 หมู่บ้านเดอะไพรเวซี่ ไพร์มเพลส ถนนรัตนาธิเศร์,11110,overture (meta),overture:183d0c02-b535-411d-a13f-10ef4a468cc1
https://lin.ee/4CC1NiT,own site,กุ้งแก้วน้ำปลามาเฟีย,กุ้งแก้วน้ำปลามาเฟีย,Mueang Nonthaburi District,Seafood,yes,Medium,3,English,website in English,tumakira32@gmail.com,1,+66926583698,169 61 หมู่ 4 Tha It Alley,11000,overture (meta),overture:743ffc33-2208-44b7-bc16-0c5fd95132a8
https://qrgo.page.link/ahfVJ,own site,กุ๋ยช่าย 7 สี,กุ๋ยช่าย 7 สี,Mueang Nonthaburi District,Restaurant,yes,Medium,3,English,website in English,kuychai7@gmail.com,1,+66830406460,ถนน ประชาราษฎร์,11000,overture (meta),overture:aafcb140-50ce-474a-b12d-f2270f0cb97e
https://lin.ee/qHAetUY,own site,กูโรตีชาชัก พระนครเหนือ (มจพ.),กูโรตีชาชัก พระนครเหนือ (มจพ.),Mueang Nonthaburi District,Restaurant,yes,Medium,3,English,website in English,guroti.kmutnb@gmail.com,1,+66955534870,35/2 ซ.พิบูลสงคราม 22 แยก 24,11000,overture (meta),overture:98c9c5e1-a9c6-4790-90cc-1c9757618a70
https://sites.google.com/site/deangklongormnoodle/,own site,ก๋วยเตี๋ยวเรือ นายแดง,ก๋วยเตี๋ยวเรือ นายแดง,Mueang Nonthaburi District,Asian; Japanese,yes,Medium,3,English,website in English,daengklongorm1999@gmail.com,1,+66897756273,79 42 Bangkrang 56 Alley,11000,overture (meta),overture:fc397d86-7f82-4c88-bb5f-8ed4e66e2915
http://www.authong.com/,own site,ก๋วยเตี๋ยวเรือนายแกละ,ก๋วยเตี๋ยวเรือนายแกละ,Mueang Nonthaburi District,Asian; Japanese,yes,Medium,3,English,website in English,,1,+66812511042,50 52 หมู่ที่ 1 Bangsrimuang Rd,11000,overture (meta),overture:ee7fe0cb-d172-421b-9a86-9ace8813b31a
https://lin.ee/spXo48I,own site,ก๋วยเตี๋ยวเรืออยุธยานายโก,ก๋วยเตี๋ยวเรืออยุธยานายโก,Mueang Nonthaburi District,Asian; Thai,yes,Medium,3,English,website in English,jarturong2304@gmail.com,1,+66944795073,ท่าน้ำนนทบุรี,11000,overture (meta),overture:638e946a-f4ed-48e0-8f48-4d644635afef
https://www.khanoykorshabu.com,own site,ข้าน้อยขอชาบู,ข้าน้อยขอชาบู,Mueang Nonthaburi District,Asian; Japanese,yes,Medium,3,English,website in English,,3,,,11000,overture (meta),overture:dd2aaa1d-d7ac-4163-9322-231e234a30ef
https://line.me/ti/p/gSW6qpzVxo,own site,ข้าวเอย อาหารตามสั่งคลองอ้อม,ข้าวเอย อาหารตามสั่งคลองอ้อม,Mueang Nonthaburi District,Restaurant,yes,Medium,3,English,website in English,,1,+66985429215,2 บางกร่าง 14,11000,overture (meta),overture:94c8bad9-32df-44a8-8c51-a6952f73c7bc
https://seahorse.com/,"own site (found by name, name + city verified)",ครัวม้าน้ำ Sea Horse สาขาบางกรวย นนทบุรี,ครัวม้าน้ำ Sea Horse สาขาบางกรวย นนทบุรี,Mueang Nonthaburi District,Bar,yes,Medium,3,English,website in English,ddd285231@gmail.com,2,+66884915191,ราชพฤกษ์,11130,overture (meta),overture:b8da7ba6-161c-4d68-9607-a44938ed74a2
https://www.chakawal.com,own site,จักรวาล เซ็นเตอร์ อุปกรณ์เบเกอรี่,จักรวาล เซ็นเตอร์ อุปกรณ์เบเกอรี่,Mueang Nonthaburi District,Bakery,yes,Medium,3,English,website in English,chakawalcenter.info@gmail.com,1,+6629683041,ถนน ประชาราษฎร์,11000,overture (meta),overture:0fa25de3-6ec8-42c3-88a7-e77fe4dcf7fd
https://lin.ee/AIEWz9p,own site,จ๊วดดดด อาหารอีสาน หมูกระทะ จิ้มจุ่ม,จ๊วดดดด อาหารอีสาน หมูกระทะ จิ้มจุ่ม,Mueang Nonthaburi District,Restaurant,yes,Medium,3,English,website in English,,1,+66631743274,534/34,11000,overture (meta),overture:74cf995f-3cdd-4580-ab40-16e8f5da920a
https://plus.google.com/u/0/photos/106718487716608555285/albums,own site,ชัยโภชนา,ชัยโภชนา,Mueang Nonthaburi District,Seafood,yes,Medium,3,English,website in English,,1,+66813570867,,11000,overture (meta),overture:2bcbdcfd-bc22-4f1c-9933-513e28a9a5cb
http://www.tumtor.com/,own site,ตำต่อ Tumtor,ตำต่อ Tumtor,Mueang Nonthaburi District,Asian; Thai,yes,Medium,3,English,website in English,tumtorofficial@gmail.com,1,+66927746163,65 ซอย เลี่ยงเมืองนนทบุรี 14,11000,overture (meta),overture:a70e0739-94eb-4393-bdfc-9a6b8d899421
https://community.com/,"own site (found by name, postcode verified)",นั่งเล่น Community,นั่งเล่น Community,Mueang Nonthaburi District,Bar,yes,Medium,3,English,website in English,landmark.onlyentertainment@gmail.com,1,+66889651359,39 Charoen Lert Alley,11000,overture (meta),overture:c24ad9fa-50bd-493e-ab96-790477f6d8c0
http://www.toshiba-ttei.com/,own site,บริษัท ไทยโตชิบาอุตสาหกรรม จำกัด,บริษัท ไทยโตชิบาอุตสาหกรรม จำกัด,Mueang Nonthaburi District,Asian; Thai,yes,Medium,3,English,website in English,,1,+6625883010,5 ถนน ติวานนท์,11000,overture (meta),overture:cabf85dc-c2de-4fdc-b12e-c2b974b23a77
https://lin.ee/TJCuubs,own site,ปลายฝัน,ปลายฝัน,Mueang Nonthaburi District,Restaurant,yes,Medium,3,English,website in English,tiger1115000@gmail.com,1,+66805800479,"ชิว ชิว ชา, 359 ถนน สามัคคี",11000,overture (meta),overture:3ad316a6-1870-4cb6-ad6d-33166e27a12a
http://surl.li/fiufq,own site,ปั่น ลั่น บาร์,ปั่น ลั่น บาร์,Mueang Nonthaburi District,Bar,yes,Medium,3,English,website in English,,1,+66969696289,89/12 Wat Chaloem Phrakiat Soi 1,11000,overture (meta),overture:df7889ab-b406-4839-b607-959696deef92
https://lin.ee/47FAxIz,own site,ปั้นทองน้ำส้มคั้น ขายส่งราคาโรงงาน สาขาใหญ่สนามบินน้ำ นนทบุรี,ปั้นทองน้ำส้มคั้น ขายส่งราคาโรงงาน สาขาใหญ่สนามบินน้ำ นนทบุรี,Mueang Nonthaburi District,Restaurant,yes,Medium,3,English,website in English,,1,+66920279393,15 ซอย ไทยานนท์ 16/1,11000,overture (meta),overture:1460a92f-f1da-4aec-a77d-e8489f4c391b
https://ponnmai.hatohub.com/brand,own site,ป้อนมั้ย,ป้อนมั้ย,Mueang Nonthaburi District,Asian; Thai,yes,Medium,3,English,website in English,ponnmai.cafe@gmail.com,1,+66969696981,123,11000,overture (meta),overture:25ae0ec4-f925-4c0e-98f2-93f5aa9226cb
https://lin.ee/6b3htQF,own site,พี่หมีคีโต ประชาชื่น อาหารketo อาหารคุมน้ำหนัก คุมเบาหวาน,พี่หมีคีโต ประชาชื่น อาหารketo อาหารคุมน้ำหนัก คุมเบาหวาน,Mueang Nonthaburi District,Restaurant,yes,Medium,3,English,website in English,nattananv@yahoo.com,1,+66947594058,1 ซอย ประชาชื่นนนทบุรี 4,11000,overture (meta),overture:ce42e454-48a6-46dc-a714-9b3b14235bd2
https://line.me/ti/p/VYCSeX_-_7,own site,มะเดี่ยว เลี่ยงเมืองนนท์,มะเดี่ยว เลี่ยงเมืองนนท์,Mueang Nonthaburi District,Bar,yes,Medium,3,English,website in English,chayapha271236@gmail.com,1,+66967377588,919/5 เลี่ยงเมืองนนทบุรี 2,11000,overture (meta),overture:05b257c4-d7fb-417e-9bc9-9a88c694affc
https://lin.ee/n0j0WIz,own site,มือโปร ลูกชิ้นปิ้ง แฟรนไชส์ นายตรี ลูกชิ้นปิ้ง,มือโปร ลูกชิ้นปิ้ง แฟรนไชส์ นายตรี ลูกชิ้นปิ้ง,Mueang Nonthaburi District,Restaurant,yes,Medium,3,English,website in English,kuyaozone@gmail.com,1,+66914649966,โครงการมารีญา พลาซา\n74/49 หมู่ที่ 9 ต. บางตลาด อ. ปากเกร็ด,11120,overture (meta),overture:bde62a26-af0b-471d-a958-b229768ee0d1
https://holycrabdelivery.com/,"own site (found by name, postcode verified)",รุ่งตาปี Seafood Delivery,รุ่งตาปี Seafood Delivery,Mueang Nonthaburi District,Seafood,yes,Medium,3,English,website in English,tapeekungphea@gmail.com,1,+66962727226,377/1 ซอย ประเสริฐดี,11000,overture (meta),overture:deaf8a8f-4e52-4e18-bda5-21c5e2ad0282
https://thaiphat.wixsite.com/soba-chan/menus,own site,ร้าน โซบะ จัง,ร้าน โซบะ จัง,Mueang Nonthaburi District,Asian; Thai,yes,Medium,3,English,website in English,2thaiphat@gmail.com,1,+66807874629,78 ถนน ติวานนท์,11120,overture (meta),overture:d4b85590-1344-4b39-bc20-4b91d865f09a
https://lin.ee/I5Dc3fB,own site,ฤดูสุข SlowCoffee,ฤดูสุข SlowCoffee,Mueang Nonthaburi District,Cafe,yes,Medium,3,English,website in English,,1,+66611729796,37 16 Samakkee 58/10 Alley,11000,overture (meta),overture:3b01df48-f7d9-49eb-addb-d6b24cb83af8
http://www.littlethreeofficial.com/,own site,ลิทเทิล ธรี ลิตเติ้ล ทรี,ลิทเทิล ธรี ลิตเติ้ล ทรี,Mueang Nonthaburi District,Restaurant,yes,Medium,3,English,website in English,chalisab29@hotmail.com,1,+66635874222,49 Nonthaburi 6,11000,overture (meta),overture:6bb9a1bb-788b-4f11-a6f9-ca9e7b7ee261
https://line.me/ti/p/UcpGwwfg9c,own site,สวนลุงต้น โชคเก้าชั้น,สวนลุงต้น โชคเก้าชั้น,Mueang Nonthaburi District,Restaurant,yes,Medium,3,English,website in English,freedomf245@gmail.com,1,+66800548932,สุพรรณ บางบัวทอง,11150,overture (meta),overture:66404e5e-ff9d-48f8-be7b-21c81a7b3c55
http://www.simdep789.com/,own site,สเต๊กแอนด์พาสต้า,สเต๊กแอนด์พาสต้า,Mueang Nonthaburi District,Restaurant,yes,Medium,3,English,website in English,,1,+66819871080,ใกล้ ผัดไทยเจ้ทาทา เลขที่ A29 ตลาดงามวงศ์วาน,11000,overture (meta),overture:9b57c914-231a-4428-8d09-f79363e9e1aa
http://www.wannasorn.co.th/,own site,หมูทอดบ้านแขก​ สาขางามวงศ์วาน​ 18,หมูทอดบ้านแขก​ สาขางามวงศ์วาน​ 18,Mueang Nonthaburi District,Takeaway,yes,Medium,3,English,website in English,35wannasorntower@gmail.com,1,+66991961990,ซอยงามวงศ์วาน​ 18,11000,overture (meta),overture:78ebc3e0-5101-4c32-9dde-9d29aacbb804
https://store.steampowered.com/?l=thai,own site,อยู่บ้าน,อยู่บ้าน,Mueang Nonthaburi District,Restaurant,yes,Medium,3,English,website in English,,1,+66915854763,11 ถนน งามวงศ์วาน,11000,overture (meta),overture:4b52e7a0-8b9f-41fb-ad8e-c2000267725d
https://m.me/1496335790468172?fbclid=IwAR3PyNJaDnsWayDbmNSMVznBD9d5RG9JPXOvMf3msUvr70eEYli4DclU4yM,own site,อัสมาเป็ดย่าง,อัสมาเป็ดย่าง,Mueang Nonthaburi District,Restaurant,yes,Medium,3,English,website in English,amkor1924@hotmail.com,1,+66622465946,24 ซอย ติวานนท์ 24 แยก 1/1,11000,overture (meta),overture:e10fe753-2b95-4585-b644-147cba62bf48
https://lin.ee/nqx7LWm,own site,เครปยักษ์ไส้ทะลัก สาขา ตลาดต้นสัก,เครปยักษ์ไส้ทะลัก สาขา ตลาดต้นสัก,Mueang Nonthaburi District,Restaurant,yes,Medium,3,English,website in English,,1,+66959429639,ตลาดต้นสัก,11000,overture (meta),overture:6e14ebee-f332-4c40-b330-a75a29bf968c
https://lin.ee/59H2is2,own site,เสิร์ฟแซ่บ ตำ ยำ ย่าง,เสิร์ฟแซ่บ ตำ ยำ ย่าง,Mueang Nonthaburi District,Restaurant,yes,Medium,3,English,website in English,,1,+66842019000,118 47 Soi Tiwanon 14 separate 2,11000,overture (meta),overture:46fb8078-bf94-4017-9dfa-ae78ffe08be0
http://m.me/255981060935905,own site,เฮียจอร์จ โครตหร่อย เมืองนนท์,เฮียจอร์จ โครตหร่อย เมืองนนท์,Mueang Nonthaburi District,Restaurant,yes,Medium,3,English,website in English,,1,+66945252626,15 ถนน สนามบินน้ํา,11000,overture (meta),overture:eefbf97b-35f4-4447-9f25-aac35caaa838
https://teenagemanager.com/,"own site (found by name, postcode verified)",เฮียอ้วน Super เล้ง สาขาตลาดนกฮูก,เฮียอ้วน Super เล้ง สาขาตลาดนกฮูก,Mueang Nonthaburi District,Restaurant,yes,Medium,3,English,website in English,information.knott@gmail.com,2,+66966495058,ตลาดนกฮูก ถนนเลี่ยงเมือง ต.บางกระสอ อ.เมืองนนทบุรี ถนน.รัตนาธิเบศร์ ,11000,overture (meta),overture:ef146074-c4d1-4e01-b62f-b8e6d3fbcdaa
https://lin.ee/TqrCwnn,own site,ไข่หวานบ้านซูชิ สาขาท่าอิฐ นนทบุรี,ไข่หวานบ้านซูชิ สาขาท่าอิฐ นนทบุรี,Mueang Nonthaburi District,Asian; Sushi,yes,Medium,3,English,website in English,sushithait169@gmail.com,1,+66991199959,169 ซอย ท่าอิฐ ตำบล บางรักน้อย,11000,overture (meta),overture:5ebc644e-e504-47d1-aef4-310fedbcd97c
https://mingkwansteakhouse.godaddysites.com/,own site,Mingkwan Steak House มิ่งขวัญ สเต็ก เฮ้าส์,Mingkwan Steak House มิ่งขวัญ สเต็ก เฮ้าส์,Mueang Nonthaburi District,Steak,no,Medium,2,,Western food (Steak),chefnui7474@gmail.com,1,+66957397149,10 Mingkuan 3 Alley,11000,overture (meta),overture:6806069e-c88d-4414-b499-8937beb1ad21
https://khumsupmuangnont.com/,own site,ขุมทรัพย์เมืองนนท์,ขุมทรัพย์เมืองนนท์,Mueang Nonthaburi District,Restaurant,no,Medium,2,Bilingual,website has English,nonthaburi.welcome@gmail.com,1,+66829872228,33 ตรงข้าม 35 Soi Tiwanon 27,11000,overture (meta),overture:686cadef-6bb0-4de5-ae78-bd3199117ae9
http://www.winkwhitepancea.com/,own site,ครัวอรัญญา,ครัวอรัญญา,Mueang Nonthaburi District,Restaurant,no,Medium,2,Bilingual,website has English,a.lasamore@gmail.com,1,+66898923710,39 ซอย เปรมฤทัย 6,11000,overture (meta),overture:4e239ca2-16c3-4c13-8d0f-db79c42ea3bc
https://wongn.ai/0db8e,own site,จ่าอูหมูเกาหลี พระราม5,จ่าอูหมูเกาหลี พระราม5,Mueang Nonthaburi District,BBQ,no,Medium,2,Local,Western food (BBQ),support@wongnai.com,1,+66901999356,51 Nakhon In Frontage Road,11000,overture (meta),overture:72fd1c63-0c13-4b7b-8545-d8037cceb1df
https://www.tapetchgroup.com/,own site,บริษัท ตา-เพชร กรุ๊ป,บริษัท ตา-เพชร กรุ๊ป,Mueang Nonthaburi District,Restaurant,no,Medium,2,Bilingual,website has English,keeratisitti@gmail.com,1,+66811016020,70/14 หมู่3 ซอยวัดไทรม้าใต้,11000,overture (meta),overture:c0cfb830-891f-47eb-be2b-9583e92a4587
https://www.wongnai.com/r/414560Qt,own site,ร้านมีตังค์สเต็ก บางศรีเมือง,ร้านมีตังค์สเต็ก บางศรีเมือง,Mueang Nonthaburi District,Steak,no,Medium,2,Local,Western food (Steak),prominate6987@gmail.com,1,+66629323178,Bangsrimuang Rd,11000,overture (meta),overture:ba83e8f5-d619-49d8-a1e5-41f809df9d92
https://lin.ee/fH6QlkO,own site,สิ่งดีๆ ที่อยากแบ่งปัน By Lucky Kay,สิ่งดีๆ ที่อยากแบ่งปัน By Lucky Kay,Mueang Nonthaburi District,Seafood,no,Medium,2,Bilingual,website has English,chayapa.rod@gmail.com,1,+66932895664,555 ถนน สนามบินน้ํา,11000,overture (meta),overture:c28e4661-e204-490e-9381-ad0902a000c5
http://line.me/ti/p/@steakjomyut,own site,สเต็กจอมยุทธ์,สเต็กจอมยุทธ์,Mueang Nonthaburi District,Steak,no,Medium,2,,Western food (Steak),,1,+66863261076,สเต็กจอมยุทธ์ 1/4 ซอย บางไผ่19 Nakhon In Frontage Rd,11000,overture (meta),overture:07586967-767b-4e1a-aa34-050d42f40669
https://wongn.ai/gguaj,own site,สเต็กริมทาง Steak Rimthang,สเต็กริมทาง Steak Rimthang,Mueang Nonthaburi District,Steak,no,Medium,2,Local,Western food (Steak),support@lmwn.com,1,+66902682833,ติวานนท์,11000,overture (meta),overture:c6cb88dc-2fb2-4166-b863-8478889e2480
https://wongn.ai/kujtm,own site,หมูปลาร้าตังค์มา,หมูปลาร้าตังค์มา,Mueang Nonthaburi District,Restaurant,no,Medium,2,Bilingual,website has English,suthira00@gmail.com,1,+66823614259,สนามบินน้ำ,11000,overture (meta),overture:d77e0e72-0767-45ce-9aab-8c567d2fac60
http://www.apachedaily.com/,own site,อู่ห้องเย็นอาปาเช่  ตู้ไอศกรีมติดรถขนส่ง,อู่ห้องเย็นอาปาเช่  ตู้ไอศกรีมติดรถขนส่ง,Mueang Nonthaburi District,Ice cream,no,Medium,2,Bilingual,website has English,apachedaily@gmail.com,1,+66816590559,23 ถนน ติวานนท์,11000,overture (meta),overture:9c5abbc9-acbd-4875-996e-2c08141993c5
https://lin.ee/4hX3sDKE,own site,เนื้อหอม,เนื้อหอม,Mueang Nonthaburi District,Steak,no,Medium,2,,Western food (Steak),,1,+66909815190,ถนนประชาชื่น,10800,overture (meta),overture:29cc4e3e-29fa-4cf8-a9a0-a9fdf1ecc152
http://www.theoneclicka.tht.me/,own site,แพเย็นตาโฟใต้,แพเย็นตาโฟใต้,Mueang Nonthaburi District,Restaurant,no,Medium,2,Bilingual,website has English,top-tosat@hotmail.com,1,+66875147479,45/7 ต.บางใหญ อ.บางใหญ่ จ.นนทบุรี,11140,overture (meta),overture:16ffcf03-5897-4a15-826c-82eb0e93e25a
https://www.wongnai.com/r/1606205Rh,own site,17 House Coffee,,Mueang Nonthaburi District,Cafe,no,Low,1,Local,English/Latin-script name,17housecoffeeofficial@gmail.com,1,+66935799787,,11000,overture (meta),overture:b0918d47-920d-41e4-8b47-284dd3c55770
http://www.ppithotel.com,own site,Air Bar,,Mueang Nonthaburi District,Restaurant,no,Low,1,Local,English/Latin-script name,srwinner.eng@gmail.com,1,+6625893399,,11000,overture (meta),overture:d3a9d575-ff9d-4233-9091-3305ec6d85c1
https://www.rakbaan26.com/btwedding,own site,Big Tree Event,,Mueang Nonthaburi District,Asian; Thai,no,Low,1,,English/Latin-script name,,1,+66987454043,33/22,11120,overture (meta),overture:2278c0b8-3104-4c37-84fe-dbe470699a30
https://shopee.co.th/cakes_maker,own site,Cakes Maker,,Mueang Nonthaburi District,Bakery,no,Low,1,Local,English/Latin-script name,cakesmakerstory@gmail.com,1,+66891417741,"38/177 ซ.1/3 หมู่บ้านกัสโต้ ราชพฤกษ์-พระราม5, Bang Kruai - Sai Noi Rd",11000,overture (meta),overture:ad5c5e63-7359-427e-b9ba-110520d3e4ba
https://lin.ee/6ZDIiYg,own site,Charm Cuisine Restaurant,,Mueang Nonthaburi District,Restaurant,no,Low,1,,English/Latin-script name,charmcuisine9@gmail.com,1,+66990675088,"229, 422 ถ. กรุงเทพ - นนทบุรี",11000,overture (meta),overture:019eb5f8-5304-4e81-8497-984f2a099b21
http://chengsimee.blogspot.com/,own site,ChengsimEe & HokLee Noodle,,Mueang Nonthaburi District,Seafood,no,Low,1,Local,English/Latin-script name,chengsimhok@hotmail.com,1,+66870829557,14 ถนน ติวานนท์,11000,overture (meta),overture:7ccad69d-6942-49e3-8a02-94669cc21890
https://lin.ee/RKgjQMw,own site,Coreballthai,,Mueang Nonthaburi District,Restaurant,no,Low,1,,English/Latin-script name,,1,+66993643480,โรงแรมบัดดี้ โอเรียนทอล ริเวอร์ไซด์ หมู่ที่ 7 17/56 ถนน ติวานนท์ อำเภอปากเกร็ด,11120,overture (meta),overture:97230c97-7515-46c4-a19c-e6baf8ba3acc
https://wongn.ai/21bwex,own site,Dark Butter,,Mueang Nonthaburi District,Cafe,no,Low,1,Local,English/Latin-script name,support@lmwn.com,1,+66655269388,ถนนนครอินทร์,11000,overture (meta),overture:d1c5e3c1-e212-4fb2-95e0-352bfdd95796
https://www.wongnai.com/restaurants/612352dN-darkmellow-golfview-thammasart,own site,Dark Mellow,,Mueang Nonthaburi District,Asian; Thai,no,Low,1,Local,English/Latin-script name,inthupim.p@gmail.com,1,+66886918847,23 ซอย เสนาสฤษดิ์เดช 4,11000,overture (meta),overture:9c0cb769-9ef7-4b28-a1f5-a7fc34472c56
https://lineman.onelink.me/1N3T?af_channel=c69bafbf8940875e0b23440273c52ac6&af_dp=com.linecorp.linemanth%3A%2F%2Fapp%2Fservice%2Ffood%2Fr%2F2380308gm&af_force_deeplink=true&af_web_dp=https%3A%2F%2Fwww.wongnai.com%2Fdelivery%2Fbusinesses%2F2380308gm%2Forder&c=share_link&pid=lineman_app,own site,Deday Cafe',,Mueang Nonthaburi District,Cafe,no,Low,1,,English/Latin-script name,,2,+66935815470,Rattanathibet Rd,11000,overture (meta),overture:28ab83ef-64f9-4ef7-b2e8-97e1f0a3099e
https://wongn.ai/7p5um,own site,Defo Cafe',,Mueang Nonthaburi District,Cafe,no,Low,1,Local,English/Latin-script name,support@lmwn.com,1,+66646826447,55 ซอย 3,11000,overture (meta),overture:700901cb-7936-4aff-8f69-f01222a39a89
https://wongn.ai/jxsgb,own site,Dib Studio and Slow Bar Cafe,,Mueang Nonthaburi District,Cafe,no,Low,1,Local,English/Latin-script name,support@wongnai.com,1,+66633603210,62 Anusorn Prasert Rd,11000,overture (meta),overture:c772ff02-41ff-4e5d-96d3-106867efd8c4
https://www.dulcecasadepan.com/,"own site (found by name, postcode verified)",DULCE Casa de Pan,,Mueang Nonthaburi District,Bakery,no,Low,1,Local,English/Latin-script name,contact@dulcecasadepan.com,1,+66922517333,Ratchaphruek Rd,11000,overture (meta),overture:d4f3a73e-4fc8-4398-af22-aa5f49dbd390
https://theespressocafeexperience.net/,"own site (found by name, postcode verified)",Espresso Cafe's,,Mueang Nonthaburi District,Cafe,no,Low,1,,English/Latin-script name,,1,+66816323553,116 Nakhon In Rd,11000,overture (meta),overture:e98b5f9b-76a5-404a-94da-252b53725bb0
http://www.salad7sribyfahshop.wordpress.com/,own site,FahShop,,Mueang Nonthaburi District,Restaurant,no,Low,1,Local,English/Latin-script name,fahshop789@gmail.com,1,+66987892523,76/2 ซอย ติวานนท์ 12,11000,overture (meta),overture:f157e298-1c69-4036-a1f9-acc692d7e506
http://www.world-jc.com/,own site,First Coffee Thait 8899,,Mueang Nonthaburi District,Cafe,no,Low,1,,English/Latin-script name,patthanun.hem24@gmail.com,1,+66917955546,26 ถนน รัตนาธิเบศร์,11000,overture (meta),overture:5efa21c7-b026-4bf0-a3d9-e54dc6f54f6e
http://Flowerupbyg.com/,own site,Flowerupbyg,,Mueang Nonthaburi District,Cafe,no,Low,1,Local,English/Latin-script name,flowerup.me@gmail.com,1,+66646463942,172/12 Muengthongtani Popular Rd.,11000,overture (meta),overture:5c51312c-993e-4c8a-a9a7-be04110ed18c
https://lin.ee/IHN7HVY,own site,Ganicco Farm,,Mueang Nonthaburi District,Restaurant,no,Low,1,,English/Latin-script name,,1,+66982893651,Saima Soi 7,11000,overture (meta),overture:a28b35ff-8597-4e6c-bb6d-e22d174646c9
http://www.boonsomfarm.com/,own site,greencup cafe,,Mueang Nonthaburi District,Cafe,no,Low,1,Local,English/Latin-script name,ramaon@boonsomfarm.com,1,+6629665556,51/2 3 Phibul Songkhram Rd,11000,overture (meta),overture:df250b85-26b1-4b8f-acba-f29281082faa
https://www.gdpark.asia/,own site,Growing Diversity Shop and Space,,Mueang Nonthaburi District,Cafe,no,Low,1,Local,English/Latin-script name,shop@gdpark.asia,1,+6621470832,3/12 สวนชีววิถี ซอยไทรม้า 22 Bang Aor 2 Alley,11000,overture (meta),overture:d2570480-c797-474e-87f8-df10e905fee5
https://canva.link/sm5o052c08tkq6o,own site,hint khaerai,,Mueang Nonthaburi District,Cafe,no,Low,1,,English/Latin-script name,hintcoffeeroaster@gmail.com,1,+66924165142,2 ซอย ติวานนท์ 24 แยก 1/4,11000,overture (meta),overture:798494ca-ba3e-438b-85e1-9357a7f4abef
https://www.wongnai.com/r/528310bv,own site,I-Ya Coffee,,Mueang Nonthaburi District,Cafe,no,Low,1,Local,English/Latin-script name,oppabangkruai@gmail.com,1,,100/6 ถนน บ้านไทรม้า,11000,overture (meta),overture:9c21a1c5-2297-4719-b094-366b2436ed2e
https://www.love-strawberry.com/,own site,Love Strawberry,,Mueang Nonthaburi District,Restaurant,no,Low,1,,English/Latin-script name,alli2611psc@gmail.com,1,+66832365919,50 Love Strawberry  ปัั๊มน้ำมันคาลเท็กซ์ สะพานเจษฏาบดินทร์,11000,overture (meta),overture:7d746369-76dd-4eea-8291-930c0d0ac315
https://line.me/ti/p/6wCtAQsw9o,own site,Moon Feelings Cafe By A&A (Workshop|Food|Dessert|Beverage),,Mueang Nonthaburi District,Cafe,no,Low,1,,English/Latin-script name,,1,+66822151790,ไทรม้า เลขที่ 33/10 หมู่ที่2 Saima Soi 7,11000,overture (meta),overture:fddaf015-456a-478c-bb51-dabdc80eab94
http://mspreezlab.com,own site,Ms.Preez Lab,,Mueang Nonthaburi District,Bakery,no,Low,1,,English/Latin-script name,,1,096 926 5516,79/52,11000,overture (Foursquare),overture:647d3dd7-ec0a-41c0-b0a6-afdaa310c8cc
https://dif.link/cvxve239,own site,NAYA Specialty Bar,,Mueang Nonthaburi District,Cafe,no,Low,1,Local,English/Latin-script name,nayaspecialtybar5@gmail.com,1,+66945629265,วัดบัวขวัญ 260 ซ. งามวงศ์วาน 23,11000,overture (meta),overture:1682e67f-528d-4097-ad9a-bd677a7203bc
http://www.nlcoffee.net/,own site,NL Coffee,,Mueang Nonthaburi District,Cafe,no,Low,1,Local,English/Latin-script name,info@nlcoffee.com,3,+6625809372,319 Tiwanon Rd,11000,overture (meta),overture:d94e5c2a-7c2c-4347-9c33-15eded9056d1
https://shopee.co.th/universal-link/now-food/shop/10235786?deep_and_deferred=1&shareChannel=line,own site,Noodysofficial.bkk,,Mueang Nonthaburi District,Restaurant,no,Low,1,Local,English/Latin-script name,noodysofficial.bkk@gmail.com,1,+66635873095,61 ประชานิเวศน์3 (ถนน สาย ก) ถ.สามัคคี ต.ท่าทราย อ.เมืองนนทบุรี,11000,overture (meta),overture:8f9014b2-65ce-48cf-a1d1-072ee51fdd81
https://wongn.ai/21xMXM,own site,Our Coffeebar,,Mueang Nonthaburi District,Cafe,no,Low,1,Local,English/Latin-script name,support@lmwn.com,1,+66815054566,ท่าทราย 10 ซ.ทานสัมฤทธิ์21/1 ต.ท่าทราย อ.เมือง,11000,overture (meta),overture:b4d8a81a-2fd8-46ba-9e3c-ffd7ced79e56
https://lin.ee/3L3jCTM,own site,Plieu,,Mueang Nonthaburi District,Cafe,no,Low,1,,English/Latin-script name,plieucafe@gmail.com,1,+66818534055,335 13 ถ. นนทบุรี,11000,overture (meta),overture:94935068-665a-4faf-8f33-3c7c6b5ae677
http://www.rabikacoffee.com/index.php,own site,Rabika Suanyai,,Mueang Nonthaburi District,Cafe,no,Low,1,Local,English/Latin-script name,v.skulchan@gmail.com,1,+66955614555,สวนใหญ่ ถนนพิบูลสงคราม ในปั้มเอสโซ่,11000,overture (meta),overture:edc17551-4bf3-4b81-8ec2-d382affd4a45
https://wongn.ai/21i8Pj,own site,Ramen raider,,Mueang Nonthaburi District,Asian; Japanese,no,Low,1,Local,English/Latin-script name,ramenrider.bkk@gmail.com,1,+66909910888,98 135 Soi Mu Ban Rim Suan,11000,overture (meta),overture:4af77f1e-1dbc-449c-9d91-4924a20312f4
https://lin.ee/aqOAQ5U,own site,Root Lonely,,Mueang Nonthaburi District,Cafe,no,Low,1,,English/Latin-script name,rootlonely.th@gmail.com,1,+66934560606,47/60,11000,overture (meta),overture:5f539f7f-173f-4994-ab41-dedc9593b8f0
https://www.trustmarkthai.com/callbackData/popup.php?data=ad2-31-5-0caf2c31832be71ef6e375c3e55064297ea90962c3,own site,Salid_KhunYai,,Mueang Nonthaburi District,Restaurant,no,Low,1,,English/Latin-script name,tomeeo22@gmail.com,2,+66924695493,35 ถนน ติวานนท์,11000,overture (meta),overture:4b6fcde4-79e4-4a39-8562-fa50900d2d2a
http://www.sweetpoppy.co.th/,own site,Sweet Poppy,,Mueang Nonthaburi District,Restaurant,no,Low,1,,English/Latin-script name,,1,+6620055206,,,openstreetmap,https://www.openstreetmap.org/node/6385398893
https://www.glo.or.th/,own site,Thai Lotto Result,,Mueang Nonthaburi District,Asian; Thai,no,Low,1,,English/Latin-script name,,1,+917780569356,ถนน สนามบินน้ำ,11000,overture (meta),overture:223dea7c-eaa9-4bde-89e1-a2c813fd89bd
http://www.thaiselect.com/,own site,Thai SELECT,,Mueang Nonthaburi District,Asian; Thai,no,Low,1,Local,English/Latin-script name,thaiselect.ditp@gmail.com,1,,563,11000,overture (meta),overture:10d2c396-74e0-4a64-ae06-d6bb687e5ba1
http://www.instragram.com/therichcup,own site,The Rich Cup,,Mueang Nonthaburi District,Cafe,no,Low,1,,English/Latin-script name,,1,+66631928836,43/3 เลียบคลองสอง 19,10510,overture (meta),overture:772bb413-be67-4db4-bb60-493c782ce389
https://timhortons.co.th/store/the-mall-ngamwongwan/,own site,Tim Hortons (The Mall Lifestore Ngamwongwan),,Mueang Nonthaburi District,Cafe,no,Low,1,,English/Latin-script name,,1,+66659787745,"G floor The Mall Lifestore, 30/39-50 Ngamwongwan Rd",10210,overture (meta),overture:f3870cc9-34b5-4087-8603-98c12cbe6159
http://line.me/ti/p/PTuOtIhWI5,own site,zumo crepe thai,,Mueang Nonthaburi District,Restaurant,no,Low,1,,English/Latin-script name,zumo_crepe@hotmail.co.th,1,+66804414164,40 79,11000,overture (meta),overture:d7988a0b-2229-436c-a48a-89b9130788ed
https://lin.ee/5vODZfl,own site,13 Meet up cafe and hostel (พิบูลสงคราม22),13 Meet up cafe and hostel (พิบูลสงคราม22),Mueang Nonthaburi District,Cafe,no,Low,0,,,meetupcafeandhostel@gmail.com,1,+66925916296,13 Soi Pibulsongkram 22 Yeak 11,11000,overture (meta),overture:b2aa7351-1fcb-47f9-ae2b-14d1f55ef004
https://thailand.worldplaces.me/review/102774879-ep-2.html,own site,Bovy สนามบินน้ำ,Bovy สนามบินน้ำ,Mueang Nonthaburi District,Restaurant,no,Low,0,,,,1,+66641056184,โบวี่สนามบินน้ำ  ถ.นนทบุรี ,11000,overture (meta),overture:5275f353-6af0-487b-a20b-866ae0021d04
https://lin.ee/xbvfwEz,own site,Cpfm สามัคคี,Cpfm สามัคคี,Mueang Nonthaburi District,Cafe,no,Low,0,,,,1,+66839890104,612 ถ. สามัคคี ท่าทราย อำเภอเมืองนนทบุรี นนทบุรี 11120 ประเทศไทย,,overture (meta),overture:636e0eb7-5dba-44d2-bc51-c6211ab0536e
https://www.wongnai.com/r/549535kR,own site,Crepes A Day -  เครปอะเดย์,Crepes A Day -  เครปอะเดย์,Mueang Nonthaburi District,Ice cream,no,Low,0,Local,,rangnarak@icloud.com,1,+66813463468,4/38 ถนน สามัคคี,11120,overture (meta),overture:9118a776-5952-4f87-b880-885ad55b5e10
https://www.himookrata.com/,own site,Hi หมูกระทะ,Hi หมูกระทะ,Mueang Nonthaburi District,Restaurant,no,Low,0,Local,,hi151mookrata@gmail.com,1,+66965364955,เดอะ การ์เด้น ราชพฤกษ์ เลขที่ 123,11000,overture (meta),overture:5fffa8b9-2bd3-40bc-b7c1-ed2c6bd52b5c
https://homhuan.com/home/index.php,"own site (found by name, name + city verified)",Homhuan - หอมหวน,Homhuan - หอมหวน,Mueang Nonthaburi District,Cafe,no,Low,0,Local,,info@homhuan.com,1,+66813553235,Soi Rattanathibet 22,11000,overture (meta),overture:a3d8278c-ddf8-4dd5-ae63-37af283f1912
https://www.openlink.co/maojaadcafe,own site,Maojaad เมาจ้าดดด ข้าวหน้าเนื้อวากิว นนทบุรี,Maojaad เมาจ้าดดด ข้าวหน้าเนื้อวากิว นนทบุรี,Mueang Nonthaburi District,Cafe,no,Low,0,Local,,tellme@maojaad.com,1,+66651924635,,,overture (meta),overture:acf77d12-40a6-42ac-b028-b6d9921a7d12
http://www.marleerice.com/,own site,Marleerice Kitchen มาร์รีไรซ์ คิชเช่น,Marleerice Kitchen มาร์รีไรซ์ คิชเช่น,Mueang Nonthaburi District,Asian,no,Low,0,,,marleerice2436@gmail.com,1,+66624469892,"Front of Soi Rattanathibate 40, Bangkrasor, Muang, Nonthaburi 11000 Thailand",11000,overture (meta),overture:a8f2de57-8097-4dc2-a999-dde27b64837e
https://wongn.ai/21KXfT,own site,Organic Cafe ออร์แกนิคคาเฟ่ นนทบุรี,Organic Cafe ออร์แกนิคคาเฟ่ นนทบุรี,Mueang Nonthaburi District,Cafe,no,Low,0,Local,,organic.cafe.surat@gmail.com,1,+66869009906,84/73 ม.3 หมู่บ้านอุบลชาติ1 ซอย10 ถ.รัตนาธิเบศร์ ต.บางรักน้อย,11000,overture (meta),overture:fff25f36-874d-4bb5-8969-dcbd1025e66f
https://line.me/ti/p/_neTzZGbZ5,own site,POPZA ร้านน้ำอัดลมโบราณ -JJGreen2,POPZA ร้านน้ำอัดลมโบราณ -JJGreen2,Mueang Nonthaburi District,Restaurant,no,Low,0,,,biiez_bd@hotmail.com,1,+66830356309,10 ประชาชื่น,11000,overture (meta),overture:40ea77a0-462d-42d7-a96c-817baaaffdd5
https://lin.ee/uYm6tDrI,own site,Slipover Coffee (ร้านกาเเฟสลิปโอเวอร์) ประชานิเวศน์ 3,Slipover Coffee (ร้านกาเเฟสลิปโอเวอร์) ประชานิเวศน์ 3,Mueang Nonthaburi District,Cafe,no,Low,0,,,slipover.coffee@gmail.com,1,+66844695394,"โครงการตลาด, ประชานิเวศน์ ๓",11000,overture (meta),overture:61886638-4a7a-4f60-98e1-fda1d2528401
http://www.dentalcouncil.or.th/,own site,Thai Dental Council - ทันตแพทยสภา,Thai Dental Council - ทันตแพทยสภา,Mueang Nonthaburi District,Asian; Thai,no,Low,0,,,dent11@dentalcouncil.or.th,1,,,,overture (meta),overture:19650169-9453-436e-a6fa-1bbc7eecfc2c
https://www.tot.co.th/,own site,Tot นนทบุรี,Tot นนทบุรี,Mueang Nonthaburi District,Bar,no,Low,0,,,,3,,Pracha Rat,11000,overture (meta),overture:620a69c8-2ed1-4bce-8ba8-61ec190179ae
https://www.ryoiireview.com/article/kuayjap-8-ryoii/,own site,กะ-ดึก เตี๋ยวไก่ตุ๋น,กะ-ดึก เตี๋ยวไก่ตุ๋น,Mueang Nonthaburi District,Restaurant,no,Low,0,Local,,anurak.tmc@gmail.com,1,+66947728294,328,11100,overture (meta),overture:408ca332-5ca7-49d5-8b04-0e6b67b3cdbf
https://line.me/ti/p/FeDZ4DoUNm,own site,กะบับไก่ชีสมัยลาภ,กะบับไก่ชีสมัยลาภ,Mueang Nonthaburi District,Restaurant,no,Low,0,,,sutika1999love@gmail.com,1,+66993575283,370 ถ. สามัคคี ท่าทราย อำเภอเมืองนนทบุรี,11120,overture (meta),overture:ddaa7e6d-8b67-43c3-b3f4-7e5f26d9bba0
https://wongn.ai/21dWhp,own site,กะเพราโอชา,กะเพราโอชา,Mueang Nonthaburi District,Restaurant,no,Low,0,Local,,kaprao.ocha@gmail.com,1,+66828539781,"60, 61 หมู่ที่ 5 Tesaban Bangsrimuang Rd",11000,overture (meta),overture:7d4af4ce-36ad-4dd7-bc2a-b52720ed7684
https://wongn.ai/6j4fv,own site,ก้อยย่าง Bunker (ส้มตำ-ลาบ-ก้อย-จุ่มแซ่บ-อาหารไทย-อาหารอีสาน-อาหารตามสั่ง),ก้อยย่าง Bunker (ส้มตำ-ลาบ-ก้อย-จุ่มแซ่บ-อาหารไทย-อาหารอีสาน-อาหารตามสั่ง),Mueang Nonthaburi District,Asian; Thai,no,Low,0,,,,1,+66957676222,31 Tiwanon 24 Alley,11000,overture (meta),overture:c99ff399-e828-4c70-85bb-15fc319675c4
http://board.palungjit.org/f76/ก๋วยเตี๋ยวต้มยำโบราณ-แซ่บ-ไม่ต้องปรุง-132584.html,own site,ก๋วยเตี๋ยวต้มยำโบราณ,ก๋วยเตี๋ยวต้มยำโบราณ,Mueang Nonthaburi District,Asian; Japanese,no,Low,0,,,somsri_29@hotmail.com,1,+66824432050,Nakhon In Frontage Rd,11000,overture (meta),overture:dd886b4c-5619-44dc-a38b-7a00301c8c30
https://www.wongnai.com/delivery/businesses/566080iN/order?channel=rms&pid=Wongnai&ref=share_rms,own site,ข้าวซอยเจ๊แก้ม,ข้าวซอยเจ๊แก้ม,Mueang Nonthaburi District,Restaurant,no,Low,0,,,khaosoijgam@gmail.com,1,+66982714898,21/2 ซอย งามวงศ์วาน 31,11000,overture (meta),overture:10a132fe-3fb4-4c38-8e1e-a0221284b996
http://wongnai.com/chains/kao-mhok-kai-siam-2538,own site,ข้าวหมกไก่สยาม,ข้าวหมกไก่สยาม,Mueang Nonthaburi District,Restaurant,no,Low,0,Local,,mokkaisiam1@gmail.com,1,+66847114711,4 ถนน สนามบินน้ํา,11000,overture (meta),overture:e4f7c453-23fb-4e30-bae7-2722fbf9a55e
https://lin.ee/L76SFBo,own site,ข้าวแกงบ้านลุงป๊อก,ข้าวแกงบ้านลุงป๊อก,Mueang Nonthaburi District,Restaurant,no,Low,0,,,baanlungpok@gmail.com,1,+66863224223,67 ถนน ประชานิเวศน์ ๓,11000,overture (meta),overture:28687949-d8b2-4b3f-bef7-8ab09a24a60e
http://www.kathamodakladoo.com/,own site,คฑาโมทกะลาดู ร้านขนมบูชาพระพิฆเนศ,คฑาโมทกะลาดู ร้านขนมบูชาพระพิฆเนศ,Mueang Nonthaburi District,Cafe,no,Low,0,,,kathamodakladoo@gmail.com,1,+66959504119,51 ถนน สามัคคี,11000,overture (meta),overture:9005eb0e-63ed-41d2-b03e-7e246e311bb5
http://www.kruakhunein.com/,own site,ครัวคุณอิ้น สาขา สนามบินน้ำ,ครัวคุณอิ้น สาขา สนามบินน้ำ,Mueang Nonthaburi District,Asian; Thai,no,Low,0,,,jakkrawan.aiam@gmail.com,1,+66832326249,Sanam Bin Nam Rd,11000,overture (meta),overture:178e43f9-d91f-4c49-a046-ff5b4f9113fd
https://www.wongnai.com/restaurants/611189aV-%E0%B8%84%E0%B8%A3%E0%B8%B1%E0%B8%A7-%E0%B8%88%E0%B9%89%E0%B8%B2%E0%B8%A7%E0%B8%82%E0%B8%A7%E0%B8%B1%E0%B8%8D,own site,ครัวจ้าวขวัญ,ครัวจ้าวขวัญ,Mueang Nonthaburi District,Restaurant,no,Low,0,Local,,ayt.atitaya@gmail.com,1,+66967807787,87 นนทบุรี 1,11000,overture (meta),overture:68605f4f-9251-4801-b4b1-bab001c4c72d
https://wongn.ai/2m7v,own site,ครัวซาปรอย,ครัวซาปรอย,Mueang Nonthaburi District,Restaurant,no,Low,0,,,kruasraproy@gmail.com,1,+66891249705,เลขที่6 (40/518 Pracha Niwet 3 Soi 10,11000,overture (meta),overture:c2b7774f-3b31-4b98-877b-c3406e55c5da
https://line.me/ti/p/JCH60MbH_E,own site,ครัวทัพพี หมูหมักต้นตำหรับ กระเพราหมูหมัก รับทำข้าวกล่อง หลากหลายเมนู,ครัวทัพพี หมูหมักต้นตำหรับ กระเพราหมูหมัก รับทำข้าวกล่อง หลากหลายเมนู,Mueang Nonthaburi District,Restaurant,no,Low,0,,,bow_b_o_w2555@hotmail.com,1,+66997579184,21 ถนน รัตนาธิเบศร์,11000,overture (meta),overture:42b30c08-a38d-4a3e-a6b7-c873b6d83198
https://wongn.ai/ocnj0,own site,ครัวน้องจันทร์,ครัวน้องจันทร์,Mueang Nonthaburi District,Restaurant,no,Low,0,Local,,pink253823@gmail.com,1,+66983619164,,,overture (meta),overture:1ab9eaf0-c4e1-4ac1-8e32-ae59f7de2864
http://www.bussababangkok.com/,own site,ครัวบ้านๆ,ครัวบ้านๆ,Mueang Nonthaburi District,Cafe,no,Low,0,Local,,,1,+66814946926,3/7 ซ.นนทบุรี48 ต.ท่าทราย ถ.สนามบินน้ำ จ.นนทบุรี,11000,overture (meta),overture:de5a54a2-430f-4de7-a93a-64b957e22349
https://www.wongnai.com/restaurants/10025qD,own site,ครัวรสใต้ รัตนาธิเบศร์,ครัวรสใต้ รัตนาธิเบศร์,Mueang Nonthaburi District,Asian; Thai,no,Low,0,Local,,aunbangpo555@gmail.com,1,+66814427411,2 หมู่8 Rattanathibech 17 Alley,11000,overture (meta),overture:65647f3a-d17c-4087-98f7-4bff9b6c313e
http://www.looknam.com/,own site,ครัวลูกน้ำ,ครัวลูกน้ำ,Mueang Nonthaburi District,Restaurant,no,Low,0,,,jetsitanam@gmail.com,1,+66627675733,285/88,11000,overture (meta),overture:38682d8d-def1-41fa-be80-36531190c10c
https://timeline.line.me/post/_dRECjyG6_XnYzTXOsektvnPN3a1BZ8wQHJi9PHU/1150176167309044369,own site,ครัวแล้วแต่สั่ง,ครัวแล้วแต่สั่ง,Mueang Nonthaburi District,Seafood,no,Low,0,,,mayrin2727@hotmail.com,1,+66916971113,11 หมู่บ้าน อัญชลี,11000,overture (meta),overture:b034b906-ce33-4316-b3ac-f9e68b556200
https://wongn.ai/227tQC,own site,คำเส้นคำหวาน,คำเส้นคำหวาน,Mueang Nonthaburi District,Bakery,no,Low,0,Local,,support@lmwn.com,1,+66830162991,58 ถนน สามัคคี,11000,overture (meta),overture:46fe8fef-f8a2-429e-bc5a-c29f26882f0d
https://www.wongnai.com/restaurants/261533Lb-จิ้มจุ่มไฟชมพู,own site,จิ้มจุ่ม ไฟชมพู,จิ้มจุ่ม ไฟชมพู,Mueang Nonthaburi District,Asian; Chinese,no,Low,0,,,,1,+66895334242,ถ. นนทบุรี,11000,overture (meta),overture:ac4e3c75-0c0d-433e-948d-b29f39c4be96
https://wongn.ai/wylx1,own site,ชานมไข่มุก Hopchafe -บางกร่าง51,ชานมไข่มุก Hopchafe -บางกร่าง51,Mueang Nonthaburi District,Restaurant,no,Low,0,Local,,support@lmwn.com,1,+66992127898,,,overture (meta),overture:d83c7b1b-126b-4a35-a982-ee9ef0afc851
https://line.me/ti/p/XOYmKL7uZa,own site,ชาบู ชาบู นางใน,ชาบู ชาบู นางใน,Mueang Nonthaburi District,Asian; Japanese,no,Low,0,,,,1,+66981414149,99/127,11000,overture (meta),overture:e5538c74-dc8a-4891-9146-794766395d4b
http://m.me/tanglakseafood​,own site,ตั้งหลักอาหารทะเล,ตั้งหลักอาหารทะเล,Mueang Nonthaburi District,Seafood,no,Low,0,,,,1,+66637235813,,,overture (meta),overture:23a634b6-0714-40d2-9ef4-0946f7665382
https://line.me/R/ti/p/%40tni4178l,own site,ตี๋ตี้ บะหมี่โดนใจ,ตี๋ตี้ บะหมี่โดนใจ,Mueang Nonthaburi District,Asian; Japanese,no,Low,0,,,,1,+66616561636,ตี๋ตี้บะหมี่โดนใจ,,overture (meta),overture:dfdfa2a4-dc42-4d12-b975-614dc8a022d8
http://shopee.co.th/nailee.noodlessss,own site,นายลี้เชลล์ชวนชิม,นายลี้เชลล์ชวนชิม,Mueang Nonthaburi District,Restaurant,no,Low,0,Local,,nailee.noodle@gmail.com,1,+66948093298,"23, 53 Bangsrimuang - Watbot",11000,overture (meta),overture:3f282ab2-de41-4a47-a5eb-51c3c97a08ef
https://www.wongnai.com/restaurants/184558XD-%E0%B8%A3%E0%B9%89%E0%B8%B2%E0%B8%99%E0%B8%99%E0%B8%B2%E0%B8%A2%E0%B8%AE%E0%B8%A7%E0%B8%81%E0%B8%95%E0%B9%89%E0%B8%A1%E0%B9%80%E0%B8%A5%E0%B8%B7%E0%B8%AD%E0%B8%94%E0%B8%AB%E0%B8%A1%E0%B8%B9,own site,นายฮวกต้มเลือดหมู,นายฮวกต้มเลือดหมู,Mueang Nonthaburi District,Restaurant,no,Low,0,Local,,rangnarak@icloud.com,1,+66971680931,ประชานิเวศน์ 3,11000,overture (meta),overture:8102c91b-7fa9-4a50-b7e6-afaf282f5017
https://shopee.co.th/universal-link/now-food/shop/10143578?deep_and_deferred=1&shareChannel=copy_link,own site,น้ำลายสอ ซ.เรวดี,น้ำลายสอ ซ.เรวดี,Mueang Nonthaburi District,Restaurant,no,Low,0,Local,,,1,+66853444555,411-421,11000,overture (meta),overture:53a04ccf-d3cc-4009-b36e-c8913c9a960d
https://www.thaienger.com,own site,บ.ไทยอิงเกอร์,บ.ไทยอิงเกอร์,Mueang Nonthaburi District,Asian; Thai,no,Low,0,Local,,info@thaienger.com,1,,,,overture (meta),overture:bc16d984-0f2e-42e5-a34b-9a7ed18d8daa
http://cacao-cocoathailand.com/,own site,บมจ.คาเคาโอ้-โกโก้,บมจ.คาเคาโอ้-โกโก้,Mueang Nonthaburi District,Restaurant,no,Low,0,,,cacaoococoa@gmail.com,1,+66946156944,101 ราชพฤกษ์,11000,overture (meta),overture:40267dd3-a71b-46cb-bdb0-0c281fa7e8e0
https://www.nlcoffee.com,own site,บริษัทเอ็นแอลคอฟฟี่ - นนทบุรี,บริษัทเอ็นแอลคอฟฟี่ - นนทบุรี,Mueang Nonthaburi District,Cafe,no,Low,0,,,,1,,59 ซอย กรุงเทพนนท์ 7,11000,overture (meta),overture:e6ed2516-1228-4eb7-b560-2665a1e84b12
https://www.wongnai.com/r/249712ow,own site,บังแอไก่ทอดหาดใหญ่,บังแอไก่ทอดหาดใหญ่,Mueang Nonthaburi District,Restaurant,no,Low,0,Local,,bungairfriedchicken@gmail.com,1,+66899894870,99/1 หมู่.2  ต.ไทรม้า ,11000,overture (meta),overture:25e90b79-502d-413b-a158-031f5d8ed370
https://www.wongnai.com/restaurants/2398457HF-%E0%B8%9A%E0%B9%89%E0%B8%B2%E0%B8%99%E0%B8%AB%E0%B8%A1%E0%B8%B9%E0%B8%81%E0%B8%A3%E0%B8%AD%E0%B8%9A-the-bestbar-no-57,own site,บูสท์อัพคาเฟ่ เรวดี60 โดย บ้านหมูกรอบ the BEST BAR No.57,บูสท์อัพคาเฟ่ เรวดี60 โดย บ้านหมูกรอบ the BEST BAR No.57,Mueang Nonthaburi District,Restaurant,no,Low,0,Local,,sittipong.mmm@gmail.com,1,+66819101150,65 ซอย เลี่ยงเมืองนนทบุรี 3 แยก 2,11000,overture (meta),overture:e9a3230a-5948-4e14-9bfe-e06fc906a175
https://www.baanbangkok.com/,"own site (found by name, postcode verified)",บ้านบางกอก Baan Bangkok - ราชพฤกษ์,บ้านบางกอก Baan Bangkok - ราชพฤกษ์,Mueang Nonthaburi District,Restaurant,no,Low,0,Local,,baanbkk8@gmail.com,1,+66654942691,ถนนราชพฤกษ์,11130,overture (meta),overture:e5334343-6d9b-4718-a85a-b8e00a3297ac
https://lin.ee/jD6AyjY,own site,บ้านเมี่ยง&ยำแซ่บ บางศรีเมือง,บ้านเมี่ยง&ยำแซ่บ บางศรีเมือง,Mueang Nonthaburi District,Restaurant,no,Low,0,,,,1,+66928014026,"บางศรีเมือง 38, บางศรีเมือง, นนทบุรี 11000, ประเทศไทย",11000,overture (meta),overture:e31199b9-8aac-4560-947a-0b1f35275292
http://www.wongnai.com/restaurants/1182087QX,own site,ปลาหมึกย่างเยาวราช by พลอย ข้างกระทรวงพาณิชย์,ปลาหมึกย่างเยาวราช by พลอย ข้างกระทรวงพาณิชย์,Mueang Nonthaburi District,Restaurant,no,Low,0,Local,,arinishappy@gmail.com,1,+66950070188,20 ถนน สนามบินน้ํา,11000,overture (meta),overture:45dfdad3-9a2e-4df5-bcff-2d24ffd3aa9b
http://wongn.ai/21pH7d,own site,ปังนัว คาเฟ่,ปังนัว คาเฟ่,Mueang Nonthaburi District,Cafe,no,Low,0,Local,,support@lmwn.com,1,+66917168928,เลขที่ 7 Soi Prachachuennonthaburi 8,11000,overture (meta),overture:aea72f0e-f6f2-4793-a768-7990b67e370c
https://www.wongnai.com/r/487345Wh?ref=android,own site,ปิ้งย่างหม่าล่า ซอยศิริชัย,ปิ้งย่างหม่าล่า ซอยศิริชัย,Mueang Nonthaburi District,Restaurant,no,Low,0,Local,,fonza26459@gmail.com,1,+66958657979,12/5 ถนน กรุงเทพฯ-นนทบุรี,11000,overture (meta),overture:641f67f0-625c-438e-b4db-5da565c1888a
https://wongn.ai/tjr05,own site,ปูนาซี๊ดซ๊าดด,ปูนาซี๊ดซ๊าดด,Mueang Nonthaburi District,Restaurant,no,Low,0,Local,,support@lmwn.com,1,+66800908510,ซอย สามัคคี 1 ท่าทราย นนทบุรี,11000,overture (meta),overture:29f34566-bed8-4973-b714-c4d9289417eb
https://wongn.ai/21jYD5,own site,พลอยอาหารตามสั่ง,พลอยอาหารตามสั่ง,Mueang Nonthaburi District,Restaurant,no,Low,0,Local,,rankaneang@gmail.com,1,+66983741933,ประชานิเวศน์ 3,11000,overture (meta),overture:a012404a-fce8-4fd8-a598-0e0495727f83
https://pf-foods1993.com/,own site,พี.เอฟ.โฟรเซ่นฟู้ดส์ สาขากรุงเทพ-นนท์ อาหารทะเลแช่แข็ง อาหารทะเลสด ห้องเย็น,พี.เอฟ.โฟรเซ่นฟู้ดส์ สาขากรุงเทพ-นนท์ อาหารทะเลแช่แข็ง อาหารทะเลสด ห้องเย็น,Mueang Nonthaburi District,Seafood,no,Low,0,Local,,pfbkk.ntr@gmail.com,1,+66636288797,71 หมู่ 7 ถ.บางกรวย-ไทรน้อย ต.บางกรวย อ.บางกรวย,11130,overture (meta),overture:7de0c5db-dae3-4079-8a4f-b1c6b95dcb32
https://www.wongnai.com/restaurants/moomsookstation,own site,ภาวี ครัวข้างบ้าน นนทบุรี - รสมือเชฟ 30 ปี,ภาวี ครัวข้างบ้าน นนทบุรี - รสมือเชฟ 30 ปี,Mueang Nonthaburi District,Asian; Thai,no,Low,0,Local,,kamoonty@gmail.com,1,+66890713093,8 ซอย ทานสัมฤทธิ์ 12,11000,overture (meta),overture:ef8886c0-4e25-4a22-8f9e-41ab85b60c16
https://wongn.ai/7zimj,own site,มาราชา ชานมไข่มุกท่าน้ำนนทบุรี,มาราชา ชานมไข่มุกท่าน้ำนนทบุรี,Mueang Nonthaburi District,Restaurant,no,Low,0,Local,,support@lmwn.com,1,+66658891333,78 140 Sripornsawan,11000,overture (meta),overture:5cd449da-0693-4a9f-bb96-21789d190535
https://openlink.co/mee_khwam_sook,own site,มีความสุข สาขากระทรวงสาธารณสุข MEE-KHWAM-SOOK Ministry of Public Health,มีความสุข สาขากระทรวงสาธารณสุข MEE-KHWAM-SOOK Ministry of Public Health,Mueang Nonthaburi District,Restaurant,no,Low,0,Local,,,1,+66922546644,60/4 Daongmane,11000,overture (meta),overture:b0d67260-2457-4d76-9c38-35742ad19fce
http://www.csr8855.com/,own site,รับจด อย. ขอ อย. รับขึ้นทะเบียนผู้ประกอบการ,รับจด อย. ขอ อย. รับขึ้นทะเบียนผู้ประกอบการ,Mueang Nonthaburi District,Restaurant,no,Low,0,,,info@csr8855.com,1,+66951128855,งามวงค์วาน 2,11000,overture (meta),overture:4a620a16-c695-4773-8702-d791fdce1d05
https://wongn.ai/qd7n0,own site,ราดหน้ากระทะเหล็ก,ราดหน้ากระทะเหล็ก,Mueang Nonthaburi District,Asian; Chinese,no,Low,0,Local,,support@lmwn.com,1,+66897895080,"Nonthaburi, Mueang Nonthaburi District",11000,overture (meta),overture:d8293b06-6230-4420-bd16-144cb1d37607
https://share.google/gk2LGbXBBtAndsm9m,own site,ราดหน้าฟาไฉ สาขาสนามบินน้ำ,ราดหน้าฟาไฉ สาขาสนามบินน้ำ,Mueang Nonthaburi District,Restaurant,no,Low,0,,,facial.sbn99@gmail.com,1,+66922719653,8 ซอย เลี่ยงเมืองนนทบุรี 10,11000,overture (meta),overture:c73915bb-85b5-4bcf-99c6-40108dce1a85
http://www.salapaoaroi.com/,own site,ร้าน ซาลาเปาทับเที่ยง,ร้าน ซาลาเปาทับเที่ยง,Mueang Nonthaburi District,Restaurant,no,Low,0,,,ittikorn9982@gmail.com,1,+66823454748,หมู่ 8 115 ซอย 26,11000,overture (meta),overture:1d478c40-b0ee-4aeb-93ca-eff471ff6130
https://www.wongnai.com/r/817547wq,own site,ร้านกะเพราปากจัด,ร้านกะเพราปากจัด,Mueang Nonthaburi District,Takeaway,no,Low,0,Local,,mdladawan@gmail.com,1,+66922876213,40 2651 Pracha Niwet 3 Soi 10/4,11000,overture (meta),overture:ef7bdc11-2a6c-4292-926e-26c6dd5d11ca
https://lin.ee/l8e9E4p,own site,ร้านก๋วยเตี๋ยวดู๋ดี๋ ตึกน้ำ ไทรม้า,ร้านก๋วยเตี๋ยวดู๋ดี๋ ตึกน้ำ ไทรม้า,Mueang Nonthaburi District,Asian; Thai,no,Low,0,,,kt.sutthawaralak@gmail.com,1,+66829566692,"แมเนอร์ อเวนิว สนามบินน้ำ, 559/1 ถนนสนามบินน้ำ",11000,overture (meta),overture:ff54902e-68c9-4e21-8376-211e8d79d8e8
http://www.bangkokbank.com/,own site,ร้านก๋วยเตี๋ยวตำลึงกรอบ,ร้านก๋วยเตี๋ยวตำลึงกรอบ,Mueang Nonthaburi District,Asian; Thai,no,Low,0,,,,3,,ถนน ประชาราษฎร์,11000,overture (meta),overture:25af339f-e7bd-4aee-84dd-1ae937a4debf
https://wongn.ai/gbfon,own site,ร้านก๋วยเตี๋ยวเรือหัวเรือ,ร้านก๋วยเตี๋ยวเรือหัวเรือ,Mueang Nonthaburi District,Asian; Japanese,no,Low,0,,,kanita.m@hotmail.com,1,+66804537252,Soi Ban Sai Ma,11000,overture (meta),overture:756c1707-4b87-4793-94d0-235a1613b858
https://wongn.ai/pwe3j,own site,ร้านข้าวแกงแม่ปราณี 4 ภาค,ร้านข้าวแกงแม่ปราณี 4 ภาค,Mueang Nonthaburi District,Asian; Thai,no,Low,0,,,teetouchnaja@gmail.com,1,+66860608508,29/2 ถนน บางกรวย-ไทรน้อย,11000,overture (meta),overture:d2cd4610-28d6-4a69-b9d6-9fa89a17727d
http://line.me/ti/p/~sundia-dia,own site,ร้านนิมัย ถนนสามัคคี,ร้านนิมัย ถนนสามัคคี,Mueang Nonthaburi District,Halal,no,Low,0,,,sundia-dia@hotmail.com,1,+66802567998,Samakkhi Rd,11000,overture (meta),overture:deccd9f3-38b2-4d36-b15b-8e279b2ca38e
https://s.shopee.co.th/qZwGIL9gw,own site,ร้านบ้านสุนารี,ร้านบ้านสุนารี,Mueang Nonthaburi District,Asian; Thai,no,Low,0,Local,,,1,+66659038266,Saima Soi 11,11000,overture (meta),overture:941fdc12-1e80-471f-be45-35ed9ccf43f4
https://wongn.ai/d652p,own site,ร้านป้าคิ้นข้าวแกงใต้ขนมจีน,ร้านป้าคิ้นข้าวแกงใต้ขนมจีน,Mueang Nonthaburi District,Restaurant,no,Low,0,,,,1,+66987382064,,,overture (meta),overture:3ca9634a-71a9-4b67-b54b-e421220b7c11
https://www.wongnai.com/restaurants/481369SU-ร้านป้าทัศอาหารตามสั่ง-ซ-ศรีพรสวรรค์,own site,ร้านป้าทัศอาหารตามสั่ง,ร้านป้าทัศอาหารตามสั่ง,Mueang Nonthaburi District,Restaurant,no,Low,0,,,,1,+66843230047,196 13 หมู่ 2 ซอย ศรีพรสวรรค์,11000,overture (meta),overture:e7dae503-df3d-4fff-ae35-cd2a35af6e32
http://www.Mr-stainless.net/,own site,ร้านมิสเตอร์สแตนเลส,ร้านมิสเตอร์สแตนเลส,Mueang Nonthaburi District,Restaurant,no,Low,0,,,mr.stainless@hotmail.com,1,+66858421045,29/1 ถนน นครอินทร์,11000,overture (meta),overture:a0eb0b88-75fc-49a2-b144-710ed5297ff9
https://www.wongnai.com/r/360281vi,own site,ร้านอาหาร ใบตอง-ใบเตย,ร้านอาหาร ใบตอง-ใบเตย,Mueang Nonthaburi District,Asian; Thai,no,Low,0,Local,,oppabangkruai@gmail.com,1,+66818533687,19 ซอย ประชาราษฎร์ 5,11000,overture (meta),overture:5389a308-f3bc-437b-aa01-39c26f3b5d89
https://www.wongnai.com/restaurants/310758gE-%E0%B8%AD%E0%B9%89%E0%B8%A7%E0%B8%99%E0%B8%9A%E0%B8%B0%E0%B8%81%E0%B8%B8%E0%B8%94%E0%B9%80%E0%B8%95%E0%B9%8B-%E0%B8%A3%E0%B8%B2%E0%B8%8A%E0%B8%9E%E0%B8%A4%E0%B8%81%E0%B8%A9%E0%B9%8C,own site,ร้านอ้วนบะกุ๊ดเต๋ สาขาราชพฤกษ์-รัตนาธิเบศร์,ร้านอ้วนบะกุ๊ดเต๋ สาขาราชพฤกษ์-รัตนาธิเบศร์,Mueang Nonthaburi District,Asian; Chinese,no,Low,0,Local,,oppabangkruai@gmail.com,1,+66839749596,101/2 ราชพฤกษ์,11000,overture (meta),overture:dd0aa0f2-4abe-4191-a710-288534365842
https://wongn.ai/5sce,own site,ร้านแซ่บกลางซอย,ร้านแซ่บกลางซอย,Mueang Nonthaburi District,Restaurant,no,Low,0,,,,1,+66867338000,,,overture (meta),overture:3b8d1b28-ad2c-4fb5-b841-13f863739b47
https://www.thaprachan.com/โอ๋พระรามห้า,own site,ร้านโอ๋พระรามห้า,ร้านโอ๋พระรามห้า,Mueang Nonthaburi District,Restaurant,no,Low,0,,,icerama2@icloud.com,1,+66816665566,งามวงศ์วาน,11000,overture (meta),overture:ae555562-d79c-4367-a1e0-0b86ceb79ce6
https://wongn.ai/21JuHT,own site,ลาบยโส ซอย8 หน้าม.ธุระกิจบัณฑิตย์,ลาบยโส ซอย8 หน้าม.ธุระกิจบัณฑิตย์,Mueang Nonthaburi District,Restaurant,no,Low,0,Local,,support@lmwn.com,1,+66641492714,หน้า ม.ธุระกิจบัณทิตย์ ซอย8,11000,overture (meta),overture:62cf9063-7540-419d-892b-c716923fa7d5
https://lin.ee/nzTYjQxK,own site,ลุงสายบะหมี่เกี๊ยวป๊อกป๊อก,ลุงสายบะหมี่เกี๊ยวป๊อกป๊อก,Mueang Nonthaburi District,Restaurant,no,Low,0,,,,1,+66827938151,เช้าขาย : ซอยงามวงศ์วาน 9 (ซอยแว่นตา) เย็นขาย : ออนไลด์,11000,overture (meta),overture:ea3d0dc7-54fb-41f0-aec9-7bd6c0b45307
https://lin.ee/caeZvV1,own site,สวน E เด่น,สวน E เด่น,Mueang Nonthaburi District,Asian; Thai,no,Low,0,,,,1,+66652121999,"89, 9",11000,overture (meta),overture:448b3763-3d14-4e84-8f96-26d4212d3bf8
https://wongn.ai/7noy,own site,หมีผัดเพรา,หมีผัดเพรา,Mueang Nonthaburi District,Restaurant,no,Low,0,,,monster50182@gmail.com,1,+66979198939,26 Soi Mu Ban Tha Sai Niwet 1,11000,overture (meta),overture:412796e0-1c7f-4c51-ad5d-071cb0ae457a
https://www.wongnai.com/r/182862nn,own site,หมูกรอบมาริษา READY to COOK,หมูกรอบมาริษา READY to COOK,Mueang Nonthaburi District,Restaurant,no,Low,0,Local,,thasupa2530@gmail.com,1,+66868317696,บางบัวทอง​,11110,overture (meta),overture:85ddacf0-72a3-4903-9b7d-35763f2ed72d
https://maps.apple.com/place?coordinate=13.854598%2C100.538558&name=%E0%B8%95%E0%B8%B3%E0%B9%81%E0%B8%AB%E0%B8%99%E0%B9%88%E0%B8%87%E0%B8%97%E0%B8%B5%E0%B9%88%E0%B8%95%E0%B8%B1%E0%B9%89%E0%B8%87%E0%B8%82%E0%B8%AD%E0%B8%87%E0%B8%89%E0%B8%B1%E0%B8%99&map=explore,own site,หมูกะทะบ้านยาย่า chill&grill,หมูกะทะบ้านยาย่า chill&grill,Mueang Nonthaburi District,Restaurant,no,Low,0,,,pooandy1277@gmail.com,1,+66914958989,6 ซอย งามวงศ์วาน 18,11000,overture (meta),overture:5d8342d9-20f4-456d-b337-6f8f5d7faeb0
https://sites.google.com/view/moosodkhunbhap,own site,หมูสดคุณภาพเบทาโกร สะพานเจษฎาบดินทร์,หมูสดคุณภาพเบทาโกร สะพานเจษฎาบดินทร์,Mueang Nonthaburi District,Restaurant,no,Low,0,Local,,moosodkhunbhap@gmail.com,1,+66979722765,31 บางกร่าง 14,11000,overture (meta),overture:fe7ff426-42ae-4e82-8c29-658a2e842bf8
https://wongn.ai/93yl5,own site,หม่าล่า ตลาดท่าอิฐ,หม่าล่า ตลาดท่าอิฐ,Mueang Nonthaburi District,Restaurant,no,Low,0,Local,,painaipaigan0853656119@gmail.com,1,+66853656119,Tha it-Saima,11000,overture (meta),overture:eb59e9e8-8de5-4448-bdfb-b8cc88cba3dd
https://lin.ee/3mWJbXO,own site,หอยจ๋า อร่อยจี๋,หอยจ๋า อร่อยจี๋,Mueang Nonthaburi District,Restaurant,no,Low,0,Local,,hoijarka@gmail.com,1,+66925429646,พระราม5 ติด Nakhon In Rd,11000,overture (meta),overture:2a10b187-e5a6-43d2-9b92-26359a80fafd
http://br.correct.go.th/br_wp/,own site,หับเผย @ ริมน้ำนนท์,หับเผย @ ริมน้ำนนท์,Mueang Nonthaburi District,Cafe,no,Low,0,,,br.correct.co@gmail.com,1,+6629272222,222 ถ. ราชพฤกษ์ - นนทบุรี1,11000,overture (meta),overture:8c532974-cce7-419b-b866-75357ed2b9f7
https://wongn.ai/u1v60,own site,อาง้วน เป็ดย่าง เป็ดพะโล้,อาง้วน เป็ดย่าง เป็ดพะโล้,Mueang Nonthaburi District,Restaurant,no,Low,0,Local,,chestharach@gmail.com,1,+66948931594,ตรงข้าม ธนาคารกสิกรไทย สาขานนทบุรี 722 Phibul Songkhram Rd,11000,overture (meta),overture:e5b440ac-ef18-4ecf-868d-6f189f895504
https://wongn.ai/0b0ap,own site,อาหยงข้าวมันไก่,อาหยงข้าวมันไก่,Mueang Nonthaburi District,Restaurant,no,Low,0,Local,,krit_nirvana@hotmail.com,1,+66832999352,58/9 ซอย แสงทอง 1,11110,overture (meta),overture:03bf512b-2cd7-4da9-b734-e4151c2d1422
https://line.me/ti/p/8nzSZ7GRcS,own site,อาหารกล่องวธู Premiummealbox,อาหารกล่องวธู Premiummealbox,Mueang Nonthaburi District,Restaurant,no,Low,0,,,,1,+66859404555,ร้านวธู,11000,overture (meta),overture:5421cb3e-9414-43fe-952f-6c9ae620521f
http://www.baankrongnam.com/,own site,เครื่องกรองน้ำ ดอนเมือง สรงประภา - บ้านเดียวครบ จบเรื่องน้ำ บ้านกรองน้ำ,เครื่องกรองน้ำ ดอนเมือง สรงประภา - บ้านเดียวครบ จบเรื่องน้ำ บ้านกรองน้ำ,Mueang Nonthaburi District,Restaurant,no,Low,0,Local,,pure_sr199@purefilter.com,1,+66626799119,178 ถนน ติวานนท์,11000,overture (meta),overture:d49e7088-3426-4828-8d1e-efefb06a01d2
https://wongn.ai/58jpm,own site,เจ๊แตน อาหารตามสั่ง,เจ๊แตน อาหารตามสั่ง,Mueang Nonthaburi District,Restaurant,no,Low,0,,,linhou_kavalin@hotmail.com,1,+66910036881,18 Liang Muang Nonthaburi Rd,11000,overture (meta),overture:f506cb49-b91a-4ded-aa5f-c2e3db590354
https://line.me/ti/p/JokUIoPGts,own site,เดอะฟร้อนท์,เดอะฟร้อนท์,Mueang Nonthaburi District,Cafe,no,Low,0,,,nongbaitoeyjang@gmail.com,1,+66852134728,หน้า ปาก Premruethai 4 Alley,11000,overture (meta),overture:1a0b5389-abd8-45ec-be27-5f5fc7769689
http://www.wongnai.com/r/1603810hO?ref=android,own site,เด็กวัดคาเฟ่,เด็กวัดคาเฟ่,Mueang Nonthaburi District,Restaurant,no,Low,0,Local,,rangnarak@icloud.com,1,+66889109045,"บางเขน, นนทบุรี, ประเทศไทย",11000,overture (meta),overture:15e75e4a-604f-4934-b44b-2eaba0e5b9aa
https://wongn.ai/228Mv5,own site,เติมอิ่ม TERM-im-นนทบุรี,เติมอิ่ม TERM-im-นนทบุรี,Mueang Nonthaburi District,Asian; Thai,no,Low,0,Local,,chattarika.sri27@gmail.com,1,+66622924554,ราชพฤกษ์,11000,overture (meta),overture:a6359993-bcfa-4bf8-bb06-fda816533a38
http://www.jeabkitchen.com/,own site,เตี๋ยวตุ๋นหม้อไฟindy สาขาบางกร่าง,เตี๋ยวตุ๋นหม้อไฟindy สาขาบางกร่าง,Mueang Nonthaburi District,Restaurant,no,Low,0,,,jeabkitchen.non@gmail.com,1,+66864445555,59/94 ม.8 ต.บางกร่าง อ.เมืองนนทบุรี ,11000,overture (meta),overture:c1f8a542-eab9-462b-a6fb-116b05f25df1
https://wongn.ai/vclqr,own site,เตี๋ยวเรือเสาวรีย์,เตี๋ยวเรือเสาวรีย์,Mueang Nonthaburi District,Restaurant,no,Low,0,Local,,support@lmwn.com,1,,นครอินทร์,11130,overture (meta),overture:ea66b970-86bf-4029-94c2-1f1ab2e7cbe4
https://www.wongnai.com/r/264249Eg,own site,เหลาริมทาง,เหลาริมทาง,Mueang Nonthaburi District,Restaurant,no,Low,0,Local,,chefdej@gmail.com,1,+66649346616,,11000,overture (meta),overture:b9726e48-d8b8-43bd-a3ad-5985031d3b55
https://lin.ee/Ek0CGLu,own site,เหลาริมทาง By เชฟเดช สาขา Central Northville,เหลาริมทาง By เชฟเดช สาขา Central Northville,Mueang Nonthaburi District,Asian; Chinese,no,Low,0,,,,1,+66926699414,เซ็นทรัลนอร์ทวิลล์ อำเภอเมือง จังหวัดนนทบุรี,11000,overture (meta),overture:eef4f98b-42f0-4093-9052-07549639c71a
https://www.wongnai.com/restaurants/715350Wo,own site,แซ่บติดปาก เลี่ยงเมืองนนท์,แซ่บติดปาก เลี่ยงเมืองนนท์,Mueang Nonthaburi District,Restaurant,no,Low,0,Local,,ohmsung58@gmail.com,1,+66855829635,ถนนเลี่ยงเมืองนนทบุรี,11000,overture (meta),overture:4e623f2d-d9e1-4c86-b528-de471ecd3756
https://wongn.ai/7pntl,own site,แซ่บนัว ครัวไทย,แซ่บนัว ครัวไทย,Mueang Nonthaburi District,Asian; Thai,no,Low,0,,,capmoo8210@gmail.com,1,+66820657592,เรือนไม้ ครัวไทย  Café & Restaurant,11000,overture (meta),overture:2082b10d-0b16-421d-8467-bfd88d585662
https://www.maekai.co.th/,own site,แม่ไก่ค้าส่ง24ชม/บางใหญ่ ตลาดกลางบางใหญ่ นนทบุรี,แม่ไก่ค้าส่ง24ชม/บางใหญ่ ตลาดกลางบางใหญ่ นนทบุรี,Mueang Nonthaburi District,Restaurant,no,Low,0,,,,4,+66642235496,ตลาดกลางบางใหญ่ ถ.กาญจนาภิเษก ต.เสาธงหิน อ.บางใหญ่,11140,overture (meta),overture:d8b52dd9-4dd1-4269-bd7c-79af2ec70916
http://www.thaibev.com/th08/business.aspx?sublv1gID=1,own site,โกดัง บริษัท เบียร์กรุงเทพ จำกัด,โกดัง บริษัท เบียร์กรุงเทพ จำกัด,Mueang Nonthaburi District,Asian; Thai,no,Low,0,,,,1,,,,overture (meta),overture:12d68e4c-ac27-4300-8fd0-b77b978e901e
https://www.wongnai.com/r/493164gC,own site,โจ๊กบางกอก,โจ๊กบางกอก,Mueang Nonthaburi District,Restaurant,no,Low,0,Local,,rungrote.panthong@gmail.com,1,+66613142425,,11000,overture (meta),overture:c53de20e-d157-4a64-8d27-19c7dfcb7f28
https://www.wongnai.com/r/605540px,own site,โจ๊กเมืองนนท์เจ้าเก่า - ตลาดนนท์,โจ๊กเมืองนนท์เจ้าเก่า - ตลาดนนท์,Mueang Nonthaburi District,Takeaway,no,Low,0,Local,,narinfoodnonthaburi@gmail.com,1,+66866000293,1 ซอย นนทบุรี 12 แยก 1,11000,overture (meta),overture:e7c009db-a733-461a-b365-e15ddf6891f8
https://www.wongnai.com/r/1601593Jl,own site,โชคอนันต์ แกงป่า ปลาแม่น้ำ,โชคอนันต์ แกงป่า ปลาแม่น้ำ,Mueang Nonthaburi District,Restaurant,no,Low,0,Local,,sockana1177@gmail.com,1,+66661027684,ซ. สามัคคี 35/1,11000,overture (meta),overture:8654ade4-a153-4c02-a66d-6ff1356810ca
https://wongn.ai/sw2sf,own site,โต๊ะเดาะห์ตามสั่ง - ฮาลาล,โต๊ะเดาะห์ตามสั่ง - ฮาลาล,Mueang Nonthaburi District,Restaurant,no,Low,0,Local,,sumamanmanee@gmail.com,1,+66877102407,345 หน้าลภาวัน 12 เลยมัสยิดอุ้ลยา,11110,overture (meta),overture:c3e4355f-32f3-4653-86d5-c29de9d73ed4
https://shop.line.me/@hiagum,own site,โรตีสายไหมเฮียก่ำ,โรตีสายไหมเฮียก่ำ,Mueang Nonthaburi District,Cafe,no,Low,0,Local,,kan2723@hotmail.com,1,+6620424296,85 หมู่ 4 Ratchaphruek Rd,11000,overture (meta),overture:eac99c69-4d42-49b8-ac6d-5d5d3d41bbf1
https://line.me/ti/p/~eakmongkol1992,own site,โอ่งอบไก่ ซันเดย์,โอ่งอบไก่ ซันเดย์,Mueang Nonthaburi District,Restaurant,no,Low,0,,,paykungpay@gmail.com,1,+66822826212,บริษัท เอกมงคล1992 จำกัด,,overture (meta),overture:67205275-68d0-4f9a-9d07-90d7ed51f025
https://line.me/ti/p/5-JmjXpz6p,own site,ไก่ย่างวิเชียรบุรี ซอยเรวดี นายอู๋,ไก่ย่างวิเชียรบุรี ซอยเรวดี นายอู๋,Mueang Nonthaburi District,Restaurant,no,Low,0,,,,1,+66967879196,,11000,overture (meta),overture:4f46b1f5-66ca-4fa0-b1fc-74910c693230
https://line.me/ti/p/q24P67D1NC,own site,ไก่อบโอ่ง พระราม5,ไก่อบโอ่ง พระราม5,Mueang Nonthaburi District,Restaurant,no,Low,0,,,chainamour_@hotmail.com,1,+66875542228,กาญจนาภิเษก,11140,overture (meta),overture:72fe2be2-1390-40e8-9c11-8570cf02ed88
