email,name,name_local,district,categories,english,english_priority,english_score,site_language,why,website,other_emails,email_source,locations,phone,address,postcode,source,osm_url
michellescafe.bkk@gmail.com,Michelle's,,Rat Burana District,Cafe,yes,High,4,English,website in English; English/Latin-script name,https://www.openlink.co/michelles.bkk,,openstreetmap,1,+66827074464,1705 Suk Sawat Rd,10140,overture (meta),overture:e621e202-c34f-4a6c-926a-62e28f5d094b
toboroaster@gmail.com,Tobo' Coffee Roaster,,Rat Burana District,Cafe,yes,High,4,English,website in English; English/Latin-script name,https://tobocoffee.com/,,venue website,1,+66945503347,34/1 Rat Burana 36 Alley,10140,overture (meta),overture:13089715-03c4-41c3-89b2-4d72fcbe1a61
kinkubpuean@gmail.com,Kin Kub Puean Cafe&Restaurant,,Rat Burana District,Breakfast,yes,Medium,3,,Western food (Breakfast); English/Latin-script name,,,openstreetmap,1,,100 ถนน สุขสวัสดิ์,10140,overture (meta),overture:ac56f741-212c-424a-b1eb-6fca77765ece
supakrit.puengjai@gmail.com,Mike's Philly Cheese Steak,,Rat Burana District,Steak,yes,Medium,3,,Western food (Steak); English/Latin-script name,,,openstreetmap,1,,ตลาดศิลามาร์เก็ต ล็อค03 ติดฝั่งแม็คโคร,10140,overture (meta),overture:4588461c-1412-4d70-a04e-dac03cb5e7dd
schoolbus.bistro@gmail.com,School Bus Bistro&karaoke,,Rat Burana District,French,yes,Medium,3,,Western food (French); English/Latin-script name,,,openstreetmap,1,+66655154452,176/1 ถ.ราษฎร์บูรณะ ตรงข้ามบิ๊กซี ราษฎร์บูรณะ ,10140,overture (meta),overture:10b23c4d-aa14-45ad-8818-edc1887910ad
oliveoyl.bs@gmail.com,Three Bears Pastry,,Rat Burana District,Cafe,yes,Medium,3,Bilingual,website has English; English/Latin-script name,https://www.threebearspastry.com/,,venue website,1,+66955369465,17/1-2 ซอย สุขสวัสดิ์ 30,10140,overture (meta),overture:15580b99-2a52-4f2f-a510-aa56bd1d4419
suwiwat@acmedockyard.com,บริษัท อู่เรือมารีนแอ็คมีไทย จำกัด,บริษัท อู่เรือมารีนแอ็คมีไทย จำกัด,Rat Burana District,Asian; Thai,yes,Medium,3,English,website in English,http://www.acmedockyard.com,mattmungthin@hotmail.com,venue website,1,+6628187800,1 สุขสวัสดิ์ 1,10140,overture (meta),overture:6caf7dc4-f1ef-474c-8f0c-8fac1f761e58
saraban@admincourt.go.th,จิ้มจุ่มป้าลำเพย,จิ้มจุ่มป้าลำเพย,Rat Burana District,Asian; Thai,no,Medium,2,Bilingual,website has English,http://www.admincourt.go.th/,,venue website,1,+66622615515,4 สุขสวัสดิ์ 15,10140,overture (meta),overture:86b41fc6-95e6-46bb-a023-a5df229f4bf6
tonchanintertrade@gmail.com,พิซซ่าทอด-Pizza naya by tonchan,พิซซ่าทอด-Pizza naya by tonchan,Rat Burana District,Pizza,no,Medium,2,,Western food (Pizza),,,openstreetmap,1,+66917929744,113 ถนน สุขสวัสดิ์,10130,overture (meta),overture:f16c242a-608c-4d00-a0e3-c8c79d8f09cf
1seafoodbkk@gmail.com,ร้านป๋าหนึ่งซีฟู้ด,ร้านป๋าหนึ่งซีฟู้ด,Rat Burana District,Steak,no,Medium,2,,Western food (Steak),,,openstreetmap,1,+66970696614,ถนนประชาอุทิศ,10140,overture (meta),overture:89b8937d-5896-405c-8b1a-b92d6a05f8b4
ukhawunam@hotmail.com,ร้านอู่ข้าว-อู่น้ำ บาร์บีคิว,ร้านอู่ข้าว-อู่น้ำ บาร์บีคิว,Rat Burana District,BBQ,no,Medium,2,,Western food (BBQ),,,openstreetmap,1,+6624277657,"292/1, ถนนราษฎ์พัฒนา",10140,overture (meta),overture:50d8cd08-ed16-40e4-ac39-6f4a8c6cd23c
lowpricrbkk@gmail.com,AOD Coffee,,Rat Burana District,Cafe,no,Low,1,,English/Latin-script name,,,openstreetmap,1,+66924347828,353 Soi Pracha Uthit 15,10140,overture (meta),overture:1f00cd47-a58f-4ca5-8daf-f7be7bdcaedb
woradawirit132@gmail.com,Black Coffee Pot,,Rat Burana District,Cafe,no,Low,1,,English/Latin-script name,,,openstreetmap,1,+66968581738,108 Rat Burana Rd,10140,overture (meta),overture:2db3c1ff-77dc-4251-8f0d-b433898a2a64
info@ismfoodproducts.com,Cacao Rich,,Rat Burana District,Cafe,no,Low,1,Local,English/Latin-script name,http://www.ismfoodproducts.com/,,openstreetmap,1,+6628181877,262 ถนน สุขสวัสดิ์,10140,overture (meta),overture:9caa5197-7d53-4159-8278-5ed8b8c42ef8
info.cantonhouse@gmail.com,CANTON Seafood,,Rat Burana District,Seafood,no,Low,1,,English/Latin-script name,,,openstreetmap,1,+66936622555,289 Pracha Uthit Rd,10140,overture (meta),overture:c5802394-1946-46c8-b1dc-56fd4f2d2880
mdthai@cornerstonethailand.com,Cornerstone Thailand,,Rat Burana District,Restaurant,no,Low,1,,English/Latin-script name,http://www.cornerstonethailand.com/,,openstreetmap,1,+6628730775,22/1 ถนน ประชาอุทิศ,10140,overture (meta),overture:2e9e2306-b49f-4f8e-a7ce-e4f3e0f03409
daddyjackcafe@gmail.com,Daddy Jack’s Cafe’,,Rat Burana District,Restaurant,no,Low,1,,English/Latin-script name,,,openstreetmap,1,+66654388861,667 ถนน สุขสวัสดิ์,10140,overture (meta),overture:6e09aa8c-d351-4b08-a8b0-5fe164e21a9f
nuum0406@hotmail.com,DooDe Cafe,,Rat Burana District,Cafe,no,Low,1,,English/Latin-script name,,,openstreetmap,1,+66850990905,89 3 Rat Burana Rd,10140,overture (meta),overture:911d9e7f-c1ee-45c0-9c44-79efd9f68b7f
e.golf-_-@hotmail.com,For Bahrain,,Rat Burana District,Restaurant,no,Low,1,,English/Latin-script name,,,openstreetmap,1,+66864459474,51 ถนน สุขสวัสดิ์,10140,overture (meta),overture:932a3cd3-94bb-4780-b214-ee4208de486c
ches_aries29@hotmail.com,Hansa Shabu & Bar,,Rat Burana District,Restaurant,no,Low,1,,English/Latin-script name,,,openstreetmap,1,+66839839698,ทองถวิล คอนโดทาวน์\n203 ถนนราษฎร์บูรณะ \nแขวงบางประกอก\nเขตราษฎร์บูรณะ\nกรุงเทพมหานคร 10140,63130,overture (meta),overture:d37179ab-a7bd-4391-aaaa-c84b2651ae49
hokihoki888@hotmail.com,Hokihoki,,Rat Burana District,Bakery,no,Low,1,,English/Latin-script name,https://wongn.ai/6r1r2,,openstreetmap,1,+66814570862,199/73 หมู่บ้านโกเด้นทาวน์ 2 Suk Sawat Alley,10140,overture (meta),overture:37381407-0ec4-4f3b-a08f-ff4afa70a682
th-ratburana@qsa.co.th,KFC,,Rat Burana District,Takeaway,no,Low,1,,English/Latin-script name,https://kfc.co.th/,,openstreetmap,1,,"No. 7/1 Rat Burana Road, Rat Burana Subdistrict, Rat Burana District",10140,overture (AllThePlaces),overture:80ae3d6c-7696-4e94-8dd9-d516f8543b3d
kikicheesecakesuksawat@gmail.com,Kiki Cheesecake Suksawat,,Rat Burana District,Bakery,no,Low,1,,English/Latin-script name,,,openstreetmap,1,+66855549649,9 Suk Sawat Rd,10140,overture (meta),overture:d2abd7f2-fd90-46bf-8abf-1fc9967cedcb
leroycafe.th@gmail.com,Leroy Cafe,,Rat Burana District,Restaurant,no,Low,1,,English/Latin-script name,,,openstreetmap,1,+66827199289,323 33 Pracha Uthit Rd,10140,overture (meta),overture:a67bb896-be04-4f67-9cb4-bb7c80da41f7
megun.cafe@gmail.com,Megun,,Rat Burana District,Restaurant,no,Low,1,,English/Latin-script name,,,openstreetmap,1,+66972967972,222 แขวง ราษฎบูร์ณะ เขตทราษฏบูร์ณะ,10140,overture (meta),overture:dd404617-b7de-4c19-a25c-23565e309e4b
basbas.bp@gmail.com,MK Coffee SLOW BAR,,Rat Burana District,Cafe,no,Low,1,,English/Latin-script name,,,openstreetmap,1,+66955549426,เลขที่ 45 30 Suk Sawat Alley,10140,overture (meta),overture:b370dc2d-be3f-4916-930d-5baad1458576
prawnbar@gmail.com,Mungkorn Seafood - Buffet & Fish Market,,Rat Burana District,Seafood,no,Low,1,,English/Latin-script name,,,openstreetmap,1,+66959966226,373/1 Soi Suk Sawat 27,10140,overture (meta),overture:fb6aa8d4-8b46-454c-8cdb-70210426cd85
mam-pawinee@hotmail.com,Paul Menu Wine Box,,Rat Burana District,Restaurant,no,Low,1,,English/Latin-script name,,,openstreetmap,1,+66999159497,33 Rat Burana Rd,10140,overture (meta),overture:235c2ca4-48e4-4311-97c8-04e0eec98c0a
wipapatbird@gmail.com,Primcess,,Rat Burana District,Bakery,no,Low,1,,English/Latin-script name,,,openstreetmap,1,+66919965142,11 สุขสวัสดิ์ 1,10140,overture (meta),overture:9bc822f5-0bfa-48af-8485-a85f3c231024
tatarsatay@gmail.com,Tata Satay,,Rat Burana District,Restaurant,no,Low,1,,English/Latin-script name,,,openstreetmap,1,+66818271736,1327 1329 Suk Sawat Rd,10140,overture (meta),overture:6757ee74-3d44-4ef8-9cbf-1f68cf59175d
theelevenriverside@gmail.com,The Eleven Riverside,,Rat Burana District,Asian; Thai,no,Low,1,,English/Latin-script name,,,openstreetmap,1,+66853657777,270/2 Rat Burana Rd,10140,overture (meta),overture:47904b1f-678b-4c4e-98cb-107b939ccefc
theninecafe@gmail.com,The Nine Cafe.,,Rat Burana District,Cafe,no,Low,1,,English/Latin-script name,,,openstreetmap,1,,ประชาอุทิศ27,10140,overture (meta),overture:4f3dca0e-1346-4167-a26e-bb31b42858a7
ultraadept@gmail.com,ULTRA ADEPT : Coffee Roasters co-operative,,Rat Burana District,Cafe,no,Low,1,,English/Latin-script name,,,openstreetmap,1,+6621019676,30 ถนน ราษฎร์บูรณะ,10140,overture (meta),overture:01e0dd68-47ce-41bf-878a-4dfa6335afb1
virotesatapon2511@gmail.com,V.sataporn,,Rat Burana District,Asian; Thai,no,Low,1,,English/Latin-script name,,,openstreetmap,1,+66909879165,84 ถนน ประชาอุทิศ,10140,overture (meta),overture:966a540d-8c16-4c4c-844f-8c24d1b2ce53
winterbubble111@gmail.com,Winter Bubble,,Rat Burana District,Cafe,no,Low,1,,English/Latin-script name,,,openstreetmap,1,+66957612957,111 Soi Suk Sawat 35,10140,overture (meta),overture:538001cf-5d5d-4062-a95e-47bc266fafcf
zenji2020@gmail.com,Zenji Tea,,Rat Burana District,Restaurant,no,Low,1,,English/Latin-script name,,,openstreetmap,1,+66805513417,374 ซอยสุขสวัสดิ25 แขวงบางปะกอก เขตราษฎร์บูรณะ กทม 10140,10140,overture (meta),overture:bc440f0e-09e0-41e8-8459-394fe58ade20
kankamol.yangnok@gmail.com,Chic cha ชิคชา - ซอยประชาอุทิศ 27,Chic cha ชิคชา - ซอยประชาอุทิศ 27,Rat Burana District,Cafe,no,Low,0,,,,,openstreetmap,1,+66954935965,141/15 ประชาอุทิศ 27,10140,overture (meta),overture:66fc886e-f09d-4d54-89d9-f9b05f6cc5d9
pathamaporn.jg@gmail.com,Drink Me Mokapot กาแฟสดหม้อต้ม,Drink Me Mokapot กาแฟสดหม้อต้ม,Rat Burana District,Bar,no,Low,0,,,,,openstreetmap,1,+66642489564,2/24 หมู่บ้านบุญมาก,10140,overture (meta),overture:d34f767e-cb5f-42a7-8804-31c3c6ead350
ebisuramen.isp@gmail.com,Ebisu Ramen - เอบิสึ ราเมน บางปะกอก,Ebisu Ramen - เอบิสึ ราเมน บางปะกอก,Rat Burana District,Asian; Japanese,no,Low,0,,,,,openstreetmap,1,+66630544599,32 Suk Sawat Rd,10140,overture (meta),overture:2a3292e5-1742-42a9-8228-338c07dfafe0
hopchafe.suksawat30@gmail.com,HOP Chafe' ซอยสุขสวัสดิ์ 30,HOP Chafe' ซอยสุขสวัสดิ์ 30,Rat Burana District,Chinese,no,Low,0,,,,,openstreetmap,1,+66814686256,ซอยสุขสวัสดิ์ 30 แขวงบางปะกอก เขตราษฎร์บูรณะ,10140,overture (meta),overture:48760a43-9fd3-4500-a463-5c9754cd4e1d
inthaninrungruang@gmail.com,Inthanin สาขาชุมชนซอยรุ่งเรือง,Inthanin สาขาชุมชนซอยรุ่งเรือง,Rat Burana District,Cafe,no,Low,0,,,,,openstreetmap,1,+66822589154,198 Suk Sawat Rd,10140,overture (meta),overture:1c275a68-0df5-4027-8c8b-5ecd0ce9ece5
yui88@hotmail.com,Little Box อาหารเหนือ,Little Box อาหารเหนือ,Rat Burana District,Restaurant,no,Low,0,,,,,openstreetmap,1,+66619263923,311 ถนน ประชาอุทิศ,10140,overture (meta),overture:88630c85-5eb1-4a08-9145-1557bba663b2
menubymamos@gmail.com,Menu By Mamos - Chapter one ราษฎร์บูรณะ,Menu By Mamos - Chapter one ราษฎร์บูรณะ,Rat Burana District,Restaurant,no,Low,0,,,,,openstreetmap,1,+6624096800,39 ถนน ราษฎร์บูรณะ,10140,overture (meta),overture:723c4751-55dd-489f-8baf-ce4841e92964
myth.bbb@gmail.com,Myth มิทธ์ Brew Bake Belong,Myth มิทธ์ Brew Bake Belong,Rat Burana District,Cafe,no,Low,0,,,,,openstreetmap,1,+66658658836,Rat Burana 38 Alley,10140,overture (meta),overture:b6ec350d-ce5c-4f41-a161-6ae6ef18b7d4
ninetamarind@gmail.com,NineTamarind ไนน์ แทมมะรินด์ : ผลิตภัณฑ์มะขามเพชรบูรณ์พันธุ์ศรีชมภู,NineTamarind ไนน์ แทมมะรินด์ : ผลิตภัณฑ์มะขามเพชรบูรณ์พันธุ์ศรีชมภู,Rat Burana District,Cafe,no,Low,0,Local,,http://www.ninetamarindthailand.com/,,openstreetmap,1,+66628043131,5 ถนน ป่าเลา,67000,overture (meta),overture:6b878125-5256-4420-a260-e37e461c3d32
shibasuksawat25@gmail.com,Shiba Hokkaido Milk Tea สาขาสุขสวัสดิ์ 25,Shiba Hokkaido Milk Tea สาขาสุขสวัสดิ์ 25,Rat Burana District,Restaurant,no,Low,0,,,,,openstreetmap,1,+66626454455,831/1 ปาก Soi Suk Sawat 25,10140,overture (meta),overture:4ccf1bba-ab0a-45b6-91c1-d52ec0331acf
chamabodee_a@hotmail.com,Swai Cafe Suksawat (ไสว คาเฟ่),Swai Cafe Suksawat (ไสว คาเฟ่),Rat Burana District,Cafe,no,Low,0,,,,,openstreetmap,1,+66863642946,803 Suk Sawat Rd,10140,overture (meta),overture:5fe581a2-d69b-40a5-84ba-36aba1358c17
packagingtpp@gmail.com,TPP Packaging กล่องเบเกอรี่่ กล่องเค้ก กล่องใส่อาหารฟู้ดเกรด,TPP Packaging กล่องเบเกอรี่่ กล่องเค้ก กล่องใส่อาหารฟู้ดเกรด,Rat Burana District,Bakery,no,Low,0,Local,,https://www.tpppackage.com/,,openstreetmap,1,+66925131889,983 สุขสวัสดิ์26 บางปะกอก,10140,overture (meta),overture:b58ab6a8-9419-4cfa-9e54-9cc4ccb717f6
nutchayapung1996@gmail.com,กะเพราเทสตี้บึ้มๆ,กะเพราเทสตี้บึ้มๆ,Rat Burana District,Asian,no,Low,0,Local,,https://www.wongnai.com/r/2474012wQ,fatintailee@gmail.com; intchonsathorn11@gmail.com; chogunleela2019@gmail.com; nachaykitchen@gmail.com; bakerymind2012@gmail.com; prontape99@gmail.com; lakkanakerd@gmail.com; pannaphat.chok@gmail.com; tookaroi.official@gmail.com,openstreetmap,1,+66929963163,1 ซอย สุขสวัสดิ์ 33 แยก 1-2,10140,overture (meta),overture:2384e66e-3c47-4a89-b17d-158303d351e8
akia1150@gmail.com,กาเอี๊ย กาแฟ วินเทจ,กาเอี๊ย กาแฟ วินเทจ,Rat Burana District,Restaurant,no,Low,0,,,,,openstreetmap,1,+66646359771,185-186 ตลาดบางปะกอก Suk Sawat Rd,10140,overture (meta),overture:282b6ff4-7302-4c64-8eeb-2ff113db1534
lifegroup.coffee@gmail.com,กาแฟเขาชะงุ้ม,กาแฟเขาชะงุ้ม,Rat Burana District,Cafe,no,Low,0,Local,,http://lifegroupcoffee.blogspot.com/,,openstreetmap,1,+66883165388,"7,9 ธนบุรีสปอร์ตคลับ S01 อาคาร A Pracha Uthit 33 Yeak 1 Alley",10140,overture (meta),overture:47e70456-5877-4fe3-b941-dd297111960b
tongkingza24@icloud.com,กินเที่ยวจบ,กินเที่ยวจบ,Rat Burana District,Restaurant,no,Low,0,,,,,openstreetmap,1,+66823027678,128/5ซอยสุขสวัสดิ์ 30 ถนนสุขสวัดิ์ แขวงบางปะกอก,10140,overture (meta),overture:ab91cb67-c967-4ea1-a80f-69c1e860e61e
canan4713@gmail.com,ก๋วยเตี๋ยวต้มยำโบราณบ้านสวน,ก๋วยเตี๋ยวต้มยำโบราณบ้านสวน,Rat Burana District,Restaurant,no,Low,0,,,,,openstreetmap,1,+66968785741,37/17 สุขสวัสดิ์,10140,overture (meta),overture:4b50eef0-5d29-4d0f-a9d6-6d4d6fc696d3
hotel3.2004@gmail.com,ก๋วยเตี๋ยวบ้านสวนหลบมุม,ก๋วยเตี๋ยวบ้านสวนหลบมุม,Rat Burana District,Restaurant,no,Low,0,,,,,openstreetmap,1,+66982655176,93 Pracha Uthit Rd,10140,overture (meta),overture:3a338fad-818d-46b1-a979-d99aa5188930
amnart21072509@gmail.com,ก๋วยเตี๋ยวลูกชิ้นหมูน้ำใส,ก๋วยเตี๋ยวลูกชิ้นหมูน้ำใส,Rat Burana District,Restaurant,no,Low,0,,,,,openstreetmap,1,+66825491991,1701 Suk Sawat Rd,10140,overture (meta),overture:ab1f20d8-5cee-445c-b0f9-4c5697503faa
methagorn.j@gmail.com,ก๋วยเตี๋ยวหมูป้าอารมย์ สูตรโบราณ,ก๋วยเตี๋ยวหมูป้าอารมย์ สูตรโบราณ,Rat Burana District,Asian; Japanese,no,Low,0,,,,,openstreetmap,1,+66813239554,157 ซอย พุทธบูชา 39,10140,overture (meta),overture:cdf3efc6-16bf-446c-843a-23bc0923c203
gotttriton@windowslive.com,ก๋วยเตี๋ยวเผือก สุขสวัสดิ์,ก๋วยเตี๋ยวเผือก สุขสวัสดิ์,Rat Burana District,Asian; Japanese,no,Low,0,,,,,openstreetmap,1,+66842691647,Suk Sawat 1,10140,overture (meta),overture:289ea0d3-af60-4854-b370-e8ed04179f1b
hatthacha444@gmail.com,ก๋วยเตี๋ยวไก่น่า ซอยยย,ก๋วยเตี๋ยวไก่น่า ซอยยย,Rat Burana District,Restaurant,no,Low,0,,,,,openstreetmap,1,+66658812444,,,overture (meta),overture:a591587c-472d-4d44-8e35-3df206e58472
viovithai@gmail.com,ขนมจีนบางปะกอก ป้าเดือนเจ้าเก่า,ขนมจีนบางปะกอก ป้าเดือนเจ้าเก่า,Rat Burana District,Asian; Thai,no,Low,0,,,,,openstreetmap,1,+66885707849,bang pakok,10140,overture (meta),overture:f65beab6-9db4-4d10-9b38-ccf5ab94e9cd
chortoeyhorm@gmail.com,ขนมชั้นช่อเตยหอม,ขนมชั้นช่อเตยหอม,Rat Burana District,Cafe,no,Low,0,,,,,openstreetmap,1,+66812656462,1/8 ถนน ราษฎร์บูรณะ,10140,overture (meta),overture:93440f2c-da07-4459-aa87-4baedcd008cc
voot555222@gmail.com,ขายแฟรนไชส์ ขนมโตเกียว,ขายแฟรนไชส์ ขนมโตเกียว,Rat Burana District,Restaurant,no,Low,0,,,http://www.losotokyo.com/,,openstreetmap,1,+66656988885,23 ถนน สุขสวัสดิ์,10140,overture (meta),overture:e904c61a-6e07-48e7-9ab1-32f03bb52979
thailowline@outlook.co.th,ข้าวมันไก่กูละเซ็ง,ข้าวมันไก่กูละเซ็ง,Rat Burana District,Restaurant,no,Low,0,,,,,openstreetmap,1,+66814932636,300 สามแยก Soi Suk Sawat 27,10140,overture (meta),overture:963c39b5-50c2-46e2-8bfa-45d94e0589ac
bnshop_trading@outlook.co.th,ข้าวเหนียวหมู กล่องละ 15 บาท,ข้าวเหนียวหมู กล่องละ 15 บาท,Rat Burana District,Asian; Thai,no,Low,0,,,,,openstreetmap,1,+66950619822,2 ถนน สุขสวัสดิ์,10140,overture (meta),overture:c6736d66-6721-4e72-894d-ed25058815fa
purana3@hotmail.com,ข้าวแกงกำลังใจ,ข้าวแกงกำลังใจ,Rat Burana District,Restaurant,no,Low,0,,,,,openstreetmap,1,+66992495985,170 2 Rat Phatthana Rd,10140,overture (meta),overture:1a7bd07f-35c7-40e1-a290-8d43ae9c0e29
eleven_79@hotmail.com,ข้าวแกงริมคลองเจ้โบว์เสี่ยเต็ก,ข้าวแกงริมคลองเจ้โบว์เสี่ยเต็ก,Rat Burana District,Restaurant,no,Low,0,,,,,openstreetmap,1,+66909256550,26 ถนน สุขสวัสดิ์,10140,overture (meta),overture:574703d1-715e-47a5-8f0b-28da6ebed389
julapong_2000@yahoo.com,ครัวบ้านกลางอ่าว ราษฎร์บูรณะ,ครัวบ้านกลางอ่าว ราษฎร์บูรณะ,Rat Burana District,Restaurant,no,Low,0,,,,,openstreetmap,1,+6624637909,83 ถนน ราษฎร์บูรณะ,10140,overture (meta),overture:c40a4621-f35a-4e85-a071-87f3ad6f5965
rejance305@hotmail.co.th,ครัวป้าอ้วนประชาอุทิศ (เจ้าเก่า),ครัวป้าอ้วนประชาอุทิศ (เจ้าเก่า),Rat Burana District,Restaurant,no,Low,0,,,,,openstreetmap,1,+66629328684,487 ถนน จอมทองบูรณะ,10140,overture (meta),overture:d2ddb4b7-c184-4345-88b8-aa41409bfa32
chindhanait@gmail.com,คุณเจี๋ยน ก๋วยจั๊บญวน แหนมเนือง,คุณเจี๋ยน ก๋วยจั๊บญวน แหนมเนือง,Rat Burana District,Asian,no,Low,0,,,,,openstreetmap,1,+66917568026,210/5 ถนน ราษฎร์บูรณะ,10140,overture (meta),overture:d9023d9f-2353-4b4f-b136-6db597b67f9d
gemsbygentonic@gmail.com,คุณโต้งผัดไทยประตูหลัง,คุณโต้งผัดไทยประตูหลัง,Rat Burana District,Takeaway,no,Low,0,,,,,openstreetmap,1,+66841974549,15 4 Rat Burana Rd,10140,overture (meta),overture:6a0d1de8-1133-47ad-8226-532154599cd3
mongkolallrice@gmail.com,ค้าข้าวมงคล,ค้าข้าวมงคล,Rat Burana District,Cafe,no,Low,0,,,,,openstreetmap,1,+66642935258,,,overture (meta),overture:7b2e9c3c-4c4b-4498-82d3-dcbaf942839e
chakumasuksawat@gmail.com,จง ชง ดี สาขาสุขสวัสดิ์ 30,จง ชง ดี สาขาสุขสวัสดิ์ 30,Rat Burana District,Restaurant,no,Low,0,,,,,openstreetmap,1,+66611462391,33 ถนน สุขสวัสดิ์,10140,overture (meta),overture:6d06227f-0725-48f8-8f07-91d57b05f555
spritestamp11@gmail.com,ชาคุมะ รร.สารสาสน์สุขสวัสดิ์26,ชาคุมะ รร.สารสาสน์สุขสวัสดิ์26,Rat Burana District,Cafe,no,Low,0,,,,,openstreetmap,1,+66989872558,,,overture (meta),overture:2824e858-1874-46a7-859b-9cec57286c3d
bamroongrak23@gmail.com,ซูชินินจา ศิลามาร์เก็ต,ซูชินินจา ศิลามาร์เก็ต,Rat Burana District,Asian; Sushi,no,Low,0,,,,,openstreetmap,1,+66999353729,30 3 Suk Sawat Rd,10140,overture (meta),overture:c8eee531-25cd-4663-8554-948c8c5acdf8
pornpimon112@gmail.com,ทักกันนมสด,ทักกันนมสด,Rat Burana District,Cafe,no,Low,0,,,,,openstreetmap,1,+66957988785,27 ถนน สุขสวัสดิ์,10140,overture (meta),overture:b9ff4cd2-9835-40d4-b51e-064b4729c044
nu_lin47@hotmail.com,น้องหลิน ช็อกโกแลต ฟรุ้งฟริ้ง - ตลาดเปิดท้ายหน้าห้าง บิ้กซีบางปะกอก,น้องหลิน ช็อกโกแลต ฟรุ้งฟริ้ง - ตลาดเปิดท้ายหน้าห้าง บิ้กซีบางปะกอก,Rat Burana District,Cafe,no,Low,0,,,,,openstreetmap,1,+66917065306,278 ถนน สุขสวัสดิ์,10140,overture (meta),overture:49946c54-1b4f-4302-9bcb-d0c15fa19264
dukdik.bakeryhouse@gmail.com,บ้านดุ๊กดิ๊กคาเฟ่,บ้านดุ๊กดิ๊กคาเฟ่,Rat Burana District,Cafe,no,Low,0,,,,,openstreetmap,1,+66955175147,566 78 ซ.ตลาด,10140,overture (meta),overture:7095f6ba-1557-4d07-b002-eb88e0b00592
porsodaclub@gmail.com,บ้านสันทนาการ อาหาร เครื่องดื่ม,บ้านสันทนาการ อาหาร เครื่องดื่ม,Rat Burana District,Restaurant,no,Low,0,,,,,openstreetmap,1,+66990454442,33 ถนน สุขสวัสดิ์,10140,overture (meta),overture:46179da8-7176-4623-b5e9-7a938b190940
naam.meaw@hotmail.com,บ้านแม่จ๋า,บ้านแม่จ๋า,Rat Burana District,Restaurant,no,Low,0,,,,,openstreetmap,1,+66923809595,25 ถนน จอมทองบูรณะ,10140,overture (meta),overture:45b1cb3a-6bdd-4413-a948-c2ec3447e009
panglookjeab@gmail.com,ปังลูกเจี๊ยบ ขนมปังสังขยา,ปังลูกเจี๊ยบ ขนมปังสังขยา,Rat Burana District,Bakery,no,Low,0,Local,,https://lin.ee/50rIAqaQ,support@wongnai.com,openstreetmap,1,+66963926461,14 ถนน สุขสวัสดิ์,10140,overture (meta),overture:25b07d97-6007-454d-a7f5-f8f15b386fe3
phat.icecream19@gmail.com,พัชร ไอศกรีม,พัชร ไอศกรีม,Rat Burana District,Ice cream,no,Low,0,,,,,openstreetmap,1,+66626282455,7 ถนน จอมทองบูรณะ,10140,overture (meta),overture:b0ea5956-99b3-4f90-bc87-9e4035847602
piggy.prachauthit90@gmail.com,พิกกี้ ชาบูชาบู สาขาประชาอุทิศ90,พิกกี้ ชาบูชาบู สาขาประชาอุทิศ90,Rat Burana District,Asian; Japanese,no,Low,0,,,,,openstreetmap,1,+66617734545,92/2 ถนน ประชาอุทิศ,10140,overture (meta),overture:efd62a6d-68eb-4e52-a10d-d383a05fc1ac
pusa.116@gmail.com,มาลองที หมูกระทะ,มาลองที หมูกระทะ,Rat Burana District,Asian; Japanese,no,Low,0,,,,,openstreetmap,1,+66889782670,279/5 ถนน ประชาอุทิศ,10140,overture (meta),overture:f020f04f-a672-470e-8341-66157c245280
yakbangbang@gmail.com,ยักษ์ปังปัง,ยักษ์ปังปัง,Rat Burana District,Restaurant,no,Low,0,,,,,openstreetmap,1,+66819264139,สุขสวัสดิ์,10140,overture (meta),overture:45707448-09f1-49bb-9f84-b48da3a46ac0
prasan5922@gmail.com,ยามีละห์ ก๋วยเตี๋ยว ชวนชิม,ยามีละห์ ก๋วยเตี๋ยว ชวนชิม,Rat Burana District,Restaurant,no,Low,0,,,,,openstreetmap,1,+66611784806,\n\n21/62 ถนนประชาอุทิศ72  หน้าปากซอยประชาอุทิศ 72 เขตทุ่งครุ แขวงทุ่งครุ กทม 10140\n\n\n,10140\n\n\n\n\n\n\n\n,overture (meta),overture:97f7c210-ea5e-4227-998a-0abb6e5c6d36
joeteeyai@gmail.com,ย่างให้ พรีเมี่ยม สุขสวัสดิ์ 30,ย่างให้ พรีเมี่ยม สุขสวัสดิ์ 30,Rat Burana District,Restaurant,no,Low,0,Local,,https://wongn.ai/7tgy8,support@lmwn.com; pr@lmwn.com,openstreetmap,1,+66956144196,สุขสวัสดิ์ซอย30,10140,overture (meta),overture:c96f3f7b-e0f6-49df-b0e5-d831f2b70447
minkhim1123@gmail.com,รถนม,รถนม,Rat Burana District,Cafe,no,Low,0,,,,,openstreetmap,1,+66985535142,360/4 Suk Sawat Rd,10140,overture (meta),overture:2d1b8822-2768-4276-8fb7-3973c46a1e2b
benza68@hotmail.com,ราดหน้า ๙ ยอด (นายลภ),ราดหน้า ๙ ยอด (นายลภ),Rat Burana District,Asian; Japanese,no,Low,0,,,,,openstreetmap,1,+66989173092,"190, 192 Pracha Uthit Rd",10140,overture (meta),overture:5d95c26f-b763-4145-b636-6bfa7637549c
moomieam@hotmail.com,ร้อยยำตำถาด ราษฎร์บูรณะ,ร้อยยำตำถาด ราษฎร์บูรณะ,Rat Burana District,Asian; Thai,no,Low,0,,,,,openstreetmap,1,+66643971516,เลขที่351/8-351/9 (78 80) ม.1 Soi Suk Sawat 15/1,10140,overture (meta),overture:2bd44191-4df4-4755-869d-4d70b1321306
cyclo.coffee@gmail.com,ร้าน กาแฟ ซิโคล่,ร้าน กาแฟ ซิโคล่,Rat Burana District,Cafe,no,Low,0,,,,,openstreetmap,1,+66802695885,31/1 ซอย 13 ถนนสุขสวัสดิ์,10140,overture (meta),overture:0b8358ad-7709-45af-a7f8-0118eadc1d2b
palaam33@gmail.com,ร้าน ปะแล่มมม,ร้าน ปะแล่มมม,Rat Burana District,Restaurant,no,Low,0,,,,,openstreetmap,1,+66636645744,2 Soi Pracha Uthit 33,10140,overture (meta),overture:72c9a0de-da68-4035-b132-97c7b655c684
kornpapa149@gmail.com,ร้านก๋วยเตี๋ยวมวล บางปะแก้ว,ร้านก๋วยเตี๋ยวมวล บางปะแก้ว,Rat Burana District,Restaurant,no,Low,0,,,,,openstreetmap,1,+66860254529,"22, ถนนสุขสวัสดิ์ 13",10140,overture (meta),overture:ad8530af-da04-48aa-8359-bf1cf291dfeb
nat-tee@hotmail.com,ร้านก๋วยเตี๋ยวลกซุน,ร้านก๋วยเตี๋ยวลกซุน,Rat Burana District,Restaurant,no,Low,0,,,,,openstreetmap,1,+66955279078,279/2 ประชาอุทิศ,10140,overture (meta),overture:e078a3ee-c648-4cf9-9d94-7990246a2e4c
kongkwanbykwan@gmail.com,ร้านของขวัญเบเกอรี่,ร้านของขวัญเบเกอรี่,Rat Burana District,Bakery,no,Low,0,,,,,openstreetmap,1,+66909839824,216 Rat Burana Rd,10140,overture (meta),overture:3f33f5d4-0f0f-4b4e-adb9-94cff78d72ff
phongtrion@gmail.com,ร้านขาหมูเหยียบเมฆา,ร้านขาหมูเหยียบเมฆา,Rat Burana District,Restaurant,no,Low,0,,,,,openstreetmap,1,+6621252468,666 Soi Rat Burana 44,10140,overture (meta),overture:cd878bd1-56a4-456f-a6ca-55a711176d52
chim_caffe@yahoo.com,ร้านชิมกาแฟและอาหารไทย,ร้านชิมกาแฟและอาหารไทย,Rat Burana District,Cafe,no,Low,0,,,,,openstreetmap,1,+6628167684,519/2 ถนนราษฏร์บูรณะ แขวง ราษฎร์บูรณะ,10140,overture (meta),overture:364e55da-3789-4d82-81ee-c2285c7629a9
tookaroi.official@gmail.com,ร้านถูกอร่อย,ร้านถูกอร่อย,Rat Burana District,Asian; Thai,no,Low,0,,,,,openstreetmap,1,+6624632490,ถ.สุขสวัสดิ์,10140,overture (meta),overture:4dcabb15-d5db-48b8-a146-1b0557d61480
starrock062@gmail.com,ร้านลูกชิ้นย่างเนย น้ำจิ้มรสเด็ด ฮาลาล,ร้านลูกชิ้นย่างเนย น้ำจิ้มรสเด็ด ฮาลาล,Rat Burana District,Restaurant,no,Low,0,,,,,openstreetmap,2,,410/8 ถนน ประชาอุทิศ,10140,overture (meta),overture:484e4903-ebbc-41a0-b987-2c1d4fcd21e5
sunnight2511@gmail.com,ร้านสูตรเตี๋ยวต้มยำหมูรสเด็ด,ร้านสูตรเตี๋ยวต้มยำหมูรสเด็ด,Rat Burana District,Restaurant,no,Low,0,,,,,openstreetmap,1,+66802628969,533 Chom Thong Burana Frontage Road,10140,overture (meta),overture:5f4ad3a2-06c0-4c14-b9bc-73e4ae7adb0a
shenuan168@gmail.com,ร้านอาหารเจฝอกวง,ร้านอาหารเจฝอกวง,Rat Burana District,Restaurant,no,Low,0,,,,,openstreetmap,1,+66917238168,336/6 ถนน ประชาอุทิศ,10140,overture (meta),overture:6b47432c-6dfc-4b72-a1d9-80ad7be3278f
kao-samed@hotmail.com,ร้านเกาะเสม็ด | Bangkok,ร้านเกาะเสม็ด | Bangkok,Rat Burana District,Asian; Thai,no,Low,0,,,,,openstreetmap,1,+66994855290,,10140,overture (meta),overture:1025fa61-38d5-46b4-a0c1-3bf63ad66a24
jarodlai91@gmail.com,ร้านเจ๊อ้อย,ร้านเจ๊อ้อย,Rat Burana District,Restaurant,no,Low,0,,,,,openstreetmap,1,+66817021035,49 Suk Sawat 44 Alley,10140,overture (meta),overture:b189b4f0-dd8d-47ff-9c29-f2df1a458cf0
kunjira.boonjen0410@gmail.com,ร้านแก้วเบียร์,ร้านแก้วเบียร์,Rat Burana District,Bar,no,Low,0,,,,,openstreetmap,1,+66842311198,ร้านแก้วเบียร์ สุขสวัสด์30,10140,overture (meta),overture:9bffb45f-2f6e-44fe-a50f-e165505c79e0
oil_prapattsorn@gmail.com,ร้านแม่อัน ซีฟู้ด พระประแดง,ร้านแม่อัน ซีฟู้ด พระประแดง,Rat Burana District,Seafood,no,Low,0,,,,,openstreetmap,1,+66935693501,120/74 ซอย ทวงสิทธิ์,10140,overture (meta),overture:169d30f9-b9d5-4499-a865-b60f3e2352bf
siriyagronw60@gmail.com,ลาบอุบลรัชดา32,ลาบอุบลรัชดา32,Rat Burana District,Restaurant,no,Low,0,,,,,openstreetmap,1,+66993430687,22/108 ร้านลาบอุบล ปากซอยรัชดา32,10900,overture (meta),overture:923968ad-4f94-4ce0-ba88-0e7cff71376b
im_roseapple@hotmail.com,ลูกชิ้นหมูปิ้งสุขสวัสดิ์,ลูกชิ้นหมูปิ้งสุขสวัสดิ์,Rat Burana District,Restaurant,no,Low,0,,,,,openstreetmap,1,+66952471592,5 สุขสวัสดิ์ 26,10140,overture (meta),overture:f0492f27-06ae-4fcf-9235-5215cac0f779
voracheat491@gmail.com,"วกวน.หลง.เลยฉบับร้าน""""แล้วแต่""""","วกวน.หลง.เลยฉบับร้าน""""แล้วแต่""""",Rat Burana District,Restaurant,no,Low,0,Local,,https://www.wongnai.com/restaurants/610855wO-%E0%B8%A3%E0%B9%89%E0%B8%B2%E0%B8%99-%E0%B9%81%E0%B8%A5%E0%B9%89%E0%B8%A7%E0%B9%81%E0%B8%95%E0%B9%88-by-oho-chompoo,sawasdeecrabs@gmail.com; songkungza8611@gmail.com; kewsadizz39@gmail.com; lovely_par29095@hotmail.com; devi.poo91@gmail.com; nattaphong.ph@gmail.com,venue website,1,+66844597820,ราษฎร์พัฒนา,10140,overture (meta),overture:39cde391-9818-49ee-b6ec-434fd49c1341
aungwoon3545@gmail.com,วัดในประเทศไทย,วัดในประเทศไทย,Rat Burana District,Asian; Thai,no,Low,0,,,,,openstreetmap,1,+66810420873,2500,65000,overture (meta),overture:920cbe87-5c88-4da6-a228-bc2b94eb9d35
somjaicrispypork@gmail.com,สมใจหมูกรอบ,สมใจหมูกรอบ,Rat Burana District,Asian; Thai,no,Low,0,,,,,openstreetmap,1,+66902412882,3 ถนน สุขสวัสดิ์,10140,overture (meta),overture:237a2133-f588-497e-861e-b40e092dfabc
nuttigerlove@gmail.com,สวนเสือรักษ์,สวนเสือรักษ์,Rat Burana District,Cafe,no,Low,0,,,https://line.me/ti/p/pz07YCuT3z,,openstreetmap,1,+66892292993,33 ถนน สุขสวัสดิ์,10140,overture (meta),overture:e11a58ba-8ee7-4020-bc05-9850bce267c8
nootong1308@gmail.com,ส้มตำ ยำ จิ้มจุ่ม ข้างเขตราษฎร์บูรณะ,ส้มตำ ยำ จิ้มจุ่ม ข้างเขตราษฎร์บูรณะ,Rat Burana District,Restaurant,no,Low,0,,,,,openstreetmap,1,+66896822924,เซเว่นเปิดใหม่ ข้างเขตราษฎร์บูรณะ,10140,overture (meta),overture:8d148dcf-ad6d-4da8-a287-092cc7368d07
moknuerbangkok@gmail.com,หมกเนื้อบางกอก,หมกเนื้อบางกอก,Rat Burana District,Restaurant,no,Low,0,,,,,openstreetmap,1,+66625348913,220 ถนน สุขสวัสดิ์,10140,overture (meta),overture:98144838-13b5-4fe8-ab05-c33ab173761b
dumex.aoe@gmail.com,หมูทอดสองขั้น,หมูทอดสองขั้น,Rat Burana District,Restaurant,no,Low,0,,,,,openstreetmap,1,+66825554470,83 สุขสวัสดิ์ 13,10140,overture (meta),overture:90b97101-fb11-40ba-b9b5-2abea4b52f15
pui.8580@gmail.com,หมูปิ้ง ปลั๊ก และ ปุ๋ย,หมูปิ้ง ปลั๊ก และ ปุ๋ย,Rat Burana District,Restaurant,no,Low,0,,,,,openstreetmap,1,+66942927628,Suk Sawat 38 Alley,10140,overture (meta),overture:2925bc63-95ad-4c6a-b0f4-bdf47b87bea1
damie.pukki@gmail.com,หอมคำลาว,หอมคำลาว,Rat Burana District,Restaurant,no,Low,0,,,,,openstreetmap,1,+66615900687,141/13 ประชาอุทิศ 27,10140,overture (meta),overture:12e35008-ccbb-4d05-a089-b0b9c5a41c15
addesigncenter1@gmail.com,อีสานยกทัพ,อีสานยกทัพ,Rat Burana District,Cafe,no,Low,0,,,,,openstreetmap,1,+66619962288,32 สุขสวัสดิ์ 26,10140,overture (meta),overture:478adf1b-166e-4168-8ffa-54fa8d0d5f25
siriprapa.chok@gmail.com,เจ๊แอน ส้มตำไข่เค็ม  คอหมูย่างนมสด ซอย26 เจ้าเก่า,เจ๊แอน ส้มตำไข่เค็ม  คอหมูย่างนมสด ซอย26 เจ้าเก่า,Rat Burana District,Asian; Thai,no,Low,0,,,,,openstreetmap,1,+66979522459,536 ซอยสุขสวัสดิ์ 26 เข้าจากปากซอย 800 เมตร ริมถนน ขวามือ ติดกับร้านน้ำแข็ง,10150,overture (meta),overture:444fa48a-c1db-4a35-8ee7-cdad35dad8b5
umacurtain2@gmail.com,เติมพอดี ซอยสุขสวัสดิ์17,เติมพอดี ซอยสุขสวัสดิ์17,Rat Burana District,Restaurant,no,Low,0,,,,,openstreetmap,1,+66819116423,12 ถนน สุขสวัสดิ์,10140,overture (meta),overture:d8a1781c-464b-4b69-937a-d84d07ff9655
pornmongkon.y714@gmail.com,เตี๋ยวเรือ 28,เตี๋ยวเรือ 28,Rat Burana District,Asian; Japanese,no,Low,0,,,,,openstreetmap,1,+66955281346,98 Suk Sawat Rd 26,10140,overture (meta),overture:426d99d0-c78f-45a6-b1a8-b3aefc5ee79d
noodles.ratburana25@gmail.com,เตี๋ยวเรือปากแซ่บ,เตี๋ยวเรือปากแซ่บ,Rat Burana District,Asian; Japanese,no,Low,0,,,,,openstreetmap,1,+66824996699,17/4 ซอยราษฎร์บูรณะ25 ถ.ราษฎร์บูรณะ แขวงราษฎร์บูรณะ เขตราษฎร์บูรณะ ,10140,overture (meta),overture:c2a7f43c-0c58-4179-bef7-59b1bdaf26d1
pensiri.yingying@gmail.com,เตี๋ยวไก่เต็มชาม,เตี๋ยวไก่เต็มชาม,Rat Burana District,Restaurant,no,Low,0,,,,,openstreetmap,1,+66910747545,"บางปะกอก, ราษฎร์บูรณะ, กรุงเทพมหานคร, ประเทศไทย",10140,overture (meta),overture:da6baec9-485c-4c54-94d3-c0f63b1f8965
reaunyok.radburana@gmail.com,เรือนหยก สุกี้โบราณ,เรือนหยก สุกี้โบราณ,Rat Burana District,Asian; Chinese,no,Low,0,Local,,http://www.reaunyoksukiyaki.com/,,openstreetmap,1,+6628714587,ซอยสุขสวัสดิ์ 30,10140,overture (meta),overture:01f0b544-bf08-4d08-af36-2880f0d134ca
gfm0616465918@gmail.com,เล้งแซ่บ ซุปเปอร์นั่ว,เล้งแซ่บ ซุปเปอร์นั่ว,Rat Burana District,Asian; Thai,no,Low,0,,,,,openstreetmap,1,+66616465918,7 สุขสวัสดิ์ 26,10140,overture (meta),overture:108ed2c8-d686-4ecf-aa7c-2eadaf057107
beberry_88@hotmail.co.th,เฮงปังปั๊ว สาขาราษฎร์บูรณะ,เฮงปังปั๊ว สาขาราษฎร์บูรณะ,Rat Burana District,Restaurant,no,Low,0,,,,,openstreetmap,1,+66611417754,376 ราษฎร์บูรณะ 48,10140,overture (meta),overture:bf110028-af8b-4616-a9f2-856154d4407f
kaitodshantou@gmail.com,ไก่ทอดซัวเถา,ไก่ทอดซัวเถา,Rat Burana District,Seafood,no,Low,0,,,,,openstreetmap,1,+66955651625,เลขที่ 141 353-4 ซอย ประชาอุทิศ 27 แยก 6 ตำบลราษฎร์บูรณะ เขตราษฎร์บูรณะ กรุงเทพมหานคร 10140,10140,overture (meta),overture:6027ba85-c948-4cd0-ae65-a52cf4283b48
pat15142111@gmail.com,ไก่ย่างยะห์โก๊ด,ไก่ย่างยะห์โก๊ด,Rat Burana District,Restaurant,no,Low,0,,,,,openstreetmap,1,+66816448690,ถ.ประชาอุทิศ 59 แยก 3 ( หน้ามัสยิดอัตตักวา ),10140,overture (meta),overture:6b658aba-0d0d-4b73-a77a-103761b1f172
baansushi.prachauthit@gmail.com,ไข่หวานบ้านซูชิ,ไข่หวานบ้านซูชิ,Rat Burana District,Asian; Sushi,no,Low,0,,,,,openstreetmap,1,+66917085049,"175/3-4, Pracha Uthit Rd",10140,overture (meta),overture:196a4838-3622-4f86-869d-f4ef685bffed
thai-charoen@hotmail.com,ไทยเจริญประตูม้วน,ไทยเจริญประตูม้วน,Rat Burana District,Asian; Thai,no,Low,0,,,,,openstreetmap,1,+6624276336,1 ซอย สุขสวัสดิ์ 30 แยก 10,10140,overture (meta),overture:35cf78a4-8b39-4a67-8259-3679e59e40ba
