email,name,borough,categories,website,other_emails,email_source,locations,phone,address,postcode,osm_url
info@ahaadosa.co.uk,Ahaa Dosa,Hounslow,Indian,https://www.ahaadosa.co.uk/,,venue website,1,+44 20 8572 4413,68 Staines Road,TW3 3LF,https://www.openstreetmap.org/way/1039080280
arcane@arcane.london,Arcane,Hounslow,Cafe,https://www.arcane.london/,,openstreetmap,1,,42 Devonshire Road,,https://www.openstreetmap.org/way/207885723
hello@ballucci.co.uk,Ballucci,Hounslow,Cafe,https://ballucci.co.uk,,venue website,2,,479 London Road,TW7 4BX,https://www.openstreetmap.org/node/8293437164
orders@cakeglory.com,Cake Glory,Hounslow,Bakery,https://cakeglory.com,,venue website,1,+44 7710 547740,102a High Street,TW13 4EX,https://www.openstreetmap.org/node/7039092710
hoot@cakeowls.com,Cake Owls,Hounslow,Bakery,https://cakeowls.com/,,venue website,1,,High Street,TW13 4BS,https://www.openstreetmap.org/node/7040994628
hello@chief-coffee.com,Chief Coffee,Hounslow,Breakfast,https://chief-coffee.com,,venue website,1,,4 Turnham Green Terrace Mews,W4 1QU,https://www.openstreetmap.org/node/9197370420
admin@connollysofchiswick.com,Connolly's Bar,Hounslow,Pub,https://www.connollysofchiswick.com/,,openstreetmap,1,+44 20 8994 3980,450 Chiswick High Road,W4 5TT,https://www.openstreetmap.org/way/205562545
hounslow@creamscafe.com,Creams,Hounslow,Ice cream,https://www.creamscafe.com/our-stores/hounslow/,,openstreetmap,1,+44 20 8577 9866,7 High Street,TW3 1RH,https://www.openstreetmap.org/node/9176885568
info@dgrandetexmex.com,D Grande,Hounslow,Mexican,https://dgrandetexmex.com/,,openstreetmap,1,+44 20 3667 7257,132 Chiswick High Road,W4 1PU,https://www.openstreetmap.org/node/8514475804
info@dayfreshuk.com,DayFresh,Hounslow,Cafe,https://www.dayfreshuk.com/,catering@dayfreshuk.com,venue website,1,,395 Chiswick High Road,W4 4AR,https://www.openstreetmap.org/node/13982941022
info@desifusionfood.co.uk,Desi Fusion Food,Hounslow,Restaurant,,,openstreetmap,1,+44 20 8894 7966,,,https://www.openstreetmap.org/node/13336395275
dragonsperiperiuk@gmail.com,Dragons Peri Peri,Hounslow,Burger,https://www.dragonsperiperi.co.uk/,,venue website,1,,173 Staines Road,TW3 3LL,https://www.openstreetmap.org/way/1134968122
info@everestspicelounge.co.uk,Everest Spice Lounge,Hounslow,Indian,https://everestspicelounge.co.uk/,,venue website,1,+44 20 4618 9952,Hanworth Road,TW13 5AX,https://www.openstreetmap.org/way/190469281
info@featherandheart.com,Feather & Heart,Hounslow,Cafe,https://featherandheart.com/,,venue website,1,+44 20 8568 8173,4 Brentford Lock,,https://www.openstreetmap.org/node/10687837316
georgeanddevonshire@gmail.com,George and Devonshire,Hounslow,Pub,https://www.georgeanddevonshire.co.uk/,,openstreetmap,1,+44 20 8742 7342,8 Burlington Lane,W4 2QE,https://www.openstreetmap.org/way/1381522782
info@groveparkdeli.com,Grove Park Deli,Hounslow,Deli,https://groveparkdeli.com,,venue website,1,+44 20 8995 8219,22 Fauconberg Road,,https://www.openstreetmap.org/node/702964697
info@lilnashville.co.uk,Lil' Nashville,Hounslow,Burger,https://www.lilnashville.co.uk/,london@lilnashville.co.uk; bristol@lilnashville.co.uk,openstreetmap,1,+44 20 4619 8285,11 Barley Mow Passage,W4 4PH,https://www.openstreetmap.org/node/249573138
chiswick@littlebirdrestaurants.com,Little Bird,Hounslow,Restaurant,https://littlebirdrestaurants.com/,,venue website,1,,,,https://www.openstreetmap.org/node/11355881804
hello@nillebanese.co.uk,Nil Lebanese,Hounslow,Cafe,https://www.nillebanese.co.uk/,,venue website,1,,405 Chiswick High Road,W4 4AR,https://www.openstreetmap.org/node/13982941020
reservations@no197chiswickfirestation.co.uk,No 197 Chiswick Fire Station,Hounslow,Restaurant,https://www.no197chiswickfirestation.co.uk/,,venue website,1,,197-199 Chiswick High Road,,https://www.openstreetmap.org/way/205748412
info@oodles-noodlesldn.co.uk,Oodles n’Oodles,Hounslow,Restaurant,https://www.oodles-noodlesldn.co.uk/,,venue website,1,,Air Park Way,TW13 7LX,https://www.openstreetmap.org/way/23404432
thequeensheadcr@gmail.com,Queen's Head,Hounslow,Pub,https://www.queens-head-cranford.co.uk/,,venue website,1,,123 High Street,TW5 9PB,https://www.openstreetmap.org/way/630896789
333raaga@gmail.com,Raaga,Hounslow,Indian,https://raaga.uk,,venue website,1,,333 Staines Road,TW14 9HF,https://www.openstreetmap.org/node/14054773137
contact@rockysfastfood.co.uk,Rockys,Hounslow,Burger,https://rockysfastfood.co.uk/,,venue website,1,,768A Bath Road,TW5 9TY,https://www.openstreetmap.org/node/1719484027
info@roseandcrownheston.co.uk,Rose and Crown,Hounslow,Pub,https://www.roseandcrownheston.co.uk/index,,venue website,1,,220 Heston Road,TW5 0RH,https://www.openstreetmap.org/relation/17299869
hello@samswaterside.co.uk,Sam's Waterside,Hounslow,Restaurant,https://www.samswaterside.co.uk,,openstreetmap,1,+44 20 8150 1020,3 Kingham Avenue,,https://www.openstreetmap.org/node/12066174044
6bellsbrentford2022@gmail.com,Six Bells,Hounslow,Pub,https://www.six-bells-brentford.co.uk/,,openstreetmap,1,+44 208 560 0572,148 High Street,TW8 8EW,https://www.openstreetmap.org/way/1218469992
chanelle@thehogarth.co.uk,The Airedale Cafe and Bar,Hounslow,Cafe,https://www.thehogarth.co.uk/airedale,,venue website,1,,,,https://www.openstreetmap.org/node/10607905498
james.carey3@gmail.com,The Beehive,Hounslow,Pub,https://www.beehivebrentford.co.uk/,,openstreetmap,1,+44 20 8560 2215,227 High Street,TW8 0JG,https://www.openstreetmap.org/way/175632029
info@thebellonthegreen.com,The Bell on the Green,Hounslow,Pub,https://thebellonthegreen.com/,bellus@thebellonthegreen.com,venue website,1,+44 20 8751 1599,661 Staines Road,TW14 8PA,https://www.openstreetmap.org/node/6374297856
info@brewery-tap.co.uk,The Brewery Tap,Hounslow,Pub,https://www.brewery-tap.co.uk/,,openstreetmap,1,+44 208 568 6006,Catherine Wheel Road,TW8 8BD,https://www.openstreetmap.org/way/899331123
info@citybargechiswick.com,The City Barge,Hounslow,Pub,https://www.citybargechiswick.com/,,venue website,1,,Strand-on-The-Green,W4 3PH,https://www.openstreetmap.org/way/909926391
hello@crownandanchorchiswick.com,The Crown and Anchor,Hounslow,Burger; Pub; Seafood,https://www.crownandanchorchiswick.com/,,openstreetmap,1,+44 20 8995 2607,374 Chiswick High Road,W4 5TA,https://www.openstreetmap.org/way/205143238
boothroyd03@hotmail.com,The Duck and Ball,Hounslow,Pub,https://www.chiswickcc.org/clients/,,venue website,1,,Riverside Drive,W4 2SP,https://www.openstreetmap.org/way/948427610
clairepeleschka@yahoo.co.uk,The Griffin,Hounslow,Pub,https://www.griffinbrentford.co.uk/,,venue website,1,,,,https://www.openstreetmap.org/node/257807923
info@hotplatebuffet.com,The Grill at Park Grand London Heathrow,Hounslow,Restaurant,https://www.hotplatebuffet.com/,bookings@hotplatebuffet.com,openstreetmap,1,+44 20 8570 7577,449 Great West Road,TW5 0BU,https://www.openstreetmap.org/node/8758089949
hello@thelordnelsonbrentford.co.uk,The Lord Nelson,Hounslow,Pub,https://www.thelordnelsonbrentford.co.uk/,,venue website,1,+44 20 8568 1877,9-11 Enfield Road,TW8 9NY,https://www.openstreetmap.org/way/378650642
info@brunningandprice.co.uk,The Roebuck,Hounslow,Pub,https://www.brunningandprice.co.uk/roebuck/,,venue website,2,+44 20 3978 2162,122 Chiswick High Road,W4 1PU,https://www.openstreetmap.org/node/262702979
jay@myhounslow.co.uk,Toca do Coelho,Hounslow,Cafe,https://myhounslow.co.uk/business/toca-do-coelho/,,venue website,1,,,,https://www.openstreetmap.org/way/277827637
mllegeorgesand@gmail.com,Urban Baristas,Hounslow,Cafe,https://www.urbanbaristas.co.uk/tools/locations/locations/hounslow,,venue website,1,,5 Smithy Lane,,https://www.openstreetmap.org/node/14067129903
reservations@villadigeggiano.co.uk,Villa di Geggiano,Hounslow,Italian,https://villadigeggiano.co.uk/,,venue website,1,+44 20 3384 9442,66-68 Chiswick High Road,W4 1SY,https://www.openstreetmap.org/node/12430722008
enquiries@watermans-arms.co.uk,Watermans Arms,Hounslow,Pub,https://watermans-arms.co.uk,,venue website,1,,,,https://www.openstreetmap.org/way/294766476
feedback@zizzi.co.uk,Zizzi,Hounslow,Italian,https://www.zizzi.co.uk/italian/restaurants/chiswick,,venue website,1,,,,https://www.openstreetmap.org/node/6964206810
