website,website_type,name,borough,area,categories,email,locations,phone,address,postcode,source,osm_url
https://601queensrd.co.uk/,own site,601 Queens Road,Merton,Wimbledon,Pub,reservations@601queensrd.co.uk,1,,The Broadway,SW19 8ND,openstreetmap,https://www.openstreetmap.org/node/4117016441
http://www.alfornowimbledon.com,own site,Al Forno,Merton,Wimbledon,Italian,,1,,2a Kings Road,SW19 8QN,openstreetmap,https://www.openstreetmap.org/way/479124174
https://ambiencerestaurant.co.uk/,own site,Ambience,Merton,Wimbledon,Restaurant,info@ambiencerestaurant.co.uk,1,,12 Leopold Road,SW19 7BD,openstreetmap,https://www.openstreetmap.org/way/363996374
http://www.assistedbynature.com/,own site,Assisted by Nature,Merton,South Wimbledon,Restaurant,toydaniels@gmail.com,1,+44 7878 199775,14 Watermill Way,SW19 2RD,openstreetmap,https://www.openstreetmap.org/node/7124043149
https://babylon76-78.co.uk/,own site,Babylon,Merton,Raynes Park,Restaurant,bookings@babylon76-78.co.uk,1,,76-78 Coombe Lane,SW20 0AX,openstreetmap,https://www.openstreetmap.org/node/6859085200
https://www.bar191.co.uk/,own site,Bar 191,Merton,Raynes Park,Spanish,,1,+44 20 8944 5533,,,openstreetmap,https://www.openstreetmap.org/node/6797555095
https://www.bawi.co.uk/,"own site (found by name, postcode verified)",Bawi,Merton,Raynes Park / Wimbledon,Restaurant,info@bawi.co.uk,2,,"283 Kingston Road, Raynes Park",SW20 8LB,food standards agency,https://ratings.food.gov.uk/business/1780485
https://www.bayley-sage.co.uk/,own site,Bayley and Sage,Merton,Wimbledon,Deli,,1,+44 20 8946 9904,60 High Street,SW19 5EE,openstreetmap,https://www.openstreetmap.org/node/423749758
https://bellacapriwimbledon.co.uk,own site,Bella Capri,Merton,Wimbledon,Italian,bellacapriwimbledon@gmail.com,1,,25 High Street,SW19 5DX,openstreetmap,https://www.openstreetmap.org/node/423749753
https://bengalbistro.uk/,"own site (found by name, postcode verified)",Bengal Bistro,Merton,Wimbledon,French,,1,,"169 Arthur Road, Wimbledon",SW19 8AD,food standards agency,https://ratings.food.gov.uk/business/1827457
https://bills-website.co.uk/restaurants/london-wimbledon/,own site,Bill's,Merton,Wimbledon,Restaurant,wimbledon@bills-email.co.uk,1,+44 20 8947 8285,20 Hartfield Road,SW19 3TA,openstreetmap,https://www.openstreetmap.org/node/395412152
https://www.blackradishsw19.com/,own site,Black Radish,Merton,Wimbledon,Restaurant,contact@blackradishsw19.com,1,,28 Ridgway,SW19 4QW,openstreetmap,https://www.openstreetmap.org/way/469771540
https://www.bluejunction.co.uk/,own site,Blue Junction,Merton,Morden,Indian,info@bluejunction.co.uk,1,+44 20 8540 2583,1 Crown Lane,SM4 5DA,openstreetmap,https://www.openstreetmap.org/node/12852889893
https://bobochacha.com/,own site,Bobochacha,Merton,Wimbledon,Asian,info@bobochacha.com,2,+44 20 8143 1375,77 The Broadway,SW19 1QE,openstreetmap,https://www.openstreetmap.org/way/480477268
https://bombaydelight.co.uk/en,own site,Bombay Delight,Merton,South Wimbledon,Indian,info@bombaydelight.co.uk,1,+442045686294,271-273 The Broadway,SW19 1SD,openstreetmap,https://www.openstreetmap.org/way/480477236
https://bosakitchen.co.uk/,"own site (found by name, postcode verified)",Bosa Kitchen,Merton,Raynes Park,Restaurant,info@bosakitchen.co.uk,3,,"310 Worple Road, Raynes Park",SW20 8QU,food standards agency,https://ratings.food.gov.uk/business/1788374
https://brew-cafe.com/location/london-wimbledon/,own site,Brew,Merton,Wimbledon,Restaurant,,1,,21 High Street,SW19 5DX,openstreetmap,https://www.openstreetmap.org/way/374687265
https://www.barestaurant.com/restaurants/wimbledon/,own site,Buenos Aires,Merton,Wimbledon,Restaurant,wimbledon@barestaurant.com,1,,62 Wimbledon Hill Road,SW19 7PA,openstreetmap,https://www.openstreetmap.org/way/468103565
https://locations.burgerking.co.uk/london/priory-retail-park,own site,Burger King,Merton,Colliers Wood,Burger,,1,,131 High Street Colliers Wood,SW19 2PP,openstreetmap,https://www.openstreetmap.org/way/96007037
https://cafemori.co.uk/,"own site (found by name, postcode verified)",Cafe Mori,Merton,Wimbledon,Asian; Japanese,,1,,68 The Broadway,SW19 1RQ,openstreetmap,https://www.openstreetmap.org/node/4721061535
https://www.caffenero.com/uk/stores/wimbledon-village,own site,Caffè Nero,Merton,Wimbledon,Breakfast,,1,,68-69 High Street,SW19 5EE,openstreetmap,https://www.openstreetmap.org/node/1680414573
https://www.caffenero.com/uk/stores/wimbledon-elys,own site,Caffè Nero,Merton,Wimbledon,Breakfast,,1,,,SW19 4DP,openstreetmap,https://www.openstreetmap.org/node/4638555141
https://www.caffenero.com/uk/stores/wimbledon-broadway,own site,Caffè Nero,Merton,Wimbledon,Breakfast,,1,,6 The Broadway,SW19 1RF,openstreetmap,https://www.openstreetmap.org/way/460796341
https://www.cakebox.com/storelocator/morden,own site,Cake Box,Merton,Morden,Bakery,hello@cakebox.com,1,+442086871866,33 London Road,SM4 5HT,openstreetmap,https://www.openstreetmap.org/node/14201159478
https://www.casaargentina.co.uk/,own site,Casa Argentina,Merton,Wimbledon,Deli,info@casaargentina.com,1,,156 Arthur Road,SW19 8AQ,openstreetmap,https://www.openstreetmap.org/way/363976700
https://www.casuarinatree.com/,"own site (found by name, postcode verified)",Casuarina Tree,Merton,Mitcham,Indian,info@casuarinatree.com,1,,407 London Road,CR4 4BG,openstreetmap,https://www.openstreetmap.org/node/26544484
https://thecavanbakery.co.uk/,chain site (same name as 3 mapped branches),Cavan Bakery,Merton,Wimbledon,Bakery,info@thecavanbakery.co.uk,8,,143 Arthur Road,SW19 8AB,openstreetmap,https://www.openstreetmap.org/way/363976705
https://centanni.co.uk/,own site,Cent Anni,Merton,Wimbledon,Italian,,1,,33 High Street,SW19 5BY,openstreetmap,https://www.openstreetmap.org/node/423749755
https://chasekebab.co.uk/,"own site (found by name, postcode verified)",Chase Kebab,Merton,Raynes Park,Restaurant,,1,,"334 Kingston Road, Raynes Park",SW20 8LR,food standards agency,https://ratings.food.gov.uk/business/1625251
https://www.chickandbeers.uk/,own site,Chick n Beer,Merton,Raynes Park,Asian; Korean,,1,,282 Burlington Road,KT3 4NL,openstreetmap,https://www.openstreetmap.org/node/3217376061
https://www.cocobeanz.co.uk/,own site,Cocobeanz Colliers Wood,Merton,Colliers Wood,Cafe,promotions@cocobeanz.co.uk,1,+44 7828 746236,2 Christchurch Road,,openstreetmap,https://www.openstreetmap.org/node/13311633901
https://www.creamscafe.com/our-stores/morden/,own site,Creams,Merton,Morden,Ice cream,morden@creamscafe.com,1,,23 London Road,SM4 5HT,openstreetmap,https://www.openstreetmap.org/node/14201159480
https://www.crownofmitcham.co.uk/,own site (Wikidata),Crown of Mitcham,Merton,Mitcham,Asian; Chinese; Indian; Pub,crownofmitcham@gmail.com,1,,Carshalton Road,CR4 4HJ,openstreetmap,https://www.openstreetmap.org/way/147669044
https://www.crystaltakeaway.co.uk/,own site,Crystal Chinese,Merton,Raynes Park,Asian; Chinese,mailbox@crystaltakeaway.co.uk,1,+44 20 8543 5365,413 Kingston Road,SW20 8JS,openstreetmap,https://www.openstreetmap.org/node/6933231067
https://www.culynart.com/,"own site (found by name, postcode verified)",CulynArt Limited,Merton,Wimbledon,Restaurant,info@culynart.com,1,,"Unit 5 Karma Kitchen 18 Weir Road, Wimbledon",SW19 8UG,food standards agency,https://ratings.food.gov.uk/business/1895849
https://www.cote.co.uk/restaurant/wimbledon,own site,Côte Brasserie,Merton,Wimbledon,French,wimbledon@cote.co.uk,1,+44 20 8947 7100,8 High Street,SW19 5DX,openstreetmap,https://www.openstreetmap.org/way/373892433
https://www.dalchini.co.uk/,own site,Dalchini,Merton,Wimbledon,Asian; Chinese,info@dalchini.co.uk,1,+44 20 8947 5966,147 Arthur Road,SW19 8AB,openstreetmap,https://www.openstreetmap.org/way/363976699
https://www.dallaschicken.co.uk/,own site,Dallas Chicken and Ribs,Merton,South Wimbledon,Takeaway,info@dallaschicken.co.uk,1,,240 Merton High Street,SW19 1AU,openstreetmap,https://www.openstreetmap.org/node/1481364487
https://ramendanbo.com/,own site,Danbo,Merton,Wimbledon,Asian; Japanese,,2,,62 The Broadway,SW19 1RQ,openstreetmap,https://www.openstreetmap.org/node/13305498501
https://dandan-restaurant.co.uk/wimbledon,own site,DanDan,Merton,Wimbledon,Asian,wimbledon@dandan-restaurant.co.uk,1,,80 The Broadway,SW19 1RH,openstreetmap,https://www.openstreetmap.org/way/461483930
https://www.dominos.co.uk/pizza-near-me/morden/16-morden-court-parade,own site,Domino's,Merton,Morden,Pizza,,1,,16 London Road,SM4 5HJ,openstreetmap,https://www.openstreetmap.org/node/5105666263
https://www.dropshotcoffee.co.uk/,"own site (found by name, postcode verified)",DropShot Coffee,Merton,Wimbledon,Restaurant,ed@dropshotcoffee.co.uk,2,,"8 Leopold Road, Wimbledon",SW19 7BD,food standards agency,https://ratings.food.gov.uk/business/1697017
https://ecklee.co.uk/grill,"own site (found by name, postcode verified)",Ecklee Grill,Merton,Lower Morden,Cafe,hello@ecklee.co.uk,1,,355 West Barnes Lane,KT3 6JF,openstreetmap,https://www.openstreetmap.org/node/3353970564
https://efespremium.co.uk/,"own site (found by name, postcode verified)",EFES Premium,Merton,Wimbledon,Restaurant,bookings@efespremium.co.uk,1,,"37 - 39 Hartfield Road, Wimbledon",SW19 3SG,food standards agency,https://ratings.food.gov.uk/business/1677110
https://elahaindianrestaurantmorden.co.uk/,"own site (found by name, postcode verified)",Elaha Indian Restaurant,Merton,Morden,Indian,,1,,"121 Green Lane, Morden",SM4 6SE,food standards agency,https://ratings.food.gov.uk/business/200219
https://www.elyswimbledon.co.uk/restaurant/,own site,Ely's Restaurant,Merton,Wimbledon,Restaurant,customerexperience@elyswimbledon.co.uk,1,,,SW19 4DP,openstreetmap,https://www.openstreetmap.org/node/4638555140
https://esquirescoffee.co.uk,own site,Esquires Coffee,Merton,Colliers Wood,Breakfast,,1,+44 20 3340 2756,11 Christchurch Road,SW19 2FA,openstreetmap,https://www.openstreetmap.org/node/5535817121
https://www.feltbakery.com/,"own site (found by name, postcode verified)",Felt Bakery,Merton,Wimbledon,Asian; Bakery; Japanese,,1,,156 Arthur Road,SW19 8AQ,openstreetmap,https://www.openstreetmap.org/node/14072179901
https://restaurants.fiveguys.co.uk/greater-london/48/50-the-broadway,own site,Five Guys,Merton,Wimbledon,Burger,,1,+44 20 8540 1239,48-50 The Broadway,SW19 1RQ,openstreetmap,https://www.openstreetmap.org/way/460796359
https://forestvillagekindergarten.co.uk/,"own site (found by name, postcode verified)",Forest Village Kindergarten,Merton,St Helier,Restaurant,info@forestvillagekindergarten.co.uk,1,,"25A Faversham Road, Morden",SM4 6RE,food standards agency,https://ratings.food.gov.uk/business/1574080
https://www.francomanca.co.uk/restaurants/wimbledon/,own site,Franco Manca,Merton,Wimbledon,Pizza,,1,,20 The Broadway,SW19 1RE,openstreetmap,https://www.openstreetmap.org/way/460796332
https://funkyowlsnursery.com/,"own site (found by name, postcode verified)",Funky Owls Nursery,Merton,Colliers Wood,Restaurant,info@funkyowlsnursery.com,1,,"111 - 115 High Street Collier's Wood, Colliers Wood",SW19 2HR,food standards agency,https://ratings.food.gov.uk/business/1223202
https://gails.com/pages/wimbledon-broadway,own site,GAIL's,Merton,Wimbledon,Bakery; Breakfast,,1,+442045468168,33 The Broadway,SW19 1QB,openstreetmap,https://www.openstreetmap.org/node/4568748346
https://gails.com/pages/wimbledon-village,own site,GAIL's,Merton,Wimbledon,Bakery,,1,,9 High Street,SW19 5DX,openstreetmap,https://www.openstreetmap.org/way/374114306
https://ganleysirishbar.com/,own site,Ganley's Irish Bar,Merton,Morden,Pub,ganleymorden@outlook.com,1,+442086850481,43-47 London Road,SM4 5HP,openstreetmap,https://www.openstreetmap.org/node/4617068622
https://www.gckitchen.com/,own site,GC Kitchen,Merton,Merton Park,Asian; Chinese,wowokchina@gmail.com,1,+44 20 8540 8313,148 Merton Hall Road,SW19 3PZ,openstreetmap,https://www.openstreetmap.org/node/12304235681
https://www.gigglingsquid.com/restaurant/wimbledon/,own site,Giggling Squid,Merton,Wimbledon,Asian,centralbookings@gigglingsquid.com,1,,26 High Street,SW19 5BY,openstreetmap,https://www.openstreetmap.org/node/423749754
https://goodgoodstudio.co.uk/,"own site (found by name, postcode verified)",Good Good Yoga Ltd.,Merton,Wimbledon,Takeaway,hello@goodgoodstudio.co.uk,1,,"2B Worple Road Mews, Wimbledon",SW19 4DB,food standards agency,https://ratings.food.gov.uk/business/1965762
https://restaurants.gbk.co.uk/london/wimbledon,own site,Gourmet Burger Kitchen,Merton,Wimbledon,Burger,,1,+44 20 8540 3300,88 The Broadway,SW19 1RH,openstreetmap,https://www.openstreetmap.org/way/461483926
https://hakkamoon.co.uk/landing.php,"own site (found by name, postcode verified)",HakkaMoon,Merton,Mitcham,Restaurant,,1,,"185 Streatham Road, Mitcham",CR4 2AG,food standards agency,https://ratings.food.gov.uk/business/1424399
https://www.thehandinhandwimbledon.co.uk/,own site,Hand in Hand,Merton,Wimbledon,Pub,,1,,6-9 Crooked Billet,SW19 4RQ,openstreetmap,https://www.openstreetmap.org/way/450830263
https://hatayrestaurant.co.uk/,"own site (found by name, postcode verified)",Hatay Restaurant,Merton,Raynes Park,Restaurant,,1,,"94 - 96 Coombe Lane, Raynes Park",SW20 0AY,food standards agency,https://ratings.food.gov.uk/business/1270486
https://www.craftunionpubs.com/horse-and-groom-wimbledon,own site,Horse & Groom,Merton,South Wimbledon,Pub,,1,,131 Merton High Street,SW19 1DE,openstreetmap,https://www.openstreetmap.org/node/39663028
https://www.instagrabpretzel.co.uk/,"own site (found by name, postcode verified)",InstaGrab Pretzel,Merton,Morden,Bakery,hanu.georgiana@yahoo.com,1,+44 20 3952 0705,11-13 London Road,SM4 5HT,openstreetmap,https://www.openstreetmap.org/node/14201159485
https://www.itsu.com/location/west-london/wimbledon/,own site,itsu,Merton,Wimbledon,Asian,appfeedback@itsu.com,1,,1 Hartfield Road,SW19 3RU,openstreetmap,https://www.openstreetmap.org/node/5286499913
https://jingogae.wordpress.com/,own site,Jin Go Gae,Merton,Raynes Park,Asian; Korean,caesarfung@gmail.com,1,+44 20 8949 2506,272 Burlington Road,,openstreetmap,https://www.openstreetmap.org/node/3217376065
http://jovanfoods.co.uk/,"own site (found by name, postcode verified)",Jovan Foods Ltd,Merton,Mitcham,Deli,jovanfoodsltd@aol.com,1,,10 Upper Green East,CR4 2PA,openstreetmap,https://www.openstreetmap.org/node/6034012003
https://kebaby.co.uk/,own site,Kebaby,Merton,Morden,Burger; Halal,,1,+44 20 8544 5444,19 London Road,SM4 5HT,openstreetmap,https://www.openstreetmap.org/node/14201159482
https://www.kfc.co.uk/kfc-near-me/mitcham-london-road,own site,KFC,Merton,Mitcham,Takeaway,,1,,229 London Road,CR4 3NH,openstreetmap,https://www.openstreetmap.org/node/1109388568
https://www.kfc.co.uk/kfc-near-me/morden-london-road,own site,KFC,Merton,Morden,Takeaway,,1,,59 London Road,SM4 5HT,openstreetmap,https://www.openstreetmap.org/node/4617068610
https://www.kfc.co.uk/kfc-near-me/colliers-wood-chapter-way,own site,KFC,Merton,Colliers Wood,Takeaway,,1,,3 Chapter Way,SW19 2RE,openstreetmap,https://www.openstreetmap.org/way/96064890
https://www.kfc.co.uk/kfc-near-me/wimbledon-broadway,own site,KFC,Merton,Wimbledon,Takeaway,,1,,81-83 The Broadway,SW19 1QE,openstreetmap,https://www.openstreetmap.org/way/480477266
https://king-star.co.uk/,"own site (found by name, postcode verified)",King Star,Merton,South Wimbledon,Italian,,1,+44 20 8542 6500,138 Merton Road,SW19 1EH,openstreetmap,https://www.openstreetmap.org/way/773853778
https://kowoklondon.com/landing.php,"own site (found by name, postcode verified)",Kowok,Merton,Morden,Chinese,,1,,"93 London Road, Morden",SM4 5HP,food standards agency,https://ratings.food.gov.uk/business/1042451
https://shops.krispykreme.co.uk/shannon-corner,own site,Krispy Kreme,Merton,Raynes Park,Donuts,customercare@krispykreme.co.uk,1,,197 Burlington Road,KT3 4NA,openstreetmap,https://www.openstreetmap.org/way/217540669
https://www.lafarina.co.uk/,"own site (found by name, postcode verified)",La Farina,Merton,South Wimbledon,Restaurant,,1,,"183 Haydons Road, Wimbledon",SW19 8TB,food standards agency,https://ratings.food.gov.uk/business/1495715
https://lavaloungerestaurant.com/,"own site (found by name, postcode verified)",Lava Lounge,Merton,Colliers Wood,Restaurant,info@lavaloungerestaurant.com,1,,222 High Street Collier's Wood,SW19 2BH,openstreetmap,https://www.openstreetmap.org/way/357278402
https://www.greeneking.co.uk/pubs/greater-london/leather-bottle,own site,Leather Bottle,Merton,Merton Park,Pub,,1,,277 Kingston Road,SW19 3NW,openstreetmap,https://www.openstreetmap.org/node/258750121
https://lighthousewimbledon.com/,own site,Light House,Merton,Wimbledon,Restaurant,,1,,75-77 Ridgway,SW19 4ST,openstreetmap,https://www.openstreetmap.org/way/481262551
https://lightwimbledon.co.uk/,own site,Light on the Common,Merton,Wimbledon,Restaurant,info@lightwimbledon.co.uk,1,,48 High Street,SW19 5AX,openstreetmap,https://www.openstreetmap.org/way/469771534
https://www.liqui-liqui.com/,"own site (found by name, postcode verified)",Liqui Liqui,Merton,Colliers Wood,Restaurant,info@liqui-liqui.com,1,,"4 - 6 Merton High Street, Colliers Wood",SW19 1DN,food standards agency,https://ratings.food.gov.uk/business/903138
https://www.littlevietnam.co.uk/,"own site (found by name, postcode verified)",Little Vietnam,Merton,South Wimbledon,Asian,littlevietnamsw19@gmail.com,1,+44 20 8543 7585,1 Kingston Road,SW19 1JX,openstreetmap,https://www.openstreetmap.org/node/2447053256
https://www.lockdownbakehouse.com/,own site,Lockdown Bakehouse,Merton,Raynes Park,Bakery,orders@lockdownbakehouse.com,4,,82 Durham Road,SW20 0TL,openstreetmap,https://www.openstreetmap.org/node/6582894685
https://www.lupobros.co.uk/,own site,Lupo Bros,Merton,Wimbledon,Cafe,coffee@lupobros.co.uk,1,,377 Durnsford Road,SW19 8EF,openstreetmap,https://www.openstreetmap.org/way/1106704830
https://maisonstcassien.co.uk/,own site,Maison St. Cassien,Merton,Wimbledon,Cafe,info@maisonstcassien.co.uk,1,,71 High Street,SW19 5EE,openstreetmap,https://www.openstreetmap.org/way/380634595
https://www.maizbaan.co.uk/,own site,Maizbaan,Merton,Morden,Indian,,1,+442033766242,4 London Road,SM4 5BQ,openstreetmap,https://www.openstreetmap.org/node/14196988842
https://www.mcchinaeating.com/,"own site (found by name, postcode verified)",McChina Eating,Merton,Wimbledon,Asian; Chinese,,1,,343-345 Haydons Road,SW19 8LA,openstreetmap,https://www.openstreetmap.org/way/409244410
https://www.mcdonalds.com/gb/en-gb/location/wimbledon/wimbledon---the-broadway/1---3-the-broadway/8261590.html,own site,McDonald's,Merton,Wimbledon,Burger,,1,+44 20 8946 7411,1-3 The Broadway,SW19 1PS,openstreetmap,https://www.openstreetmap.org/node/4536287100
https://www.mcdonalds.com/gb/en-gb/location/colliers-wood/colliers-wood/unit-11-the-tandem-centre/8261708.html,own site,McDonald's,Merton,Colliers Wood,Burger,,1,+44 20 8640 3747,Tandem Way,SW19 2TY,openstreetmap,https://www.openstreetmap.org/node/8880553719
https://meetwg-nanyang-cuisine.com/,own site,Meet W.G,Merton,Morden,Asian,,1,+44 20 8687 6655,21 Abbotsbury Road,SM4 5LJ,openstreetmap,https://www.openstreetmap.org/node/14181105069
https://megans.co.uk/locations/megans-in-the-village/,own site,Megans,Merton,Wimbledon,Cafe,parties@megans.co.uk,1,,86 High Street,SW19 5EG,openstreetmap,https://www.openstreetmap.org/way/379967719
https://www.mertonfishbar.com/,"own site (found by name, postcode verified)",Merton Fish Bar,Merton,Morden,Seafood,hello@mertonfishbar.com,1,,"258 Martin Way, Morden",SM4 4AW,food standards agency,https://ratings.food.gov.uk/business/934367
https://www.metronome.life/,own site,Metronome,Merton,Morden,Breakfast,,1,,8 Crown Lane,SM4 5BL,openstreetmap,https://www.openstreetmap.org/node/6831780878
https://milknomilk.co.uk/,own site,Milk No Milk,Merton,Wimbledon,Breakfast,info@milknomilk.co.uk,1,+44 20 3490 1819,281 Kingston Road,SW20 8LB,openstreetmap,https://www.openstreetmap.org/node/9792434248
https://www.millerandcarter.co.uk/restaurants/london/millerandcartermitcham,own site,Miller & Carter,Merton,Mitcham,Steak,,1,,1 Windmill Road,CR4 1HT,openstreetmap,https://www.openstreetmap.org/way/663139501
https://mojuspice.com/,"own site (found by name, postcode verified)",MOJU SPICE,Merton,South Wimbledon,Restaurant,moju.spice@gmail.com,1,,"236 Merton High Street, Colliers Wood",SW19 1AU,food standards agency,https://ratings.food.gov.uk/business/1977061
https://www.morameza.com/,own site,Mora Meza Bar & Restaurant,Merton,Raynes Park,Restaurant,info@morameza.co.uk,1,+44 20 3583 7148,17 Approach Road,SW20 8BA,openstreetmap,https://www.openstreetmap.org/node/4263046632
https://www.multeachoice.com,own site,Multea Choice,Merton,Wimbledon,Cafe,info@multeachoice.com,2,,94 The Broadway,SW19 1RH,openstreetmap,https://www.openstreetmap.org/node/11356675493
https://www.nandos.co.uk/restaurants/colliers-wood,own site,Nando's,Merton,Colliers Wood,Restaurant,,1,,Tandem Way,SW19 2TY,openstreetmap,https://www.openstreetmap.org/node/130216826
https://www.nandos.co.uk/restaurants/wimbledon,own site,Nando's,Merton,Wimbledon,Restaurant,,1,,1 Russell Road,SW19 1QN,openstreetmap,https://www.openstreetmap.org/way/480477217
https://www.atgtickets.com/venues/new-wimbledon-theatre/whats-on/,"own site (found by name, postcode verified)",New Wimbledon Theatre,Merton,Wimbledon,Pub,,1,,"New Wimbledon Theatre 93 The Broadway, Wimbledon",SW19 1QG,food standards agency,https://ratings.food.gov.uk/business/1003632
https://www.oneills.co.uk/national-search/london/wimbledon,own site,O'Neills,Merton,Wimbledon,Pub,,1,,66 The Broadway,SW19 1RQ,openstreetmap,https://www.openstreetmap.org/node/394943631
https://orionbyalexwebb.com/,"own site (found by name, postcode verified)",Orion by Alex Webb,Merton,Wimbledon,Restaurant,manager@orionbyalexwebb.com,1,,"75 - 77 Ridgway, Wimbledon",SW19 4ST,food standards agency,https://ratings.food.gov.uk/business/480219
https://padelzest.co.uk/,"own site (found by name, postcode verified)",Padel Zest,Merton,Colliers Wood / Merton Park / South Wimbledon / Wimbledon,Restaurant,hello@padelzest.co.uk,1,,"Unit 12 Merton Park Industrial Park Lee Road, Wimbledon",SW19 3HX,food standards agency,https://ratings.food.gov.uk/business/1971711
https://www.papajohns.co.uk/stores/london-wimbledon,own site,Papa John's,Merton,South Wimbledon,Pizza,,1,,164 The Broadway,SW19 1RX,openstreetmap,https://www.openstreetmap.org/node/4736689775
https://www.papajohns.co.uk/stores/southfields,own site,Papa John's,Merton,Wimbledon,Pizza,,1,+44 20 8879 0007,413 Durnsford Road,SW19 8EE,openstreetmap,https://www.openstreetmap.org/way/1106704845
https://www.tobycarvery.co.uk/restaurants/south-east/theparkplacemitcham,own site,Park Place,Merton,Mitcham,Restaurant,,1,,54 Commonside West,CR4 4HB,openstreetmap,https://www.openstreetmap.org/node/1677684103
https://www.paul-uk.com/find-a-paul/french-bakery-cafe-london/wimbledon,own site,Paul,Merton,Wimbledon,Bakery,,1,+44 20 3978 5537,87 High Street,SW19 5EG,openstreetmap,https://www.openstreetmap.org/way/378013986
https://www.phocafe.co.uk/locations/wimbledon/,own site,Pho,Merton,Wimbledon,Asian,bakerstreet@phocafe.co.uk,1,,40 Wimbledon Hill Road,SW19 7PA,openstreetmap,https://www.openstreetmap.org/way/460392186
https://pipasa.co.uk/,"own site (found by name, postcode verified)",Pipasa,Merton,Morden,Restaurant,,1,,"63 St Helier Avenue, Morden",SM4 6HY,food standards agency,https://ratings.food.gov.uk/business/1579169
https://www.pizzahut.co.uk/huts/uk-1/7561-morden/,own site,Pizza Hut Delivery,Merton,Morden,Pizza,,1,+44 20 8687 1313,,,openstreetmap,https://www.openstreetmap.org/node/5105589548
https://www.pizzahut.co.uk/huts/uk-1/7593-wimbledon/,own site,Pizza Hut Delivery,Merton,Wimbledon,Pizza,,1,+44 20 8540 0903,79 The Broadway,SW19 1QE,openstreetmap,https://www.openstreetmap.org/way/480477267
https://www.pizzaexpress.com/wimbledon-village-high-street,own site,PizzaExpress,Merton,Wimbledon,Pizza,,1,,84 High Street,SW19 5EG,openstreetmap,https://www.openstreetmap.org/way/379967722
https://www.pizzaexpress.com/wimbledon-the-broadway,own site,PizzaExpress,Merton,Wimbledon,Pizza,,1,,104 The Broadway,SW19 1RH,openstreetmap,https://www.openstreetmap.org/way/461483919
https://www.prezzemoloevitale.co.uk/uk_en/our-stores-uk,own site,Prezzemolo & Vitale,Merton,Wimbledon,Deli,,1,+44 20 8947 7722,4-5 High Street,SW19 5DX,openstreetmap,https://www.openstreetmap.org/way/373892435
https://www.raka.co.uk/,own site,Raka Indian Cuisine,Merton,Raynes Park,Indian,rakawimbledon@gmail.com,1,+44 20 8542 7717,306 Kingston Road,SW20 8LX,openstreetmap,https://www.openstreetmap.org/node/420161521
https://rawdeli.co.uk/,own site,Raw Deli,Merton,Raynes Park,Breakfast; Deli,rawdelilondon@gmail.com,1,,19 Approach Road,SW20 8BA,openstreetmap,https://www.openstreetmap.org/node/4263046634
https://www.greeneking-pubs.co.uk/pubs/greater-london/raynes-park-tavern/,own site,Raynes Park Tavern,Merton,Raynes Park,Pub,7124@greeneking.co.uk,1,,32 Coombe Lane,SW20 0LA,openstreetmap,https://www.openstreetmap.org/node/292615228
https://www.redroseindian.co.uk/,own site,Red Rose Classic Indian Takeaway,Merton,Raynes Park,Indian,info@redroseindian.co.uk,1,+44 20 8542 1608,554 Kingston Road,SW20 8DR,openstreetmap,https://www.openstreetmap.org/node/4317971948
https://www.roxiesteak.co.uk/,own site,Roxie,Merton,Wimbledon,Restaurant,,1,,29 Wimbledon Hill Road,SW19 7NE,openstreetmap,https://www.openstreetmap.org/way/481262548
https://www.sairestaurant.co.uk/,own site,Sai,Merton,Raynes Park,Indian,info@sairestaurant.co.uk,1,+44 20 8947 2212,193 Worple Road,SW20 8RE,openstreetmap,https://www.openstreetmap.org/node/6797555096
https://www.saucerandcup.com/,"own site (found by name, postcode verified)",Saucer & Cup,Merton,Wimbledon,Cafe,,1,,159 Arthur Road,SW19 8AD,openstreetmap,https://www.openstreetmap.org/way/363976711
https://www.sissifabulousfood.com/,"own site (found by name, postcode verified)",Sissi Fabulous Food,Merton,Wimbledon,Restaurant,contact@sissifabulousfood.com,1,,"18 Weir Road, Wimbledon",SW19 8UG,food standards agency,https://ratings.food.gov.uk/business/1811007
https://www.snoggys.com/,"own site (found by name, postcode verified)",Snoggys,Merton,Wimbledon,Takeaway,sales@snoggys.com,1,,"Unit 5ob Wimbledon Railway Station Wimbledon Bridge, Wimbledon",SW19 7NL,food standards agency,https://ratings.food.gov.uk/business/455495
https://sofragrillmorden.com/,"own site (found by name, postcode verified)",Sofra Grill,Merton,Morden,Cafe,sofragrillmorden@gmail.com,1,,63 London Road,SM4 5HT,openstreetmap,https://www.openstreetmap.org/node/4617068609
https://www.southeybowlingclub.co.uk/,"own site (found by name, postcode verified)",Southey Bowling Club,Merton,Raynes Park,Restaurant,southeybowlingclub@hotmail.com,1,,"72 Lower Downs Road, Raynes Park",SW20 8QQ,food standards agency,https://ratings.food.gov.uk/business/1391011
https://ssamssam.co.uk/,own site,Ssam Ssam,Merton,South Wimbledon,Asian; Korean,,1,+44 20 3771 8829,149 Merton Road,SW19 1ED,openstreetmap,https://www.openstreetmap.org/node/12658123059
https://www.stagedoorsteakhouse.com/,own site,Stage Door,Merton,Wimbledon,Greek; Steak,stagedoorsteakhouse@outlook.com,1,,92 The Broadway,SW19 1RH,openstreetmap,https://www.openstreetmap.org/way/461483925
https://www.starbucks.com/store-locator/store/2950/colliers-wood-tandam-centre-colliers-wood-london-eng-sw-19-2-pt-gb,own site,Starbucks,Merton,Colliers Wood,Breakfast,press@starbucks.com,1,,Tandem Way,SW19 2TY,openstreetmap,https://www.openstreetmap.org/node/1015129189
https://www.starbucks.com/store-locator/store/2694/wimbledon-hill-road-10-wimbledon-hill-rd-unit-5-london-eng-sw-19-7-ns-,own site,Starbucks,Merton,Wimbledon,Breakfast,press@starbucks.com,1,,10 Wimbledon Hill Road,SW19 7NS,openstreetmap,https://www.openstreetmap.org/node/1945670006
https://www.starbucks.com/store-locator/store/2983/raynes-park-raynes-park-london-eng-sw-20-0-jy-gb,own site,Starbucks,Merton,Raynes Park,Breakfast,press@starbucks.com,1,,,,openstreetmap,https://www.openstreetmap.org/node/6382141896
https://www.starbucks.com/store-locator/store/1050716/wimbledon-plough-lane-plough-lane-south-wimbledon-wimbledon-eng-sw-17-0-,own site,Starbucks,Merton,Colliers Wood,Breakfast,press@starbucks.com,1,,Plough Lane,SW17 0BW,openstreetmap,https://www.openstreetmap.org/node/10658196957
https://www.starbucks.com/store-locator/store/1011077/wimbledon-station-plat-7-lond-wimbledon-rail-station-london-eng-sw-19-7-nl-gb,own site,Starbucks,Merton,Wimbledon,Breakfast,press@starbucks.com,1,,Wimbledon Bridge,SW19 7NL,openstreetmap,https://www.openstreetmap.org/way/773881445
https://restaurants.subway.com/united-kingdom/en/london/6-hartfield-road,own site,Subway,Merton,Wimbledon,Deli,,1,,6 Hartfield Road,SW19 3TA,openstreetmap,https://www.openstreetmap.org/node/4117016422
https://restaurants.subway.com/united-kingdom/en/london/64-london-road,own site,Subway,Merton,Morden,Deli,,1,,64 London Road,SM4 5BE,openstreetmap,https://www.openstreetmap.org/node/9199509603
https://superfishuk.co.uk/branches/morden/,own site,Superfish,Merton,Morden,Seafood,info@superfishuk.co.uk,1,+44 20 8648 6908,20 London Road,SM4 5BQ,openstreetmap,https://www.openstreetmap.org/node/14196988851
https://supremegrillmitcham.com/,"own site (found by name, postcode verified)",Supreme Grill,Merton,Mitcham,Takeaway,,1,,130 Morden Road,CR4 4DB,openstreetmap,https://www.openstreetmap.org/way/640678531
https://locations.tacobell.co.uk/london/2-the-broadway.html,own site,Taco Bell,Merton,Wimbledon,Mexican; Tacos,,1,,2 The Broadway,SW19 1RF,openstreetmap,https://www.openstreetmap.org/way/460796340
https://tampopo.co.uk/,"own site (found by name, postcode verified)",Tampopo,Merton,Wimbledon,Restaurant,,1,,"27 - 29 Hartfield Road, Wimbledon",SW19 3SG,food standards agency,https://ratings.food.gov.uk/business/1798026
https://www.tastemerton.co.uk/restaurant,own site,Taste,Merton,Lower Morden,Restaurant,,1,,,,openstreetmap,https://www.openstreetmap.org/node/13649438701
https://www.theoliveraynespark.co.uk/,own site,Thai cafe,Merton,Raynes Park,Italian,,1,+44 20 8296 0205,48 Coombe Lane,SW20 0LA,openstreetmap,https://www.openstreetmap.org/node/6441431019
https://www.thaitownlondon.co.uk/,"own site (found by name, postcode verified)",Thai Town,Merton,Colliers Wood,Asian,,1,+44 20 8286 3681,34 High Street Colliers Wood,SW19 2AB,openstreetmap,https://www.openstreetmap.org/node/7820787833
https://www.alexandrawimbledon.com/,own site,The Alexandra,Merton,Wimbledon,Pub,,1,,31-33 Wimbledon Hill Road,SW19 7NE,openstreetmap,https://www.openstreetmap.org/way/481262557
https://www.theblacklamb-restaurant.com,own site,The Black Lamb,Merton,Wimbledon,Restaurant,info@theblacklamb-restaurant.com,1,+44 20 8947 8278,67 High Street,SW19 5EE,openstreetmap,https://www.openstreetmap.org/node/4640559190
http://charlesholden.pub,own site (Wikidata),The Charles Holden,Merton,Colliers Wood,Pub,hello@charlesholden.pub,1,,"The Charles Holden 198 High Street Collier's Wood, Colliers Wood",SW19 2BH,food standards agency,https://ratings.food.gov.uk/business/200013
https://thechunkypigeon.co.uk/,"own site (found by name, postcode verified)",The Chunky Pigeon,Merton,South Wimbledon,Restaurant,hello@thechunkypigeon.co.uk,1,,"84 Kingston Road, Wimbledon",SW19 1LA,food standards agency,https://ratings.food.gov.uk/business/1833014
https://ctonline.co.uk,own site,The Cinnamon Tree,Merton,Raynes Park,Indian,,1,+44 20 8543 8883,592 Kingston Road,SW20 8DN,openstreetmap,https://www.openstreetmap.org/node/4271314780
https://www.thecrookedbilletwimbledon.co.uk/,own site,The Crooked Billet,Merton,Wimbledon,Pub,,1,,14-15 Crooked Billet,SW19 4RQ,openstreetmap,https://www.openstreetmap.org/way/450830265
http://www.dogandfoxwimbledon.co.uk/,own site,The Dog and Fox,Merton,Wimbledon,Pub,,1,,24 High Street,SW19 5EA,openstreetmap,https://www.openstreetmap.org/way/379967724
https://www.greeneking.co.uk/pubs/surrey/earl-beatty,own site,The Earl Beatty,Merton,Lower Morden,Pub,,1,,,,openstreetmap,https://www.openstreetmap.org/way/328572823
https://www.firestables.co.uk/,own site,The Fire Stables,Merton,Wimbledon,Restaurant,,1,,27-29 Church Road,SW19 5DQ,openstreetmap,https://www.openstreetmap.org/node/423749760
https://foxandgrapeswimbledon.co.uk/,own site,The Fox and Grapes,Merton,Wimbledon,Pub,reservations@foxandgrapeswimbledon.co.uk,1,,10 Camp Road,SW19 4UN,openstreetmap,https://www.openstreetmap.org/way/531068519
https://www.crafted-social.co.uk/garratt-and-gauge-wimbledon,own site,The Garratt & Gauge,Merton,Wimbledon,Pub,stonegatepress@stonegategroup.co.uk,1,,20 Hartfield Road,SW19 3TA,openstreetmap,https://www.openstreetmap.org/node/395410781
https://www.harvester.co.uk/restaurants/southeast/thegeorgeinnmorden,own site,The George Inn,Merton,Lower Morden,American,,1,,Epsom Road,SM4 5PJ,openstreetmap,https://www.openstreetmap.org/way/293038653
https://gafishbar.com/,"own site (found by name, postcode verified)",The Golden Anchor,Merton,Mitcham,Takeaway,,1,,"Shop 60 Gorringe Park Avenue, Mitcham",CR4 2DG,food standards agency,https://ratings.food.gov.uk/business/486411
https://www.greeneking.co.uk/pubs/greater-london/hand-and-racquet,own site,The Hand and Racquet,Merton,Wimbledon,Pub,,1,,25-27 Wimbledon Hill Road,SW19 7NE,openstreetmap,https://www.openstreetmap.org/way/481262547
http://thecharlesholden.co.uk/,own site,The Holden,Merton,Colliers Wood,Pub,,1,,198 High Street Colliers Wood,SW19 2BH,openstreetmap,https://www.openstreetmap.org/way/488752418
https://theivycafewimbledon.com,own site,The Ivy,Merton,Wimbledon,Restaurant,,1,,75 High Street,SW19 5EG,openstreetmap,https://www.openstreetmap.org/way/380200993
https://www.greeneking.co.uk/pubs/surrey/morden-brook,own site,The Morden Brook,Merton,Lower Morden,Pub,,1,,Lower Morden Lane,SM4 4SS,openstreetmap,https://www.openstreetmap.org/node/1678982781
https://www.nelsonarms.co.uk/,own site,The Nelson Arms,Merton,South Wimbledon,Pub,info@nelsonarms.co.uk,1,+44 20 3132 4590,15 Merton High Street,SW19 1DF,openstreetmap,https://www.openstreetmap.org/way/1212143912
https://www.theoldfrizzle.co.uk/,own site,The Old Frizzle,Merton,Wimbledon,Pub,,1,,74-78 The Broadway,SW19 1RQ,openstreetmap,https://www.openstreetmap.org/way/460796326
https://bythehorns.co.uk/plough-lane/,own site,The Phoenix,Merton,Colliers Wood,Pub,,1,,Plough Lane,SW17 0NR,openstreetmap,https://www.openstreetmap.org/node/11735382754
https://www.greeneking.co.uk/pubs/greater-london/prince-of-wales-wimbledon,own site,The Prince of Wales,Merton,Wimbledon,Pub,,1,,2 Hartfield Road,SW19 3TA,openstreetmap,https://www.openstreetmap.org/way/487723323
https://theravensbury.co.uk/,own site,The Ravensbury,Merton,Mitcham,Pub,,1,,,,openstreetmap,https://www.openstreetmap.org/way/1341512996
https://www.roseandcrownwimbledon.co.uk/,own site,The Rose and Crown,Merton,Wimbledon,Pub,,1,,55 High Street,SW19 5BA,openstreetmap,https://www.openstreetmap.org/way/531239102
https://www.therushmeresw19.com/,own site,The Rushmere,Merton,Wimbledon,Pub,,1,,89 Ridgway,SW19 4SU,openstreetmap,https://www.openstreetmap.org/way/448014277
http://www.thetrafsw19.co.uk/,own site,The Trafalgar,Merton,South Wimbledon,Pub,,1,,23 High Path,SW19 2JY,openstreetmap,https://www.openstreetmap.org/way/1287078169
https://www.jdwetherspoon.com/pubs/all-pubs/england/london/the-wibbas-down-inn-wimbledon,own site,The Wibbas Down Inn,Merton,Wimbledon,Pub,,2,,6-12 Gladstone Road,SW19 1QT,openstreetmap,https://www.openstreetmap.org/node/394942390
https://www.windmilltearooms.com/,own site,The Windmill Tearoom,Merton,Wimbledon,Cafe,info@windmilltearooms.com,1,+44 20 8788 2910,Windmill Road,SW19 5NQ,openstreetmap,https://www.openstreetmap.org/way/411460230
https://www.thewoodman.co/,own site,The Woodman,Merton,Wimbledon,Pub,manager@thewoodman.co,1,,222 Durnsford Road,SW19 8DR,openstreetmap,https://www.openstreetmap.org/node/1316301006
https://www.tingnting.com/,"own site (found by name, postcode verified)",Ting N Ting,Merton,Colliers Wood,Restaurant,,1,,Watermill Way,SW19 2RD,openstreetmap,https://www.openstreetmap.org/node/4926469140
https://www.tortilla.co.uk/restaurants/wimbledon,own site,Tortilla,Merton,Wimbledon,Mexican,wimbledon@tortilla.co.uk,1,+44 20 8947 3589,22 The Broadway,SW19 1RE,openstreetmap,https://www.openstreetmap.org/way/460796331
https://www.veggieberg.com,own site,Veggieberg,Merton,Raynes Park,Breakfast,shop@veggieberg.com,1,,,SW20 0JY,openstreetmap,https://www.openstreetmap.org/node/6382133174
https://www.veronapizza.net/,own site,Verona Pizza,Merton,Morden,Pizza,,1,,28 Abbotsbury Road,SM4 5LQ,openstreetmap,https://www.openstreetmap.org/node/14180704780
https://vibesofhyderabad.co.uk,own site,Vibes Of Hyderabad,Merton,South Wimbledon,Takeaway,info@vibesofhyderabad.co.uk,1,+44 20 8389 3462,115a Merton Road,SW19 1ED,openstreetmap,https://www.openstreetmap.org/node/12688774012
https://wackaespresso.com/,own site,Wacka,Merton,Wimbledon,Cafe,,1,,8 Leopold Road,SW19 7BD,openstreetmap,https://www.openstreetmap.org/way/363996365
https://www.wafflejacks.co.uk/,own site,Waffle Jack's,Merton,Merton Park,American,info.wafflejacks@aol.com,1,,,,openstreetmap,https://www.openstreetmap.org/node/8331355461
https://www.wafflemeister.com/,"own site (found by name, postcode verified)",Wafflemeister,Merton,Wimbledon,Takeaway,info@wafflemeister.com,2,,28 The Broadway,SW19 1RE,openstreetmap,https://www.openstreetmap.org/way/460796330
https://www.wagamama.com/restaurants/london/wimbledon,own site,Wagamama,Merton,Wimbledon,Asian,press@wagamama.com,1,,46-48 Wimbledon Hill Road,SW19 7PA,openstreetmap,https://www.openstreetmap.org/way/460392134
https://www.wahaca.co.uk/locations/wimbledon/,own site,Wahaca,Merton,Wimbledon,Mexican,,1,,35 The Broadway,SW19 1QB,openstreetmap,https://www.openstreetmap.org/node/849482990
https://www.wandlepirates.com/,"own site (found by name, postcode verified)",Wandle Pirates,Merton,South Wimbledon,Steak,wandlepirates@gmail.com,1,+44 7429 317222,Unit 4 Watermill Way,SW19 2RD,openstreetmap,https://www.openstreetmap.org/node/4926469144
https://www.whistlestopfish.co.uk/,own site,Whistle Stop,Merton,Raynes Park,Seafood,,1,+44 20 8540 5091,59 Approach Road,SW20 8BA,openstreetmap,https://www.openstreetmap.org/node/4261359820
https://wimbledonpizzaandkebab.com/,"own site (found by name, postcode verified)",Wimbledon Pizza & Kebab Ltd,Merton,South Wimbledon,Pizza,,1,,"325 Haydons Road, Wimbledon",SW19 8LA,food standards agency,https://ratings.food.gov.uk/business/1223206
http://wimbledontandoori.co.uk,own site,Wimbledon Tandoori,Merton,Wimbledon,Indian,,1,,26 Ridgway,SW19 4QW,openstreetmap,https://www.openstreetmap.org/way/469771539
https://location.wimpy.uk.com/restaurants-Morden-WimpyMorden,own site,Wimpy,Merton,Morden,Burger,info@wimpy.uk.com,1,+44 20 8648 0855,56 London Road,SM4 5BE,openstreetmap,https://www.openstreetmap.org/node/312671339
https://placejuice.com/windmill-inn-fyz3hkm,own site,Windmill Inn,Merton,Mitcham,Pub,,1,,,,openstreetmap,https://www.openstreetmap.org/way/1340576583
https://yakisarsa.com/,own site,Yaki Sarsa,Merton,Morden,Asian; Japanese,restaurant@yakisarsa.com,1,+44 203 336 1621,30 Abbotsbury Road,SM4 5LQ,openstreetmap,https://www.openstreetmap.org/node/14180704779
