website,name,borough,categories,email,locations,phone,address,postcode,facebook,instagram,osm_url
https://www.abracocafe.co.uk/,Abraco,Haringey,Cafe,abracocafe@outlook.com,1,,60-61 Grand Parade,N4 1AF,,,https://www.openstreetmap.org/node/6831782577
https://adalicake.co.uk/,Adali Cake Patisserie,Haringey,Bakery,,1,+44 20 8802 0275,8 Grand Parade,N4 1JX,,,https://www.openstreetmap.org/node/2333408400
https://www.akatuki.co.uk,Akatuki,Haringey,Asian; Japanese,info@akatuki.co.uk,1,+44 20 8444 8777,240-242 Muswell Hill Broadway,N10 3SH,,akatuki.ldn,https://www.openstreetmap.org/node/4947820529
https://amicimiei2go.co.uk,Amici Miei2Go,Haringey,Pizza,,1,+44 20 8883 8755,7 Fortis Green Road,N10 3HP,,,https://www.openstreetmap.org/way/1039689374
https://antepliler.com/antepliler-doner,Antepliler Doner,Haringey,Takeaway,,1,,43 Grand Parade,N4 1AQ,,,https://www.openstreetmap.org/node/9143453384
https://antepliler.com/antepliler-kunefe/,Antepliler Kunefe,Haringey,Bakery,,1,,441 Green Lanes,N4 1HA,,,https://www.openstreetmap.org/node/11844840309
https://antepzadepatisserie.co.uk,Antepzade,Haringey,Bakery,,1,+44 20 8802 5585,24 Grand Parade,N4 1LG,,,https://www.openstreetmap.org/node/9143453341
https://www.archivesldn.com,Archives Ldn,Haringey,Cafe,info@archivesldn.com,1,,Unit 10 Fountayne Road,N15 4BE,,,https://www.openstreetmap.org/node/12815139759
http://mobile.dudasite.com/site/autografbiz,Autograf Restaurant,Haringey,Restaurant,,1,+44 20 8889 2999,488 West Green Road,N15 3DA,,,https://www.openstreetmap.org/way/684360609
https://www.baresteban.com/,Bar Esteban,Haringey,Spanish,,1,+44 20 8340 3090,29 Park Road,N8 8TE,https://www.facebook.com/baresteban,bar__esteban,https://www.openstreetmap.org/node/9863745961
https://barbersbazaar.com/,Barbers Bazaar,Haringey,Indian,hello@barbersbazaar.com,1,+44 2083 414 425,37 Tottenham Lane,N8 9BD,,,https://www.openstreetmap.org/node/12385102519
https://bariwoodfirepizzeria.co.uk/,Bari Wood Oven Pizzeria,Haringey,Pizza,,1,,120 West Green Road,N15 5AA,,,https://www.openstreetmap.org/node/10947673511
https://order.basilico.co.uk/order/store/basilico-crouch-end,Basilico,Haringey,Pizza,,1,,51 Park Road,N8 8SY,,,https://www.openstreetmap.org/node/10142422638
https://www.cafebeam.co.uk,Beam,Haringey,Cafe,,1,,291-293 Muswell Hill Broadway,N10 1BY,,,https://www.openstreetmap.org/way/224040339
https://www.beansandbarley.co.uk/,Beans & Barley,Haringey,Cafe,info@beansandbarley.co.uk,1,+44 7446 030507,595-597 Green Lanes,N8 0RE,,,https://www.openstreetmap.org/node/6780805082
https://beavertownbrewery.co.uk/pages/taproom,Beavertown Brewery Taproom,Haringey,Pub,pos@beavertownbrewery.co.uk,1,,Mill Mead Road,N17 9QP,,,https://www.openstreetmap.org/node/9739982235
https://beavertownbrewery.co.uk/pages/corner-pin,Beavertown Corner Pin,Haringey,Pub,pos@beavertownbrewery.co.uk,1,,732 High Road,N17 0AG,,,https://www.openstreetmap.org/node/10261263865
https://bistroaix.co.uk,Bistro Aix,Haringey,French,,1,,54 Tottenham Lane,,,,https://www.openstreetmap.org/node/12633147077
https://blightycafe.co.uk/,Blighty India Cafe,Haringey,Cafe,tottenham@blightygroup.com,1,,266 High Road,N15 4AJ,,,https://www.openstreetmap.org/node/8626525801
https://www.alexandrapalace.com/food-drink/boathouse-cafe-2/,Boathouse Café,Haringey,Cafe,visitor.services@alexandrapalace.com,1,,,,,,https://www.openstreetmap.org/node/3709926914
https://www.bobscafe.net,Bob's Cafe,Haringey,Cafe,hello@bobscafe.net,1,+44 20 8444 4620,43 Muswell Hill Broadway,N10 3HA,bobscafes,,https://www.openstreetmap.org/way/1035425165
https://bollandandcrust.com/,Bolland and Crust,Haringey,Breakfast,info@bollandcrust.com,1,+44 7852 280481,38 Crawley Road,N22 6AG,,bollandandcrust,https://www.openstreetmap.org/way/1265216724
https://www.brouhahabar.com,Brouhaha Bar,Haringey,Pub,brouhahabar@gmail.com,1,+44 20 8348 8553,499-501 Green Lanes,N4 1AL,,,https://www.openstreetmap.org/way/224432174
https://www.bruceburgers.co.uk/,Bruce Burgers,Haringey,Burger,,1,+442084110087,93 Bruce Grove,N17 6UZ,,,https://www.openstreetmap.org/node/11951789129
https://www.bufaladilondra.co.uk/,Bufala di Londra,Haringey,Pizza,,1,,18 Topsfield Parade,,,,https://www.openstreetmap.org/node/5174834547
https://bundrestaurant.co.uk,bund,Haringey,Asian,,1,+44 20 8365 2643,Fortis Green,N2 9HP,,,https://www.openstreetmap.org/node/7813223044
https://locations.burgerking.co.uk/london/unit-c5-tottenham-hale-retail-park,Burger King,Haringey,Burger,,1,,Broad Lane,N15 4QD,,,https://www.openstreetmap.org/way/80263140
https://www.butlersdeli.co.uk,Butler's Deli,Haringey,Deli,info@butlersdeli.co.uk,1,,Stroud Green Road,,,,https://www.openstreetmap.org/way/281195786
https://www.caffenero.com/uk/stores/highgate,Caffè Nero,Haringey,Breakfast,,1,,62 Highgate High Street,,,,https://www.openstreetmap.org/way/497785775
https://www.caffenero.com/uk/stores/muswell-hill-broadway,Caffè Nero,Haringey,Breakfast,,1,,61 Muswell Hill Broadway,N10 3HA,,,https://www.openstreetmap.org/way/1035425156
https://instagram.com/chakrauk/,Chakra,Haringey,Cafe,,1,+44 20 8341 2939,587 Green Lanes,N8 0RG,,,https://www.openstreetmap.org/node/2333320752
https://www.cheersnoodle.co.uk,Cheers Noodle,Haringey,Asian,,1,,28 Tottenham Lane,N8 9DB,,,https://www.openstreetmap.org/node/656506624
https://www.chukuslondon.co.uk/,Chuku‘s,Haringey,Restaurant,info@chukuslondon.co.uk,1,,274 High Road,N15 4AJ,,,https://www.openstreetmap.org/node/9828359094
https://ciabofood.co.uk/,Ciabo Food,Haringey,Breakfast,info@ciabofood.co.uk,1,+44 2083 401708,40 Quernmore Road,N4 4QP,,,https://www.openstreetmap.org/way/887291178
https://cigkoftem.com,Cigkoftem,Haringey,Restaurant,info@cigkoftem.com,1,+44 20 8347 9203,417 Green Lanes,N4 1EY,,,https://www.openstreetmap.org/node/1277073232
https://thecilicia.com,Cilicia,Haringey,Restaurant,info@thecilicia.com,1,+44 20 8444 7172,440 Muswell Hill Broadway,N10 1BS,,,https://www.openstreetmap.org/way/224040342
https://clissoldarms.co.uk,Clissold Arms,Haringey,Pub,info@clissoldarms.co.uk,1,,105 Fortis Green,N2 9HR,,,https://www.openstreetmap.org/way/532061943
http://cocororestaurant.co.uk/,Cocoro,Haringey,Asian; Sushi,,1,,,,,,https://www.openstreetmap.org/node/4691563250
http://www.coffeecircus.co.uk/,Coffee Circus,Haringey,Breakfast,,1,,136 Crouch Hill,,,,https://www.openstreetmap.org/node/12633199523
https://www.coolcarrot.shop/,Cool Carrot,Haringey,Indian,hello@coolcarrot.shop,1,,259 Archway Road,N6 5BS,,,https://www.openstreetmap.org/node/4689709393
http://www.crocodileantiques.com/our_cafe.html,Crocodile Cafe,Haringey,Bakery; Breakfast,,1,,122 Muswell Hill Broadway,N10 3RU,,,https://www.openstreetmap.org/way/612040744
https://delta-bakery.com/,Delta Bakery,Haringey,Bakery; Spanish,,1,,4 High Road,,,,https://www.openstreetmap.org/node/4607621642
https://diyarbakirrestaurant.co.uk,Diyarbakir,Haringey,Restaurant,,1,+44 20 8809 2777,69 Grand Parade,N4 1DU,,,https://www.openstreetmap.org/node/5155350151
https://www.dominos.co.uk/pizza-near-me/london/151-tottenham-lane,Domino's,Haringey,Pizza,,1,,151 Tottenham Lane,N8 9BT,,,https://www.openstreetmap.org/node/3086708407
https://www.downhillsparkcafe.com/,Downhills Park Cafe,Haringey,Cafe,,1,+44 7947 466236,Downhills Park Road,N17 6PD,,,https://www.openstreetmap.org/way/1030053027
https://dunns-bakery.co.uk,Dunns,Haringey,Bakery,info@dunns-bakery.co.uk,1,,36 Muswell Hill Broadway,N10 3RT,,,https://www.openstreetmap.org/node/5163825173
https://www.locoburritos.co.uk,El Loco Burrito,Haringey,Mexican,,1,+44 2038 709 808,14 Tottenham Lane,N8 9DE,,,https://www.openstreetmap.org/node/1671195347
https://www.fasta.co.uk,Fasta,Haringey,Italian,,1,+44 20 8154 5593,82 Fortis Green Road,N10 3HN,,,https://www.openstreetmap.org/way/1039675530
https://www.finsburyparkcafe.co.uk/,Finsbury Park Cafe,Haringey,Breakfast,info@finsburyparkcafe.co.uk,1,+447715647295,Endymion Road,N4 2NQ,finsburyparkcafe,finsburyparkcafe,https://www.openstreetmap.org/node/13620064643
https://restaurants.fiveguys.co.uk/greater-london/unit-12,Five Guys,Haringey,Burger,,1,,,,,,https://www.openstreetmap.org/node/9616234571
https://www.foodroom305.co.uk/,Food Room,Haringey,Restaurant,foodroom305@outlook.com,1,+44 20 8340 4092,305 Archway Road,N6 5AA,,,https://www.openstreetmap.org/node/4687847193
https://www.forksandgreen.co.uk/,Forks & Green,Haringey,Burger; Italian,forksandgreen@gmail.com,1,+44 20 8881 5268,338 Philip Lane,N15 4AB,,,https://www.openstreetmap.org/way/952157422
https://www.fornarouk.com,Fornaaro Pizzeria,Haringey,Pizza,,1,,43 Muswell Hill Road,N10 3JB,,,https://www.openstreetmap.org/node/9915782936
https://www.francomanca.co.uk/restaurants/muswell-hill/,Franco Manca,Haringey,Pizza,,1,+44 20 3026 5528,278 Muswell Hill Broadway,N10 2QR,,,https://www.openstreetmap.org/node/9537480878
https://frothandmallow.co.uk/,Froth & Mallow,Haringey,Breakfast,customercare@frothandmallow.co.uk,1,,2A Mary Neuner Road,N8 0FR,,,https://www.openstreetmap.org/node/12734152949
https://gails.com/pages/crouch-end,GAIL's,Haringey,Bakery,,1,,48 The Broadway,,,,https://www.openstreetmap.org/node/12633147095
https://gails.com/pages/highgate,GAIL's,Haringey,Bakery,,1,,88-90 Highgate High Street,N6 5HX,,,https://www.openstreetmap.org/way/497785765
https://gails.com/pages/muswell-hill,GAIL's,Haringey,Bakery,,1,,70 Fortis Green Road,N10 3HN,,,https://www.openstreetmap.org/way/1039675528
https://www.gdk.com/gb/gdk-locations/uk/london-tottenham-hale/474-high-road,German Doner Kebab,Haringey,Takeaway,press@gdk.com,1,,474 High Road,N17 9JF,,,https://www.openstreetmap.org/node/13774817337
https://green-garden-cafe.edan.io,Green Garden Cafe,Haringey,Cafe,,1,+44 2083 401 918,36 High Street,N8 7NX,,,https://www.openstreetmap.org/node/8910681379
https://www.greggs.co.uk/shop-finder?shop-code=0650,Greggs,Haringey,Bakery; Deli,,4,,29 The Broadway,N8 8DU,,,https://www.openstreetmap.org/node/661174811
https://www.greggs.com/shops/harringay/u4a-arena-shopping-park/5733,Greggs,Haringey,Bakery; Deli,,1,,,,,,https://www.openstreetmap.org/node/2300710372
https://www.greggs.com/shops/haringey/1-13/6779,Greggs,Haringey,Bakery; Deli,,1,,1-13 Willoughby Lane,N17 0QU,,,https://www.openstreetmap.org/node/13718629810
https://halarestaurant.co.uk,Hala,Haringey,Restaurant,,1,+44 20 8802 4883,29-30 Grand Parade,N4 1LG,,,https://www.openstreetmap.org/node/9143453343
https://urbanbaristas.co.uk,Highgate Urban Baristas,Haringey,Breakfast,mllegeorgesand@gmail.com,1,,66 Highgate High Street,N6 5HX,,,https://www.openstreetmap.org/way/497785773
https://www.holygrainandbrew.co.uk/,Holy Grain & Brew,Haringey,Breakfast,,1,,2 Ashley Road,N17 9RW,,,https://www.openstreetmap.org/node/13677049854
https://www.ilporcino.co.uk,Il Porcino,Haringey,Restaurant,ilporcino75@gmail.com,1,+442046192189,179 Priory Road,N8 8NB,,,https://www.openstreetmap.org/node/10606975881
https://www.indian-rasoi.co.uk,Indian Rasoi,Haringey,Indian,,1,+44 20 8883 9093,Fortis Green,N2 9HG,,,https://www.openstreetmap.org/node/868267343
https://jaminajar.co.uk/,Jam in a Jar,Haringey,Cafe,info@jaminajar.co.uk,1,+44 20 8347 0655,599 Green Lanes,N8 0RE,,,https://www.openstreetmap.org/node/4360622772
https://www.jashan.co.uk/,Jashan,Haringey,Indian,dixitsalil@hotmail.com,1,+44 2083 409 880,19 Turnpike Lane,N8 0EP,,,https://www.openstreetmap.org/node/6532951241
https://kervan-sofrasi.co.uk/muswell-hill/,Kervan,Haringey,Restaurant,,1,,311-323 Muswell Hill Broadway,N10 1BY,,,https://www.openstreetmap.org/way/224040373
https://www.kfc.co.uk/kfc-near-me/wood-green-high-road,KFC,Haringey,Takeaway,,1,,208 High Road,N22 8HH,,,https://www.openstreetmap.org/node/459786533
https://kfc.co.uk,KFC,Haringey,Takeaway,,1,+44 20 3601 9488,399 Green Lanes,N4 1EU,,,https://www.openstreetmap.org/node/4384596851
https://www.kfc.co.uk/kfc-near-me/tottenham-high-road,KFC,Haringey,Takeaway,,1,,479-481 High Road,N17 6QA,,,https://www.openstreetmap.org/node/10261263873
http://www.khoai.co.uk/,Khoai,Haringey,Asian,,1,+44 20 8341 2120,,,,,https://www.openstreetmap.org/node/1296215806
https://kidsnjoy.co.uk/,Kids N Joy,Haringey,Cafe,hello@kidsnjoy.co.uk,1,,9 Park Road,N8 8TE,,,https://www.openstreetmap.org/node/5307682143
https://www.thekingsheadcrouchend.co.uk/#/,King's Head,Haringey,Pub,,1,,2 Crouch End Hill,N8 8AA,,,https://www.openstreetmap.org/node/255012045
https://www.kissthekoala.co.uk,Kiss the Koala,Haringey,Restaurant,hello@kissthekoala.co.uk,1,,163 Priory Road,N8 8NB,,,https://www.openstreetmap.org/node/370187957
https://koftecimetin.co.uk/,Kofteci Metin,Haringey,Restaurant,hello@koftecimetin.co.uk,1,+44 7399 897233,553 Green Lanes,N8 0RL,,,https://www.openstreetmap.org/node/2333408442
https://www.konnichiwa.uk/,Konnichiwa,Haringey,Asian; Japanese,konnichiwa.net@gmail.com,1,,10 High Street,N8 7PB,,,https://www.openstreetmap.org/node/12007863433
https://www.korto.co.uk,Korto,Haringey,Restaurant,,1,+44 20 8292 5841,126 Alexandra Park Road,N10 2AH,,,https://www.openstreetmap.org/way/1037817172
https://www.ladinette.co.uk,La Dinette,Haringey,Cafe,,1,,3-5 Fortis Green Road,N10 3HP,,,https://www.openstreetmap.org/way/1039689376
https://www.lagioconda.co.uk,La Gioconda,Haringey,Italian,lagiocondapizzeria@gmail.com,1,+44 2083 475 777,59 High Street,N8 7QB,,,https://www.openstreetmap.org/node/12007840540
https://www.lalluna.co.uk/,La Lluna,Haringey,Spanish,info@lalluna.co.uk,1,,462-464 Muswell Hill Broadway,N10 1BS,,,https://www.openstreetmap.org/way/224040345
https://lapetitecolline.co.uk,La Petite Colline,Haringey,French,info@lapetitecolline.co.uk,1,+44 20 4531 9740,259 Muswell Hill Broadway,N10 1DE,,,https://www.openstreetmap.org/way/459815004
https://sacrocuore.co.uk/,La Vecchia,Haringey,Pizza,,1,+44 20 8348 8487,10 Crouch End Hill,N8 8AA,,,https://www.openstreetmap.org/node/4064038982
https://laverapizzaonline.co.uk,La Vera Pizza,Haringey,Pizza,,1,+44 20 3490 4226,53 Colney Hatch Lane,N10 1LR,,,https://www.openstreetmap.org/node/9448291011
https://www.lechamarel.co.uk/,Le Chamarel,Haringey,Restaurant,,1,,27 Turnpike Lane,N8 0EP,,,https://www.openstreetmap.org/node/242554852
https://www.les2garconsbistro.com/,Les 2 Garçons,Haringey,French,,1,+442083479834,14 Middle Lane,N8 8PL,,,https://www.openstreetmap.org/node/9506772567
https://www.littledinosaurs.co.uk,Little Dinosaurs,Haringey,Cafe,info@littledinosaurs.co.uk,1,,Alexandra Palace Way,N10 2DP,,,https://www.openstreetmap.org/node/5001535598
https://www.caffeluka.co.uk,Luka Caffe,Haringey,Cafe,contact@caffeluka.co.uk,1,,1 High Street,N8 7PS,,,https://www.openstreetmap.org/node/8910681359
https://www.lulusrestaurant.co.uk/haringey/,Lulu's,Haringey,Restaurant,,1,+44 20 7263 9690,84 Stroud Green Road,N4 3EN,,,https://www.openstreetmap.org/way/71215731
https://www.lunablupizzeria.co.uk/muswellhill,Lunablu,Haringey,Pizza,,1,,176-178 Fortis Green Road,N10 3DU,,,https://www.openstreetmap.org/way/1039675547
https://www.maynardarmsn8.co.uk/,Maynard Arms,Haringey,Pub,info@maynardarmsn8.co.uk,1,+44 2083 416 283,70 Park Road,N8 8SX,,,https://www.openstreetmap.org/node/12633199509
https://crouchend.mccaffertysbars.com/,McCafferty's Bar,Haringey,Pub,mccaffertyscrouchend@pubsupport.co.uk,1,+44 2083 413 182,128 Tottenham Lane,N8 7EL,,,https://www.openstreetmap.org/node/370092612
https://www.mcdonalds.com/gb/en-gb/location/wood-green/wood-green/97101-high-road/8260021.html,McDonald's,Haringey,Burger,,1,+44 20 8888 1120,High Road,,,,https://www.openstreetmap.org/node/331362135
https://www.mcdonalds.com/gb/en-gb/location/tottenham/tottenham/500508-high-road/8260078.html,McDonald's,Haringey,Burger,,1,+44 20 8808 9661,502-504 High Road,N17 9JF,,,https://www.openstreetmap.org/node/529116494
https://www.mcdonalds.com/gb/en-gb/location/wood-green/wood-green---spouters-corner/unit-3-hollywood-green/8261067.html,McDonald's,Haringey,Burger,,1,+44 20 8881 2138,180 High Road,N22 6EJ,,,https://www.openstreetmap.org/node/11397015245
https://www.mcdonalds.com/gb/en-gb/location/haringey/harringay/green-lanes/8260424.html,McDonald's,Haringey,Burger,,1,+44 20 8880 2665,Williamson Road,N4 1DR,,,https://www.openstreetmap.org/way/30889163
https://www.millerandcarter.co.uk/restaurants/london/millerandcartermuswellhill,Miller & Carter,Haringey,Steak,,1,,87 Muswell Hill Broadway,N10 3HA,,,https://www.openstreetmap.org/way/504637135
https://www.mooboo.co/stores/muswell-hill,Mooboo,Haringey,Cafe,,1,,496 Muswell Hill Broadway,N10 1BT,,,https://www.openstreetmap.org/way/224040367
https://moonlounge.uk,Moonlounge,Haringey,Burger; Italian,book@moonlounge.uk,1,+44 7467 542 057,34 High Street,N8 7NX,,,https://www.openstreetmap.org/node/8367781280
https://my.morrisons.com/storefinder/313/wood-green,Morrisons Cafe,Haringey,Breakfast,,1,,High Road,N22 6SU,,,https://www.openstreetmap.org/node/4198444745
http://www.mrfirewater.co.uk/,Mr Firewater,Haringey,Asian; Chinese,,1,,23 Park Road,N8 8TE,,,https://www.openstreetmap.org/node/661158934
https://www.mumlikesthaifood.com/general-7-1,Mum Likes Thai Food,Haringey,Asian,info@mumlikesthaifood.com,1,+442035182614,82 High Street,N8 7NU,,,https://www.openstreetmap.org/node/12007863397
https://haringey.musicandbeans.co.uk,Music & Beans,Haringey,Cafe,,1,+44 20 8352 2087,461 Green Lanes,N4 1HE,,,https://www.openstreetmap.org/node/11889897546
https://www.nandos.co.uk/restaurants/finsbury-park,Nando's,Haringey,Restaurant,,1,,,,,,https://www.openstreetmap.org/node/469456600
https://www.nandos.co.uk/restaurants/wood-green,Nando's,Haringey,Restaurant,,1,+44208 889 2936,180 High Road,N22 6EJ,,,https://www.openstreetmap.org/node/12671008504
https://newriverstudios.com/menu/,New River Studios,Haringey,Pizza,,1,,,,,,https://www.openstreetmap.org/node/13015255935
https://www.nonnospizza.co.uk/,Nonnos Pizza,Haringey,Pizza,,1,,33-35 Park Road,N8 8TE,,,https://www.openstreetmap.org/node/9863745962
https://noyalondon.com/,Noya,Haringey,Asian,bookings@noyalondon.com,1,+44 20 3540 4999,454-460 West Green Road,N15 3PT,,,https://www.openstreetmap.org/node/11944819961
https://www.oitarestaurant.com/oita-woodgreen,Oita,Haringey,Asian; Japanese,,1,,13-27 Station Road,N22 6UW,,,https://www.openstreetmap.org/node/10681784073
https://www.owensfoodstore.com,Owens,Haringey,Cafe,,1,,90 Alexandra Park Road,N10 2AE,,,https://www.openstreetmap.org/way/1037817192
https://paesanlondon.com/,Paesan,Haringey,Italian,reservations@paesanlondon.com,1,,,,,,https://www.openstreetmap.org/node/12633147096
https://www.paya-cuisine.co.uk/,Paya,Haringey,Asian,,1,,,,,,https://www.openstreetmap.org/node/4691563253
https://perkyns.square.site/,Perkyn's,Haringey,Cafe,,1,,10 Vicarage Parade,N15 3BL,,,https://www.openstreetmap.org/node/11945115815
https://www.boulangerie-pierrealix.com,Pierre Alix,Haringey,Bakery,,1,+44 20 8444 1415,222 Muswell Hill Broadway,N10 3SH,,boulangerie_pierrealix,https://www.openstreetmap.org/node/9890509210
https://www.pizzagogo.co.uk/stores/hornsey,Pizza GoGo,Haringey,Pizza,,1,+44 20 8342 9475,85 Tottenham Lane,N8 9BE,,,https://www.openstreetmap.org/node/12385279655
https://www.pizzahut.co.uk/huts/uk-1/7541-harringey/,Pizza Hut Delivery,Haringey,Pizza,,1,+44 20 8802 9626,42 Grand Parade,N4 1AQ,,,https://www.openstreetmap.org/node/9143453380
https://www.pizzaexpress.com/muswell-hill-broadway/,PizzaExpress,Haringey,Pizza,,1,,290 Muswell Hill Broadway,N10 2QR,,,https://www.openstreetmap.org/node/2328642401
https://www.pizzaexpress.com/highgate-high-street,PizzaExpress,Haringey,Pizza,,1,,28 Highgate High Street,,,,https://www.openstreetmap.org/way/131925578
https://pressuredropbrewing.co.uk/pages/taproom,Pressure Drop,Haringey,Pub,taproom@pressuredropbrewing.co.uk,1,,,,,,https://www.openstreetmap.org/node/6939589391
https://www.prestigepatisserie.com/,Prestige Patisserie,Haringey,Bakery,hello@prestigepatisserie.com,1,,,,,,https://www.openstreetmap.org/node/11498201750
https://www.pret.co.uk/en-GB/shop-finder/l/london/13-willoughby-lane/11262,Pret A Manger,Haringey,Deli,,1,+44 20 8092 2130,1-13 Willoughby Lane,N17 0QU,,,https://www.openstreetmap.org/node/13718629811
http://prioryparkcafe.co.uk/,Priory Park Cafe,Haringey,Cafe,,1,,,,,,https://www.openstreetmap.org/way/499290105
https://prontopizzawestgreen.co.uk,Pronto Pizza,Haringey,Pizza,,1,+44 20 8881 8866,388 West Green Road,N15 3PX,,,https://www.openstreetmap.org/node/3083259030
https://puraan.co.uk/,Puraan,Haringey,Indian,info@puraan.co.uk,1,+44 2083 747 612,10 Turnpike Lane,N8 0PT,,,https://www.openstreetmap.org/node/9143345413
https://www.queenswoodcafe.org/,Queen's Wood Café,Haringey,Cafe,info@queenswoodcafe.org,1,,42 Muswell Hill Road,N10 3JP,,,https://www.openstreetmap.org/way/366293474
https://www.theredlionandsun.com/,Red Lion & Sun,Haringey,Pub,info@theredlionandsun.com,1,,25 North Road,N6 4BE,,,https://www.openstreetmap.org/way/810341385
https://www.redemptionroasters.com/,Redemption Roasters,Haringey,Breakfast,,1,,,,,,https://www.openstreetmap.org/node/12227968436
https://renaissancemusic.co.uk/,Renaissance,Haringey,Cafe,info@renaissancemusic.co.uk,1,,81 Myddleton Road,N22 8NE,,,https://www.openstreetmap.org/node/7798793795
https://www.ronisonline.co.uk,Roni's,Haringey,Bakery,,1,,348 Muswell Hill Broadway,N10 1DJ,,,https://www.openstreetmap.org/way/224040351
http://www.rosemarycafe.co.uk/,Rosemary,Haringey,Breakfast,,1,,11-13 Park Road,N8 8TD,,,https://www.openstreetmap.org/node/3693706314
https://www.rosettaldn.co.uk,Rosetta,Haringey,Cafe,,1,,264 Muswell Hill,N10 3SH,,,https://www.openstreetmap.org/way/504637166
https://sakisushi.co.uk,Saki,Haringey,Asian; Sushi,,1,,33 Tottenham Lane,N8 9DB,,,https://www.openstreetmap.org/node/6235132679
https://selale.co.uk,Selale,Haringey,Restaurant,marketing@selale.co.uk,1,+44 20 8800 1636,1-3 Salisbury Promenade,N8 0RX,,,https://www.openstreetmap.org/node/2333408453
https://www.selektchicken.com/,Selekt Chicken,Haringey,Takeaway,,1,,16 Turnpike Lane,N8 0PT,,,https://www.openstreetmap.org/node/12631800146
https://simitsarayi.com,Simit Sarayi,Haringey,Bakery,,1,,36 Grand Parade,N4 1AQ,,,https://www.openstreetmap.org/node/6264647472
https://www.smallbeern8.co.uk,Small Beer,Haringey,Pub,,1,,22 Tottenham Lane,N8 8PT,,smallbeern8,https://www.openstreetmap.org/node/656954583
https://smartbuns.co.uk/,Smart Buns,Haringey,Burger,,1,,83 Turnpike Lane,N8 0EP,,,https://www.openstreetmap.org/node/6533010982
https://www.jdwetherspoon.com/pubs/spouters-corner-wood-green/,Spouter's Corner,Haringey,Pub,,1,,180 High Road,N22 6EJ,,,https://www.openstreetmap.org/way/671119848
https://stampbrasserie.com,Stamp Brasserie,Haringey,French,info@stampbrasserie.com,1,+44 20 8245 2520,509 Green Lanes,N4 1AN,,,https://www.openstreetmap.org/node/11942698957
https://www.starbucks.ca/store-locator/store/1051576/tottenham-hale-1-ashley-rd-1-ashley-road-london-eng-n-17-9-lp-gb,Starbucks,Haringey,Breakfast,,1,,1 Ashley Road,N17 9LP,,,https://www.openstreetmap.org/node/11687714204
https://restaurants.subway.com/united-kingdom/en/london/tottenham-hale-retail-park,Subway,Haringey,Deli,,1,,Broad Lane,N15 4QD,,,https://www.openstreetmap.org/node/1661112076
https://restaurants.subway.com/united-kingdom/en/london/arena-shopping-park,Subway,Haringey,Deli,,1,,,,,,https://www.openstreetmap.org/node/2298016262
https://restaurants.subway.com/united-kingdom/en/london/15-high-road-wood-green,Subway,Haringey,Deli,,1,,High Road,,,,https://www.openstreetmap.org/node/3411918593
https://sumakrestaurants.com,Sumak,Haringey,Restaurant,hello@sumakrestaurants.com,1,+44 20 8341 6261,141 Tottenham Lane,N8 9BJ,,,https://www.openstreetmap.org/node/12633147066
https://sushizenton10.co.uk/,Sushi Zento,Haringey,Asian; Sushi,,1,,476 Muswell Hill Broadway,N10 1BT,,,https://www.openstreetmap.org/way/224040382
https://www.table13london.com/,Table 13,Haringey,Cafe,,1,,Waterside Way,N17 9FU,,,https://www.openstreetmap.org/node/5920551648
https://www.bohembrewery.com/bohem-tap-room/,Tap Room,Haringey,Pub,ask.us@bohembrewery.com,1,,,,,,https://www.openstreetmap.org/node/7804014021
https://www.antwerparms.co.uk/,The Antwerp Arms,Haringey,Pub,manager@antwerparms.co.uk,1,+44 20 8216 9289,168-170 Church Road,N17 8AS,,,https://www.openstreetmap.org/node/520913454
https://beehiven17.com/,The Beehive,Haringey,Burger; Pub,info@beehiven17.com,1,+44 20 8808 3567,Stoneleigh Road,N17 9BQ,,,https://www.openstreetmap.org/way/1076851225
https://thebluecoatspub.com/,The Bluecoats Pub,Haringey,Pub,,1,+44 20 8885 6555,614 High Road,N17 9TA,,,https://www.openstreetmap.org/node/2267462478
https://www.thebullhighgate.com/,The Bull,Haringey,Pub,info@thebullhighgate.com,1,+44 20 8341 0510,13 North Hill,,,,https://www.openstreetmap.org/way/154117129
http://www.thedukesheadhighgate.co.uk,The Duke's Head,Haringey,Pub,,1,,16 Highgate High Street,,,,https://www.openstreetmap.org/way/131925577
https://www.craftunionpubs.com/elbow-room-tottenham,The Elbow Room,Haringey,Pub,,1,,503-505 High Road,N17 6QA,,,https://www.openstreetmap.org/node/529116489
https://falteringfullback.com/,The Faltering Fullback,Haringey,Asian; Pub,,1,+44 20 7272 5834,19 Perth Road,N4 3HB,,,https://www.openstreetmap.org/way/536515003
https://thefamousroyaloak.co.uk,The Famous Royal Oak,Haringey,Pub,,1,+44 20 3489 2845,73 St James's Lane,N10 3QY,,,https://www.openstreetmap.org/way/366382271
https://www.urbanpubsandbars.com/venues/the-fox-at-crouch-end,The Fox at Crouch End,Haringey,Pub,events@urbanpubsandbars.com,1,+44 2081 610 388,2 Park Road,N8 8TD,,,https://www.openstreetmap.org/node/12633199507
https://thegatehousen6.com/,The Gatehouse,Haringey,Pub,contact@thegatehousen6.com,1,+44 20 8340 8054,1 North Road,N6 4BD,,,https://www.openstreetmap.org/way/416068944
https://thegoodreader.co.uk/,The Good Reader,Haringey,Pub,enquiries@thegoodreader.co.uk,1,,120 Park Road,N8 8JP,,,https://www.openstreetmap.org/way/264128874
https://www.thegoodnessbrew.co/,The Goodness Brewing Company,Haringey,Pub,sales@thegoodnessbrew.co,1,,,,,,https://www.openstreetmap.org/node/8263743019
https://www.thegreatnorthernrailway.co.uk/,The Great Northern Railway Tavern,Haringey,Pub,greatnorthernrailway.office@fullers.co.uk,1,+44 2081 276 632,67 High Street,N8 7QB,,,https://www.openstreetmap.org/way/533228529
https://www.alexandrapalace.com/food-drink/grove-cafe,The Grove Café,Haringey,Italian,visitor.services@alexandrapalace.com,1,,Alexandra Palace Way,N22 7BA,,,https://www.openstreetmap.org/node/293653254
https://www.instagram.com/highcrosslondon/,The High Cross,Haringey,Pub,,1,+44 20 8292 8115,350 High Road,N17 9HT,,,https://www.openstreetmap.org/node/6364969835
https://www.themaidofmuswell.co.uk/,The Maid of Muswell,Haringey,Pub,,1,,121 Alexandra Park Road,N10 2DP,,,https://www.openstreetmap.org/way/501641166
https://www.jdwetherspoon.com/pubs/the-mossy-well-muswell-hill/,The Mossy Well,Haringey,Pub,,1,,258-260 Muswell Hill Broadway,N10 3SH,,,https://www.openstreetmap.org/way/441509845
https://thenagshead.pub/,The Nag's Head,Haringey,Pub,info@thenagshead.pub,1,+44 20 8889 0376,203 High Road,N22 6DR,,,https://www.openstreetmap.org/way/1327090619
https://the-old-ale-emporium.edan.io/,The Old Ale Emporium,Haringey,Pub,,1,+44 20 8348 6200,405 Green Lanes,N4 1EU,,,https://www.openstreetmap.org/node/25717653
https://www.alexandrapalace.com/food-drink/phoenix-bar-pizzeria/,The Phoenix,Haringey,Pizza; Pub,phoenix.bar@alexandrapalace.com,1,,Alexandra Palace Way,N10 2QE,,,https://www.openstreetmap.org/node/477938811
https://www.thepostbar.co.uk/,The Post Bar,Haringey,Pub,info@thepostbar.co.uk,1,,316 High Road,N15 4BN,,,https://www.openstreetmap.org/node/13315502601
https://www.theprincen22.co.uk/,The Prince,Haringey,Pub,theprincen22@gmail.com,1,,1 Finsbury Road,N22 8PA,,,https://www.openstreetmap.org/way/391389796
https://www.thepriorypubn8.com,The Priory,Haringey,Pub,infothepriorypubn8@gmail.com,1,,169 Priory Road,N8 8NB,,,https://www.openstreetmap.org/node/370187947
https://the-priory-fish-bar.edan.io/,The Priory Fish Bar,Haringey,Seafood,,1,+44 20 8340 6104,16 Priory Road,N8 7RD,,,https://www.openstreetmap.org/node/928264212
https://www.thequeenscrouchend.co.uk/,The Queens,Haringey,Pub,,1,,26 Tottenham Lane,N8 9DE,,,https://www.openstreetmap.org/node/12633147087
https://www.the-railwaytavern.co.uk/,The Railway Tavern,Haringey,Pub,,1,+44 20 8348 3396,23 Crouch End Hill,N8 8DH,,,https://www.openstreetmap.org/node/12633199535
https://thesalisburyhotelpub.co.uk,The Salisbury,Haringey,Burger; Pub,salisburyhotel@yahoo.co.uk,1,+44 20 8800 9617,1 Green Lanes,N4 1JX,,,https://www.openstreetmap.org/way/223934463
https://www.thestartinggate.co.uk/,The Starting Gate,Haringey,Pub,,1,+44 20 8889 9436,Station Road,N22 7SS,,,https://www.openstreetmap.org/way/138428151
https://www.thetacohouse.co.uk/,The Taco House,Haringey,French; Tacos,john.doe@gmail.com,1,,547 Green Lanes,N8 0RL,,,https://www.openstreetmap.org/node/11942698944
https://www.jdwetherspoon.com/pubs/all-pubs/england/london/the-toll-gate-harringay,The Toll Gate,Haringey,Pub,,1,,26-30 Turnpike Lane,N8 0PS,,,https://www.openstreetmap.org/node/3750381862
https://www.thevictoriatottenham.com/,The Victoria,Haringey,Pub,info@thevictoriatottenham.com,1,,34 Scotland Green,N17 9TT,,,https://www.openstreetmap.org/way/1288548017
https://www.the-wooden-cross.com,The Wooden Cross,Haringey,Pub,hello@the-wooden-cross.com,1,,153 Crouch Hill,N8 8DH,,,https://www.openstreetmap.org/node/385018022
https://www.the-woodman.com/,The Woodman,Haringey,Pub,,1,,414 Archway Road,,,,https://www.openstreetmap.org/way/445564923
https://thewrestlershighgate.com/,The Wrestlers,Haringey,Pub,manager@thewrestlershighgate.com,1,+44 20 8340 4297,98 North Road,N6 4AA,,,https://www.openstreetmap.org/way/676767336
https://www.threecompasseshornsey.com/,Three Compasses,Haringey,Pub,manager@threecompassespub.com,1,+44 20 3154 4646,62 High Street,N8 7NX,,,https://www.openstreetmap.org/node/12007863407
https://www.throughthewoods.london,Through the woods,Haringey,Restaurant,chris@throughthewoods.london,1,,212 Middle Lane,N8 7LA,,,https://www.openstreetmap.org/node/12007863445
https://www.toffsfish.co.uk,Toffs,Haringey,Seafood,,1,+44 20 8883 8656,38 Muswell Hill Broadway,N10 3RT,,,https://www.openstreetmap.org/node/5163825194
http://www.tomopizzeria.com,Tomo Pizzeria,Haringey,Italian; Pizza,info@tomopizzeria.com,1,+44 2083 480 099,88 High Street,N8 7NU,,,https://www.openstreetmap.org/node/12007863394
https://topspizza.co.uk/finchley,Tops Pizza,Haringey,Pizza,,1,+44 20 8340 8899,32 Aylmer Parade,N2 0PE,,,https://www.openstreetmap.org/node/1631434268
https://www.hairbytoyandco.co.uk/,Toy & Co,Haringey,Asian; Sushi,info@hairbytoyandco.co.uk,1,+44 20 8883 1221,120 Alexandra Park Road,N10 2AH,,,https://www.openstreetmap.org/way/1037817175
https://theunclejohnsbakery.com,Uncle John's Bakery,Haringey,Bakery,office@theunclejohnsbakery.com,1,+44 20 8802 6883,76 West Green Road,N15 5NS,,,https://www.openstreetmap.org/node/11945307750
https://uptowncuisine.co.uk/,Uptown Cuisine,Haringey,Takeaway,info@uptowncuisine.co.uk,1,,161 Park Lane,N17 0HJ,,,https://www.openstreetmap.org/node/10263469469
https://www.velasquezandvanwezel.co.uk/,Velasquez and Van Wezel,Haringey,Breakfast,martin@velasquezandvanwezel.co.uk,1,,78 Park Road,N8 8JQ,,,https://www.openstreetmap.org/node/5043754021
https://www.victoriastakes.com,Victoria Stakes,Haringey,Pub,events@victoriastakes.co.uk,1,,1-3 Muswell Hill,N10 3TH,,,https://www.openstreetmap.org/way/530088481
https://vrisakirestaurant.wpcomstaging.com/,Vrisaki,Haringey,Greek,,1,+44 20 8889 8760,73 Myddleton Road,N22 8LZ,,,https://www.openstreetmap.org/node/7818189066
https://www.wmartyn.co.uk,W. Martyn,Haringey,Deli,sales@wmartyn.co.uk,1,,135 Muswell Hill Broadway,N10 3RS,,,https://www.openstreetmap.org/way/504637141
https://www.withmilklondon.co.uk,With Milk,Haringey,Breakfast,info@withmilklondon.co.uk,1,,124 Philip Lane,N15 4JL,https://www.facebook.com/WithMilkLDN,https://www.instagram.com/withmilkldn,https://www.openstreetmap.org/node/9278648885
http://www.wowsimplyjapanese.co.uk,WOW Simply Japanese,Haringey,Asian; Japanese,,1,+44 20 8340 4539,18 Crouch End Hill,N8 8AA,,,https://www.openstreetmap.org/node/1024136516
https://yardsalepizza.com/shop/tottenham/,Yard Sale Pizza,Haringey,Pizza,hello@yardsalepizza.com,1,+44 20 8374 9446,8 Vicarage Parade,N15 3BL,,,https://www.openstreetmap.org/node/11945115818
https://youmesushi.com/branches/muswell-hill/,You Me Sushi,Haringey,Asian; Sushi,,1,,1-3 Muswell Hill Broadway,N10 3HA,,,https://www.openstreetmap.org/way/1035425160
