borough,area,emails,websites
Barking and Dagenham,Barking,4,21
Barking and Dagenham,Barking Riverside,0,1
Barking and Dagenham,Beam Park,0,0
Barking and Dagenham,Becontree,0,2
Barking and Dagenham,Becontree Heath,4,11
Barking and Dagenham,Castle Green,0,0
Barking and Dagenham,Chadwell Heath,2,6
Barking and Dagenham,Creekmouth,0,0
Barking and Dagenham,Dagenham,5,27
Barking and Dagenham,Marks Gate,0,4
Barking and Dagenham,Rush Green,0,1
Barking and Dagenham,Thames View,5,5
Barking and Dagenham,Upney,0,0
Barnet,Arkley,1,1
Barnet,"Barnet (also Chipping Barnet, High Barnet)",7,31
Barnet,Barnet Gate,0,1
Barnet,Brent Cross,7,16
Barnet,Brunswick Park,0,0
Barnet,Burnt Oak,2,4
Barnet,"Burroughs, The",0,0
Barnet,Childs Hill,1,1
Barnet,Church End,6,20
Barnet,Cockfosters,0,1
Barnet,Colindale,4,11
Barnet,Colney Hatch,2,6
Barnet,Cricklewood,2,6
Barnet,East Barnet,4,6
Barnet,East Finchley,10,14
Barnet,Edgware,11,24
Barnet,Finchley,0,6
Barnet,Friern Barnet,1,5
Barnet,Golders Green,10,22
Barnet,Grahame Park,0,1
Barnet,"Hale, The",3,8
Barnet,Hampstead Garden Suburb,1,2
Barnet,Hendon,11,23
Barnet,"Hyde, The",0,0
Barnet,Mill Hill,7,12
Barnet,Monken Hadley,0,0
Barnet,Muswell Hill,0,0
Barnet,New Barnet,7,19
Barnet,New Southgate,0,4
Barnet,North Finchley,17,41
Barnet,Oakleigh Park,0,0
Barnet,Osidge,0,2
Barnet,Temple Fortune,4,12
Barnet,Totteridge,1,2
Barnet,West Hendon,2,2
Barnet,Whetstone,12,20
Barnet,Woodside Park,2,4
Bexley,Abbey Wood,0,0
Bexley,Albany Park,0,2
Bexley,Barnehurst,1,8
Bexley,Barnes Cray,0,1
Bexley,Belvedere,0,0
Bexley,"Bexley (also Old Bexley, Bexley Village)",4,8
Bexley,Bexleyheath (also Bexley New Town),13,43
Bexley,Blackfen,4,13
Bexley,Blendon,1,2
Bexley,Crayford,2,10
Bexley,Crook Log,1,2
Bexley,Crossness,0,0
Bexley,East Wickham,1,1
Bexley,Erith,0,3
Bexley,Falconwood,2,5
Bexley,Foots Cray,3,4
Bexley,Lamorbey,5,12
Bexley,Lessness Heath,2,7
Bexley,Longlands,1,2
Bexley,North Cray,1,2
Bexley,North End,0,1
Bexley,Northumberland Heath,0,3
Bexley,Ruxley,0,0
Bexley,Sidcup,7,24
Bexley,Slade Green,1,1
Bexley,Thamesmead,0,1
Bexley,Upper Ruxley,0,0
Bexley,Upton,0,1
Bexley,Welling,5,23
Bexley,West Heath,0,0
Brent,Alperton,6,13
Brent,Brent Park,0,0
Brent,Brondesbury,0,2
Brent,Church End,0,0
Brent,Cricklewood,10,17
Brent,Dollis Hill,2,4
Brent,Harlesden,7,20
Brent,Kensal Green,0,0
Brent,Kenton,2,4
Brent,Kilburn,5,17
Brent,Kingsbury,12,20
Brent,Neasden,0,0
Brent,Park Royal,6,7
Brent,Preston,2,8
Brent,Queen's Park,12,18
Brent,Queensbury,2,4
Brent,Stonebridge,0,0
Brent,Sudbury,3,8
Brent,Tokyngton,0,0
Brent,Wembley,31,78
Brent,Wembley Park,0,0
Brent,Willesden,16,36
Bromley,Anerley,1,1
Bromley,Aperfield,1,4
Bromley,Beckenham,32,59
Bromley,Berry's Green,0,0
Bromley,Bickley,0,0
Bromley,Biggin Hill,1,1
Bromley,Bromley,22,57
Bromley,Bromley Common,0,1
Bromley,Chelsfield,0,1
Bromley,Chislehurst,9,16
Bromley,Coldblow,0,0
Bromley,Coney Hall,1,5
Bromley,Crystal Palace,7,11
Bromley,Cudham,0,0
Bromley,Derry Downs,0,0
Bromley,Downe,2,2
Bromley,Eden Park,4,6
Bromley,Elmers End,4,9
Bromley,Elmstead,0,1
Bromley,Goddington,1,1
Bromley,Hayes,10,20
Bromley,Hazelwood,0,0
Bromley,Horns Green,0,0
Bromley,Keston,2,4
Bromley,Kevington,0,0
Bromley,Leaves Green,0,0
Bromley,Locksbottom,5,11
Bromley,Luxted,0,0
Bromley,Mottingham,1,4
Bromley,Orpington,13,34
Bromley,Penge,10,32
Bromley,Petts Wood,8,20
Bromley,Plaistow,3,5
Bromley,Pratt's Bottom,3,7
Bromley,Ruxley,0,0
Bromley,Single Street,0,0
Bromley,South Street,0,1
Bromley,Southborough,5,16
Bromley,St Mary Cray,2,6
Bromley,St Paul's Cray,2,3
Bromley,Sundridge,0,2
Bromley,"Sydenham (also Lower Sydenham, Upper Sydenham)",0,1
Bromley,Upper Ruxley,0,1
Bromley,West Wickham,6,23
Bromley,Widmore (also Widmore Green),1,1
Camden,Belsize Park,11,26
Camden,Bloomsbury,44,80
Camden,Camden Town,58,117
Camden,Chalk Farm,22,28
Camden,Clerkenwell,12,26
Camden,Covent Garden,3,8
Camden,Euston,0,0
Camden,Fitzrovia,41,78
Camden,Frognal,0,0
Camden,Gospel Oak,11,19
Camden,Hampstead,13,32
Camden,Highgate,5,9
Camden,Holborn,39,79
Camden,Kentish Town,33,58
Camden,Kilburn,8,17
Camden,King's Cross,42,85
Camden,North End,1,2
Camden,Primrose Hill,20,30
Camden,Somers Town,23,45
Camden,St Giles,36,66
Camden,St Pancras,12,36
Camden,Swiss Cottage,5,20
Camden,West Hampstead,17,33
City of London,Aldgate,61,155
City of London,Barbican,47,109
City of London,Blackfriars,50,118
City of London,Farringdon,12,22
City of London,Holborn,2,4
City of London,Temple,14,26
Croydon,Addington,1,2
Croydon,Addiscombe,8,21
Croydon,Coombe,0,0
Croydon,Coulsdon,8,22
Croydon,Croydon,25,75
Croydon,Forestdale,0,1
Croydon,Hamsey Green,0,0
Croydon,Kenley,1,2
Croydon,New Addington,1,2
Croydon,Norbury,8,15
Croydon,Old Coulsdon,2,5
Croydon,Purley,8,24
Croydon,Riddlesdown,0,0
Croydon,Sanderstead,4,15
Croydon,Selhurst,0,1
Croydon,Selsdon,9,27
Croydon,Shirley,5,9
Croydon,South Croydon,0,0
Croydon,South Norwood,4,12
Croydon,Thornton Heath,5,11
Croydon,Upper Norwood,9,17
Croydon,Waddon,3,13
Croydon,Woodside,0,0
Ealing,Acton,15,52
Ealing,Acton Green,0,0
Ealing,Bedford Park,0,0
Ealing,Chiswick,4,6
Ealing,Ealing,45,97
Ealing,Greenford,7,12
Ealing,Hanwell,8,16
Ealing,Northolt,2,11
Ealing,Norwood Green,8,14
Ealing,Park Royal,5,14
Ealing,Perivale,4,16
Ealing,Southall,19,41
Ealing,Sudbury,0,0
Ealing,West Ealing,24,42
Enfield,Arnos Grove,1,4
Enfield,Botany Bay,0,0
Enfield,Brimsdown,0,1
Enfield,Bulls Cross,0,0
Enfield,Bullsmoor,1,3
Enfield,Bush Hill Park,4,9
Enfield,Cockfosters,7,16
Enfield,Crews Hill,1,3
Enfield,Edmonton,10,30
Enfield,Enfield,14,46
Enfield,Enfield Highway,2,9
Enfield,Enfield Lock,2,2
Enfield,Enfield Wash,4,14
Enfield,Freezywater,1,2
Enfield,Gordon Hill,0,0
Enfield,Grange Park,2,3
Enfield,Hadley Wood,0,0
Enfield,Palmers Green,19,29
Enfield,Ponders End,5,9
Enfield,Southgate,22,47
Enfield,Winchmore Hill,3,11
Greenwich,Abbey Wood,1,1
Greenwich,Blackheath Royal Standard,4,12
Greenwich,Charlton,3,19
Greenwich,Eltham,5,21
Greenwich,Falconwood,0,1
Greenwich,Greenwich,79,150
Greenwich,Horn Park,0,0
Greenwich,Kidbrooke,2,6
Greenwich,Maze Hill,0,0
Greenwich,Middle Park,0,1
Greenwich,Mottingham,0,0
Greenwich,New Eltham,1,10
Greenwich,Plumstead,9,13
Greenwich,Shooter's Hill,2,3
Greenwich,Thamesmead,1,6
Greenwich,Well Hall,2,11
Greenwich,Westcombe Park,0,0
Greenwich,Woolwich,16,39
Hackney,Dalston,23,49
Hackney,De Beauvoir Town,8,10
Hackney,Hackney,65,106
Hackney,Hackney Central,0,0
Hackney,Hackney Marshes,0,0
Hackney,Hackney Wick,10,18
Hackney,Haggerston,27,41
Hackney,Homerton,8,10
Hackney,Hoxton,8,20
Hackney,Lea Bridge,0,0
Hackney,Lower Clapton,21,36
Hackney,Manor House,7,13
Hackney,Shacklewell,30,41
Hackney,Shoreditch,67,105
Hackney,South Hackney,0,0
Hackney,Stamford Hill,2,6
Hackney,Stoke Newington,23,38
Hackney,Upper Clapton,3,4
Hackney,West Hackney,10,21
Hammersmith and Fulham,Acton,1,1
Hammersmith and Fulham,Brompton,0,0
Hammersmith and Fulham,Fulham,27,55
Hammersmith and Fulham,Hammersmith,47,108
Hammersmith and Fulham,Old Oak Common,1,3
Hammersmith and Fulham,Parsons Green,30,69
Hammersmith and Fulham,Sands End,7,15
Hammersmith and Fulham,Shepherd's Bush,34,112
Hammersmith and Fulham,West Kensington,24,48
Hammersmith and Fulham,White City,0,0
Hammersmith and Fulham,Wormwood Scrubs,0,0
Haringey,Bounds Green,1,2
Haringey,Bowes Park,2,4
Haringey,Crouch End,12,32
Haringey,Finsbury Park,1,1
Haringey,Fortis Green,1,5
Haringey,Harringay,22,43
Haringey,Highgate,10,18
Haringey,Hornsey,21,27
Haringey,Muswell Hill,16,42
Haringey,Northumberland Park,0,0
Haringey,Seven Sisters,8,9
Haringey,South Tottenham,3,6
Haringey,Stroud Green,3,7
Haringey,Tottenham,12,26
Haringey,Tottenham Green,0,0
Haringey,Tottenham Hale,4,13
Haringey,Turnpike Lane,0,0
Haringey,West Green,2,6
Haringey,Wood Green,10,30
Harrow,Belmont,2,8
Harrow,Harrow,15,41
Harrow,Harrow Weald,1,3
Harrow,Harrow on the Hill,1,4
Harrow,Hatch End,8,11
Harrow,Kenton,1,5
Harrow,North Harrow,0,0
Harrow,Pinner,8,15
Harrow,Queensbury,6,9
Harrow,Rayners Lane,3,7
Harrow,South Harrow,9,27
Harrow,Stanmore,3,6
Harrow,Sudbury,1,2
Harrow,Wealdstone,6,11
Harrow,West Harrow,0,0
Havering,Ardleigh Green,1,2
Havering,Beam Park,0,2
Havering,Chase Cross,0,1
Havering,Collier Row,2,6
Havering,Cranham,0,7
Havering,Elm Park,3,10
Havering,Emerson Park,4,4
Havering,Gallows Corner,0,4
Havering,Gidea Park,6,15
Havering,Harold Hill,0,5
Havering,Harold Park,0,0
Havering,Harold Wood,1,4
Havering,Havering-atte-Bower,0,0
Havering,Hornchurch,17,36
Havering,Noak Hill,0,1
Havering,North Ockendon,0,0
Havering,Rainham,2,9
Havering,Romford,18,46
Havering,Rush Green,4,12
Havering,South Hornchurch,3,5
Havering,Upminster,7,27
Havering,Upminster Bridge,0,2
Havering,Wennington,0,1
Hillingdon,Cowley,5,7
Hillingdon,Eastcote,12,33
Hillingdon,Harefield,2,3
Hillingdon,Harlington,3,7
Hillingdon,Harmondsworth,0,1
Hillingdon,Hayes,6,23
Hillingdon,Hillingdon,3,15
Hillingdon,Ickenham,0,5
Hillingdon,Longford,0,10
Hillingdon,Northwood,11,27
Hillingdon,Ruislip,7,24
Hillingdon,Sipson,2,14
Hillingdon,South Ruislip,0,0
Hillingdon,Uxbridge,10,37
Hillingdon,West Drayton,4,6
Hillingdon,Yeading,6,14
Hillingdon,Yiewsley,1,11
Hounslow,Brentford,19,30
Hounslow,Chiswick,22,54
Hounslow,Cranford,3,10
Hounslow,East Bedfont,0,0
Hounslow,Feltham,7,32
Hounslow,Grove Park,9,17
Hounslow,Gunnersbury,0,0
Hounslow,Hanworth,1,2
Hounslow,Hatton,2,10
Hounslow,Heston,4,8
Hounslow,Hounslow,25,49
Hounslow,Isleworth,1,8
Hounslow,Lampton,1,4
Hounslow,Old Chiswick,0,0
Hounslow,Osterley,4,6
Hounslow,Woodlands,0,0
Islington,Angel,28,50
Islington,Archway,15,27
Islington,Barnsbury,12,16
Islington,Canonbury,21,47
Islington,Clerkenwell,33,48
Islington,Farringdon,15,32
Islington,Finsbury,7,31
Islington,Finsbury Park,14,36
Islington,Highbury,11,22
Islington,Highgate,0,0
Islington,Holloway,29,65
Islington,Islington,35,52
Islington,Pentonville,14,33
Islington,St Luke's,8,17
Islington,Tufnell Park,3,8
Islington,Upper Holloway,0,0
Kensington and Chelsea,Brompton,24,59
Kensington and Chelsea,Chelsea,80,149
Kensington and Chelsea,Earls Court,28,69
Kensington and Chelsea,Holland Park,37,70
Kensington and Chelsea,Kensington,15,32
Kensington and Chelsea,North Kensington,22,59
Kensington and Chelsea,Notting Hill,43,90
Kensington and Chelsea,South Kensington,30,75
Kensington and Chelsea,West Brompton,0,0
Kingston upon Thames,Berrylands,2,3
Kingston upon Thames,Chessington,1,3
Kingston upon Thames,Coombe,0,3
Kingston upon Thames,Hook,1,5
Kingston upon Thames,Kingston Vale,0,0
Kingston upon Thames,Kingston upon Thames,29,96
Kingston upon Thames,Malden Rushett,2,3
Kingston upon Thames,Motspur Park,1,2
Kingston upon Thames,New Malden,14,32
Kingston upon Thames,Norbiton,2,3
Kingston upon Thames,Old Malden,4,4
Kingston upon Thames,Surbiton,35,53
Kingston upon Thames,Tolworth,5,9
Kingston upon Thames,Worcester Park,0,0
Lambeth,Brixton,47,95
Lambeth,Clapham,30,58
Lambeth,Dulwich,0,0
Lambeth,Gipsy Hill,7,12
Lambeth,Herne Hill,9,19
Lambeth,Kennington,15,27
Lambeth,Lambeth,52,94
Lambeth,Oval,8,24
Lambeth,Stockwell,7,22
Lambeth,Streatham,7,25
Lambeth,Tulse Hill,8,13
Lambeth,Vauxhall,5,13
Lambeth,West Dulwich,3,3
Lambeth,West Norwood,8,22
Lewisham,Bell Green,2,2
Lewisham,Bellingham,1,4
Lewisham,Blackheath,11,21
Lewisham,Brockley,6,15
Lewisham,Catford,13,28
Lewisham,Chinbrook,0,1
Lewisham,Crofton Park,5,8
Lewisham,Deptford,27,42
Lewisham,Downham,0,9
Lewisham,Forest Hill,10,18
Lewisham,Grove Park,1,2
Lewisham,Hither Green,6,9
Lewisham,Honor Oak,4,5
Lewisham,Horn Park,1,2
Lewisham,Ladywell,8,11
Lewisham,Lee,2,5
Lewisham,Lewisham,13,31
Lewisham,Mottingham,0,0
Lewisham,New Cross,22,40
Lewisham,Southend,0,4
Lewisham,St Johns,0,0
Lewisham,"Sydenham (also Lower Sydenham, Upper Sydenham)",13,24
Lewisham,Sydenham Hill,0,0
Merton,Colliers Wood,5,16
Merton,Lower Morden,1,5
Merton,Merton Park,2,3
Merton,Mitcham,3,11
Merton,Morden,8,22
Merton,Morden Park,0,0
Merton,Raynes Park,13,22
Merton,South Wimbledon,9,16
Merton,St Helier,1,1
Merton,Wimbledon,32,89
Newham,Beckton,2,15
Newham,Canning Town,10,22
Newham,Custom House,9,14
Newham,East Ham,11,24
Newham,Forest Gate,17,35
Newham,Little Ilford,1,1
Newham,Manor Park,7,13
Newham,Maryland,5,8
Newham,North Woolwich,3,5
Newham,Plaistow,5,16
Newham,Silvertown,9,18
Newham,Stratford,12,39
Newham,Stratford City,20,54
Newham,Upton Park,5,9
Newham,West Ham,2,5
Redbridge,Aldborough Hatch,0,0
Redbridge,Barkingside,9,25
Redbridge,Chadwell Heath,0,6
Redbridge,Clayhall,2,3
Redbridge,Gants Hill,12,27
Redbridge,Goodmayes,2,6
Redbridge,Hainault,1,1
Redbridge,Ilford,17,40
Redbridge,Loxford,4,7
Redbridge,Newbury Park,1,4
Redbridge,Redbridge,1,1
Redbridge,Seven Kings,6,11
Redbridge,Snaresbrook,4,7
Redbridge,South Woodford,9,27
Redbridge,Wanstead,2,10
Redbridge,Woodford,6,8
Redbridge,Woodford Bridge,0,4
Redbridge,Woodford Green,2,6
Redbridge,Woodford Wells,0,1
Richmond upon Thames,Barnes,14,21
Richmond upon Thames,Castelnau,0,0
Richmond upon Thames,East Sheen,11,24
Richmond upon Thames,Eel Pie Island,0,0
Richmond upon Thames,Fulwell,0,0
Richmond upon Thames,Ham,5,7
Richmond upon Thames,Hampton,5,15
Richmond upon Thames,Hampton Hill,9,12
Richmond upon Thames,Hampton Wick,3,9
Richmond upon Thames,Kew,9,22
Richmond upon Thames,Mortlake,2,5
Richmond upon Thames,North Sheen,0,3
Richmond upon Thames,Petersham,4,5
Richmond upon Thames,Richmond,35,78
Richmond upon Thames,St Margarets,6,12
Richmond upon Thames,Strawberry Hill,5,9
Richmond upon Thames,Teddington,16,31
Richmond upon Thames,Twickenham,20,50
Richmond upon Thames,Whitton,2,18
Southwark,Bankside,9,34
Southwark,Bermondsey,37,57
Southwark,Camberwell,16,36
Southwark,Denmark Hill,3,7
Southwark,Dulwich,2,2
Southwark,Dulwich Village,2,5
Southwark,East Dulwich,16,35
Southwark,Elephant and Castle,22,52
Southwark,Herne Hill,8,12
Southwark,Kennington,0,0
Southwark,Newington,0,0
Southwark,Nunhead,3,7
Southwark,Peckham,35,58
Southwark,Rotherhithe,12,19
Southwark,Southwark,86,167
Southwark,Surrey Quays,7,22
Southwark,Sydenham Hill,1,1
Southwark,Walworth,6,20
Southwark,West Dulwich,1,4
Sutton,Beddington,2,5
Sutton,Belmont,2,3
Sutton,Carshalton,8,33
Sutton,Cheam,8,22
Sutton,Sutton,12,47
Sutton,Wallington,10,22
Sutton,Worcester Park,1,12
Tandridge,Hamsey Green,0,0
Tower Hamlets,Bethnal Green,48,78
Tower Hamlets,Blackwall,8,11
Tower Hamlets,Bow,14,34
Tower Hamlets,Bromley (also Bromley-by-Bow),5,14
Tower Hamlets,Cambridge Heath,0,0
Tower Hamlets,Canary Wharf,33,80
Tower Hamlets,Cubitt Town,3,9
Tower Hamlets,Isle of Dogs,9,14
Tower Hamlets,Leamouth,0,0
Tower Hamlets,Limehouse,9,20
Tower Hamlets,Mile End,0,1
Tower Hamlets,Millwall,3,5
Tower Hamlets,Old Ford,26,30
Tower Hamlets,Poplar,6,17
Tower Hamlets,Ratcliff,0,0
Tower Hamlets,Shadwell,4,8
Tower Hamlets,Spitalfields,70,109
Tower Hamlets,Stepney,4,17
Tower Hamlets,Tower Hill,1,4
Tower Hamlets,Wapping,11,27
Tower Hamlets,Whitechapel,32,65
Waltham Forest,Cann Hall,7,10
Waltham Forest,Chingford,17,24
Waltham Forest,Highams Park,8,26
Waltham Forest,Leyton,24,45
Waltham Forest,Leytonstone,8,25
Waltham Forest,Snaresbrook,0,0
Waltham Forest,Upper Walthamstow,7,16
Waltham Forest,Walthamstow,35,69
Waltham Forest,Walthamstow Village,7,15
Wandsworth,Balham,15,38
Wandsworth,Battersea,31,53
Wandsworth,Clapham,0,1
Wandsworth,Clapham Junction,33,70
Wandsworth,Earlsfield,11,25
Wandsworth,Nine Elms,17,20
Wandsworth,Putney,35,67
Wandsworth,Roehampton,1,7
Wandsworth,Southfields,2,8
Wandsworth,Tooting,27,67
Wandsworth,Tooting Bec,0,0
Wandsworth,Wandsworth,14,45
Westminster,Aldwych,0,0
Westminster,Bayswater,28,82
Westminster,Belgravia,31,72
Westminster,Charing Cross,0,0
Westminster,Chinatown,0,0
Westminster,Covent Garden,113,260
Westminster,Fitzrovia,22,42
Westminster,Kilburn,1,2
Westminster,Knightsbridge,10,21
Westminster,Lisson Grove,0,0
Westminster,Little Venice,13,35
Westminster,Maida Vale,8,29
Westminster,Marylebone (also St Marylebone),84,180
Westminster,Mayfair,94,196
Westminster,Millbank,12,32
Westminster,Paddington,49,108
Westminster,Pimlico,17,46
Westminster,Queen's Park,1,2
Westminster,Soho,162,351
Westminster,St James's,37,77
Westminster,St John's Wood,13,32
Westminster,Temple,7,12
Westminster,Westminster,14,36
Barking and Dagenham,Barking / Barking Riverside / Creekmouth / Thames View / Upney,0,2
Barnet,Brent Cross / Childs Hill / Cricklewood,1,1
Barnet,Golders Green / Temple Fortune,0,1
Bexley,Erith / Thamesmead,0,1
Bromley,(unassigned),1,1
Bromley,Beckenham / Bickley / Bromley Common / Eden Park / Elmers End,1,2
Bromley,Bromley / Plaistow / Sundridge / Widmore (also Widmore Green),0,1
Bromley,Chelsfield / Downe / Goddington / Hazelwood / Locksbottom / Luxted / Orpington / Pratt's Bottom,1,1
Bromley,Chislehurst / Elmstead,1,2
Bromley,Hayes / Keston / Leaves Green / Southborough,3,4
Camden,Belsize Park / Frognal / Gospel Oak / Hampstead / North End / Primrose Hill / Swiss Cottage,2,3
Camden,Bloomsbury / Holborn / King's Cross / St Pancras,2,3
Camden,Camden Town / Chalk Farm / Euston / King's Cross / Primrose Hill / Somers Town,3,5
Camden,Covent Garden / Holborn / St Giles,1,1
City of London,Barbican / Farringdon,1,1
City of London,Blackfriars / Temple,0,1
Croydon,Addington / Addiscombe / Coombe / Croydon / Forestdale / New Addington / Shirley / Waddon / Woodside,0,2
Ealing,Greenford / Perivale,1,1
Enfield,Bullsmoor / Bush Hill Park / Enfield / Ponders End,0,1
Hackney,(unassigned),3,4
Hackney,Dalston / Hackney / Hackney Central / Shacklewell,4,5
Hackney,De Beauvoir Town / Hackney / Hoxton / Shoreditch,0,1
Hackney,Hackney / Shacklewell / Stamford Hill / Stoke Newington / West Hackney,1,1
Haringey,Bounds Green / Bowes Park / Wood Green,1,1
Harrow,Harrow / Harrow on the Hill / North Harrow / Sudbury,0,1
Harrow,Hatch End / Pinner / Rayners Lane,0,1
Harrow,North Harrow / South Harrow / West Harrow,1,1
Hillingdon,Cowley / Hillingdon / Uxbridge,3,3
Islington,Angel / Barnsbury / Canonbury / Islington / Pentonville,3,5
Islington,Angel / Clerkenwell / Farringdon / Finsbury / St Luke's,2,3
Islington,Archway / Tufnell Park / Upper Holloway,2,2
Islington,Holloway / Tufnell Park,2,3
Kingston upon Thames,Surbiton / Tolworth,0,1
Lambeth,Brixton / Tulse Hill,1,1
Lewisham,(unassigned),1,1
Lewisham,"Bell Green / Sydenham (also Lower Sydenham, Upper Sydenham) / Sydenham Hill",0,1
Merton,Colliers Wood / Merton Park / South Wimbledon / Wimbledon,1,1
Merton,Raynes Park / Wimbledon,1,1
Newham,Beckton / Canning Town / Custom House / North Woolwich / Silvertown,1,1
Newham,Plaistow / Upton Park / West Ham,1,1
Redbridge,Goodmayes / Seven Kings,0,1
Richmond upon Thames,(unassigned),1,1
Richmond upon Thames,Barnes / Castelnau,1,1
Richmond upon Thames,Eel Pie Island / St Margarets / Strawberry Hill / Twickenham,0,2
Richmond upon Thames,Fulwell / Hampton / Hampton Hill,0,1
Richmond upon Thames,Fulwell / Teddington,1,1
Richmond upon Thames,Strawberry Hill / Twickenham / Whitton,0,1
Southwark,Bankside / Bermondsey / Elephant and Castle / Newington / Southwark,1,2
Tower Hamlets,Bethnal Green / Cambridge Heath,1,2
Tower Hamlets,Blackwall / Canary Wharf / Cubitt Town / Isle of Dogs / Leamouth / Limehouse / Millwall / Poplar,2,3
Tower Hamlets,Mile End / Ratcliff / Shadwell / Spitalfields / Stepney / Wapping / Whitechapel,2,3
Waltham Forest,Chingford / Highams Park,1,1
Wandsworth,Earlsfield / Southfields / Wandsworth,2,2
Wandsworth,Putney / Roehampton,1,2
Wandsworth,Tooting / Tooting Bec,3,6
Westminster,Aldwych / Charing Cross / Covent Garden / Temple,2,6
Westminster,Bayswater / Little Venice / Paddington,1,1
Westminster,Belgravia / Knightsbridge / Millbank / Pimlico / St James's / Westminster,2,3
Westminster,Chinatown / Fitzrovia / Marylebone (also St Marylebone) / Mayfair / Soho,1,4
