email,name,borough,categories,website,other_emails,email_source,source,locations,phone,address,postcode,osm_url
adessorestaurant@hotmail.com,Adesso Deli,Richmond upon Thames,Deli,https://www.adessorestaurant.co.uk/,,venue website,openstreetmap,1,+44 20 8940 5544,24 Hill Rise,TW10 6UA,https://www.openstreetmap.org/way/432808184
theailsatavern@gmail.com,Ailsa Tavern,Richmond upon Thames,Pub,https://www.ailsataverntwickenham.co.uk,,venue website,openstreetmap,1,+442088 911200,263 St Margarets Road,TW1 1NJ,https://www.openstreetmap.org/way/1333562205
info@annapurnarestaurant.com,Annapurna,Richmond upon Thames,Indian,https://www.annapurnarestaurant.com/,,venue website,openstreetmap,1,,199 Upper Richmond Road West,SW14 8QT,https://www.openstreetmap.org/way/462837335
hello@arthurspizza.co.uk,Arthur's Pizza,Richmond upon Thames,Pizza,https://arthurspizza.co.uk/,,venue website,openstreetmap,1,+44 20 8893 3995,20 The Green,TW2 5AB,https://www.openstreetmap.org/way/288661730
ops@basefacepizza.com,Base Face Pizza,Richmond upon Thames,Pizza,https://www.basefacepizza.com,,venue website,openstreetmap,2,,112 Kew Road,TW9 2PQ,https://www.openstreetmap.org/way/586085695
richmond@bills-email.co.uk,Bill's,Richmond upon Thames,Restaurant,https://bills-website.co.uk/restaurants/richmond/,,openstreetmap,openstreetmap,1,+44 20 8948 0768,1-3 Hill Rise,TW10 6UQ,https://www.openstreetmap.org/way/432788102
richmond@oreebakeries.co.uk,Blank Street Coffee,Richmond upon Thames,Breakfast,https://www.oree.co.uk,,openstreetmap,openstreetmap,1,+442045801462,28 George Street,TW9 1HY,https://www.openstreetmap.org/way/432864202
twickenham@brouge.co.uk,Brouge,Richmond upon Thames,Pub,https://brouge.co.uk/,,venue website,openstreetmap,1,,241 Hampton Road,TW2 5NJ,https://www.openstreetmap.org/way/649578364
richmond@barestaurant.com,Buenos Aires,Richmond upon Thames,Restaurant,https://www.barestaurant.com/restaurants/richmond,customerservice@barestaurant.com,openstreetmap,openstreetmap,1,+44 20 8940 3705,13-19 Old Palace Terrace,TW9 1EA,https://www.openstreetmap.org/way/431995384
info@cakesbytrudi.co.uk,Cakes By Trudi,Richmond upon Thames,Bakery,https://www.cakesbytrudi.co.uk/,,venue website,openstreetmap,1,,13A Princes Road,TW11 0RL,https://www.openstreetmap.org/node/9786564082
info@thecavanbakery.co.uk,Cavan Bakery,Richmond upon Thames,Bakery,https://thecavanbakery.co.uk/,,venue website,openstreetmap,3,,91 High Street Whitton,TW2 7LD,https://www.openstreetmap.org/way/762732564
marketing@chango.co.uk,Chango,Richmond upon Thames,Restaurant,https://www.chango.co.uk/,,venue website,openstreetmap,1,,3 Paved Court,TW9 1LZ,https://www.openstreetmap.org/way/432785618
info@cheekychopsplaycafe.co.uk,Cheeky Chops Play Café,Richmond upon Thames,Breakfast,https://www.cheekychopsplaycafe.co.uk/,,venue website,openstreetmap,1,,37-39 York Street,TW1 3LP,https://www.openstreetmap.org/node/9417555339
info@chickencottage.com,Chicken Cottage,Richmond upon Thames,Takeaway,https://chickencottage.com/chicken-cottage-teddington/,,venue website,openstreetmap,1,,205 Waldegrave Road,TW11 8LX,https://www.openstreetmap.org/way/781337440
info@cinnamon-bazaar.com,Cinnamon Bazaar,Richmond upon Thames,Indian,https://cinnamon-bazaar.com,,venue website,openstreetmap,1,,31-35 Kew Road,TW9 2NQ,https://www.openstreetmap.org/way/432769886
events@colicci.co.uk,Colicci Coffee,Richmond upon Thames,Breakfast,https://www.colicci.co.uk/richmond-park,eventscourtcafe@colicci.co.uk,venue website,openstreetmap,1,,,KT2 5JN,https://www.openstreetmap.org/node/8972497900
customerservice@cuppbubbletea.co.uk,Cupp,Richmond upon Thames,Cafe,https://www.cuppbubbletea.co.uk/,,venue website,openstreetmap,1,,11 King Street,TW1 3SD,https://www.openstreetmap.org/way/391835782
barnes@cote-restaurants.co.uk,Côte Brasserie,Richmond upon Thames,French,,,openstreetmap,openstreetmap,1,+44 20 3866 7764,21 Station Road,SW13 0LF,https://www.openstreetmap.org/node/6641825892
hello@denadas.co.uk,De Nadas,Richmond upon Thames,Takeaway,https://denadas.co.uk,,openstreetmap,openstreetmap,1,+44 20 4553 8070,16 Station Parade,TW9 3PZ,https://www.openstreetmap.org/node/6771757450
info@delposto.co.uk,Del Posto,Richmond upon Thames,Italian,https://delposto.co.uk/,,venue website,openstreetmap,1,,139 St Margarets Road,TW1 1RG,https://www.openstreetmap.org/way/1058412598
info@eastsheenmicrobakery.co.uk,East Sheen Microbakery,Richmond upon Thames,Bakery,https://www.eastsheenmicrobakery.co.uk/,,venue website,openstreetmap,1,,30 Paynesfield Avenue,SW14 8DW,https://www.openstreetmap.org/way/400809309
info@fortyfourrestaurant.co.uk,Forty Four,Richmond upon Thames,Restaurant,https://www.fortyfourrestaurant.co.uk/,,venue website,openstreetmap,1,,44 Sheen Lane,SW14 8LP,https://www.openstreetmap.org/way/1059403733
info@gauchorestaurants.com,Gaucho,Richmond upon Thames,Restaurant,https://gauchorestaurants.com/restaurants/richmond/,enquiries@gauchorestaurants.com,venue website,openstreetmap,1,,Riverside,TW10 6UJ,https://www.openstreetmap.org/way/91044524
infogreedyhare@gmail.com,Greedy Hare,Richmond upon Thames,Italian,,,openstreetmap,openstreetmap,1,+44 7751 480196,63 Ham Street,TW10 7HW,https://www.openstreetmap.org/way/1065346254
info@greek-unique.co.uk,Greek Unique,Richmond upon Thames,Greek,https://greek-unique.co.uk,,venue website,openstreetmap,1,+44 2039035955,118 Heath Road,TW1 4BW,https://www.openstreetmap.org/way/357152980
grill@awtrestaurants.com,Grill off the Green,Richmond upon Thames,Steak,https://grilloffthegreen.com/,,openstreetmap,openstreetmap,1,+44 20 8948 4433,10B Kew Green,TW9 3BH,https://www.openstreetmap.org/way/801736111
xiangli198011@hotmail.com,Hanana,Richmond upon Thames,Asian; Japanese,https://www.hanana.co.uk/,,venue website,openstreetmap,1,+44 20 8948 8988,49 Kew Road,TW9 2NQ,https://www.openstreetmap.org/way/432769889
wweeiihhuuaanngg@gmail.com,Hansel & Pretzel,Richmond upon Thames,Deli,https://www.hanselandpretzel.co.uk/,,venue website,openstreetmap,1,+44 208 332 1916,71 Ham Street,TW10 7HW,https://www.openstreetmap.org/way/1065346250
appfeedback@itsu.com,itsu,Richmond upon Thames,Asian; Japanese; Sushi,https://www.itsu.com/location/west-london/richmond/,julian.metcalfe@itsu.com; harry.housen@itsu.com; tom.sugarman@itsu.com; greg.thorp@itsu.com; tom.springett@itsu.com; kinga.buda@itsu.com; annabel.mackie@itsu.com; media@itsu.com,venue website,openstreetmap,1,,39A George Street,TW9 1HY,https://www.openstreetmap.org/way/432916771
jaflongtandoori@outlook.com,Jaflong Tandoori,Richmond upon Thames,Indian,https://www.jaflongtandoori.com/,,venue website,openstreetmap,1,+44 20 8332 1339,16 Ashburnham Road,TW10 7NF,https://www.openstreetmap.org/way/1065346242
hello@kapucin.co.uk,Kapucin,Richmond upon Thames,Breakfast,https://www.kapucin.co.uk/,,openstreetmap,openstreetmap,1,+44 7947 430053,18b Hill Rise,TW10 6UA,https://www.openstreetmap.org/node/11099362144
kathmandutandoori@gmail.com,Kathmandu Tandoori,Richmond upon Thames,Indian,https://www.kathmandutandoori.co.uk,,openstreetmap,openstreetmap,1,+44 20 8892 4535,25 York Street,TW1 3JZ,https://www.openstreetmap.org/way/637318474
khaothaiuk@gmail.com,Khao Thai,Richmond upon Thames,Asian,https://khaothai.co.uk,,openstreetmap,openstreetmap,1,+44 20 3261 0060,68 Heath Road,TW1 4BW,https://www.openstreetmap.org/way/357213131
hearknot@knot-pretzels.com,Knot,Richmond upon Thames,Breakfast,https://www.knot-pretzels.com/,,venue website,openstreetmap,1,+44 20 3489 4800,Kew Road,TW9 2NA,https://www.openstreetmap.org/node/4254834845
kokorouk@kokorouk.com,Kokoro,Richmond upon Thames,Asian; Japanese; Sushi,https://kokorouk.com/,,venue website,openstreetmap,1,,32 The Quadrant,TW9 1DN,https://www.openstreetmap.org/way/431995382
hello@leswine.co.uk,Le Swine,Richmond upon Thames,Breakfast; Burger; Deli,https://leswine.co.uk/,,openstreetmap,openstreetmap,1,,170 Upper Richmond Road West,SW14 8AW,https://www.openstreetmap.org/way/459520781
info@longblack.co.uk,Long Black Richmond,Richmond upon Thames,Bakery; Breakfast; Deli,https://www.longblack.co.uk/,,venue website,openstreetmap,1,,20-22 Richmond Hill,TW10 6QX,https://www.openstreetmap.org/node/12385999614
info@matsuba.co.uk,Matsuba,Richmond upon Thames,Asian; Japanese,https://matsuba.co.uk/,,venue website,openstreetmap,1,+44 20 8605 3513,10 Red Lion Street,TW9 1RW,https://www.openstreetmap.org/way/432809892
u002fmrcodss@hotmail.com,Mr Cod's Fish and Chips,Richmond upon Thames,Seafood,https://www.mrcodsteddington.co.uk/,,venue website,openstreetmap,1,+44 20 3302 3780,199 Waldegrave Road,TW11 8LX,https://www.openstreetmap.org/way/781337438
contact@mrpandalondon.com,Mr. Panda,Richmond upon Thames,Asian; Chinese,https://www.mrpandalondon.com/,yimeng773@hotmail.com,venue website,openstreetmap,1,+44 20 3149 1992,181 Ashburnham Road,TW10 7NR,https://www.openstreetmap.org/node/10249707265
richmond@napoliontheroad.co.uk,Napoli On The Road,Richmond upon Thames,Italian; Pizza,https://napoliontheroad.com/,soho@napoliontheroad.com; chiswick@napoliontheroad.com; richmond@napoliontheroad.com; ciao@napoliontheroad.com,openstreetmap,openstreetmap,1,+44 208287 3865,12 Red Lion Street,TW9 1RW,https://www.openstreetmap.org/way/432809898
takayama_110@icloud.com,Neighbourhood Cafe Yukari,Richmond upon Thames,Asian; Japanese,https://www.kewcafeyukari.com/,,openstreetmap,openstreetmap,1,+44 20 8487 1338,110 North Road,TW9 4HJ,https://www.openstreetmap.org/node/6612874593
richmond@nocirestaurant.co.uk,Noci Modern Pasta,Richmond upon Thames,Italian,https://nocirestaurant.co.uk/richmond,,venue website,openstreetmap,1,,15-17 Hill Rise,TW10 6UQ,https://www.openstreetmap.org/way/432788106
richmond@oleandsteen.co.uk,Ole & Steen,Richmond upon Thames,Bakery,https://oleandsteen.co.uk/store/44121-richmond,,venue website,openstreetmap,1,+44 20 3908 8222,59 George Street,TW9 1HE,https://www.openstreetmap.org/way/432267484
info@osteriaotello.com,Osteria,Richmond upon Thames,Italian,https://osteriaotello.com/,,venue website,openstreetmap,1,,1 The Broadway,SW13 0NY,https://www.openstreetmap.org/way/592373221
richmond@ottolenghi.co.uk,Ottolenghi,Richmond upon Thames,Restaurant,https://ottolenghi.co.uk/pages/locations/richmond,,openstreetmap,openstreetmap,1,,36-38 Hill Street,TW9 1TW,https://www.openstreetmap.org/node/4317591469
teddington@parsnips.shop,Parsnips,Richmond upon Thames,Cafe,https://www.parsnips.shop/,,venue website,openstreetmap,2,,16 High Street,TW11 8EW,https://www.openstreetmap.org/way/707994827
res.richmond@petershamnurseries.com,Petersham Nurseries (Restaurant),Richmond upon Thames,Restaurant,https://petershamnurseries.com/,,openstreetmap,openstreetmap,1,+44 20 8940 5230,Church Lane,TW10 7AB,https://www.openstreetmap.org/way/477587695
piazzafirenze@hotmail.co.uk,Piazza Firenze,Richmond upon Thames,Italian,https://www.piazzafirenze.com/teddington,,venue website,openstreetmap,1,,136 High Street,TW11 8JB,https://www.openstreetmap.org/way/707077032
info@qverde.co.uk,Q-Verde,Richmond upon Thames,Italian,https://qverde.co.uk/,,venue website,openstreetmap,1,+44 20 8332 2882,291 Sandycombe Road,TW9 3LU,https://www.openstreetmap.org/way/586711065
info@rubarestaurant.co.uk,Ruba,Richmond upon Thames,Restaurant,https://rubarestaurant.co.uk/,,venue website,openstreetmap,1,+44 20 8287 0191,132 High Street,TW11 8JB,https://www.openstreetmap.org/way/707077031
samaiarestaurant@outlook.com,Samaia Georgian Restaurant,Richmond upon Thames,Restaurant,https://www.samaiarestaurant.co.uk/,,openstreetmap,openstreetmap,1,+44 20 8703 0858,195 Castelnau,SW13 9ER,https://www.openstreetmap.org/way/453271758
contact@saqui.co.uk,Saqui,Richmond upon Thames,Indian,https://www.saqui.co.uk/,,openstreetmap,openstreetmap,1,+442085469424,317 Richmond Road,KT2 5QU,https://www.openstreetmap.org/way/1065238761
sardunyacafebistro@gmail.com,Sardunya,Richmond upon Thames,Restaurant,https://www.sardunyacafebistro.co.uk,rugbyloveltd@gmail.com,venue website,openstreetmap,1,,28 Staines Road,TW2 5AH,https://www.openstreetmap.org/way/350651937
info@siftcakes.co.uk,Sift,Richmond upon Thames,Cafe,https://www.siftcakes.co.uk,,venue website,openstreetmap,1,,5 Mortlake Road,TW9 3DT,https://www.openstreetmap.org/way/587328294
soultwickenham@gmail.com,Soul,Richmond upon Thames,Breakfast; Burger; Deli,https://www.soulbylifetone.co.uk,,venue website,openstreetmap,1,+44 20 7998 8645,149 Heath Road,TW1 4BH,https://www.openstreetmap.org/node/9137194413
info@stein-s.com,Stein's,Richmond upon Thames,Restaurant,https://www.richmond.stein-s.com/,,openstreetmap,openstreetmap,1,+44 20 3746 6240,55 Petersham Road,TW10 6UX,https://www.openstreetmap.org/way/91044459
info@sumacrestaurant.co.uk,Sumac,Richmond upon Thames,Halal,https://sumacrestaurant.co.uk/,,openstreetmap,openstreetmap,1,+44 20 8892 6366,34 Church Street,TW1 3NR,https://www.openstreetmap.org/way/640422846
info@thesussexarmstwickenham.co.uk,Sussex Arms,Richmond upon Thames,Pub,https://www.thesussexarmstwickenham.co.uk/,,venue website,openstreetmap,1,,15 Staines Road,TW2 5BG,https://www.openstreetmap.org/way/311904776
info@swiss-bread.com,Swiss Bread Bakery & Café,Richmond upon Thames,Bakery; Breakfast,https://www.swiss-bread.com/,,openstreetmap,openstreetmap,1,,175 Ashburnham Road,TW10 7NR,https://www.openstreetmap.org/node/989975954
angelandcrown1@gmail.com,The Angel & Crown,Richmond upon Thames,Pub,https://angel-and-crown-richmond.co.uk/,,venue website,openstreetmap,1,+44 20 8940 1508,5 Church Court,TW9 1JL,https://www.openstreetmap.org/way/432864210
hello@morganpubco.co.uk,The Crane Tap,Richmond upon Thames,Restaurant,https://www.morganpubco.co.uk/cranetap,,venue website,openstreetmap,1,,2 Brewery Lane,TW1 1AX,https://www.openstreetmap.org/node/5538022524
stonegatepress@stonegategroup.co.uk,The Fox,Richmond upon Thames,Pub,https://www.crafted-social.co.uk/fox-twickenham,,venue website,openstreetmap,1,+44 20 8892 1535,39 Church Street,TW1 3NR,https://www.openstreetmap.org/way/631150340
hello@thegeorgetwickenham.co.uk,The George,Richmond upon Thames,Pub,https://www.thegeorgetwickenham.co.uk/,,venue website,openstreetmap,1,,32 King Street,TW1 3SN,https://www.openstreetmap.org/way/636621705
jameshogarth346@gmail.com,The Hogarth,Richmond upon Thames,Pub,https://www.hogarthteddington.co.uk/,,venue website,openstreetmap,1,,58 Broad Street,TW11 8QY,https://www.openstreetmap.org/way/708049987
lassorichmond@youngs.co.uk,The Lass O' Richmond Hill,Richmond upon Thames,Pub,https://www.lassorichmondhill.co.uk,,openstreetmap,openstreetmap,1,+44 20 8940 1306,8 Queens Road,TW10 6JJ,https://www.openstreetmap.org/way/477729134
info@thelionteddington.com,The Lion,Richmond upon Thames,Pub,https://www.thelionteddington.com/,,venue website,openstreetmap,1,,27 Wick Road,TW11 9DN,https://www.openstreetmap.org/way/723739293
enquiries@nestcafebar.co.uk,The Nest,Richmond upon Thames,Cafe,https://www.nestcafebar.co.uk/,,venue website,openstreetmap,1,+44 20 3643 2598,56 Barnes High Street,SW13 9LF,https://www.openstreetmap.org/way/591553604
admin@theoriginalmaidsofhonour.co.uk,The Original Maids of Honour,Richmond upon Thames,Restaurant,https://theoriginalmaidsofhonour.co.uk,,venue website,openstreetmap,1,,288 Kew Road,TW9 3DU,https://www.openstreetmap.org/way/358480382
bushycafe@ecsi.co.uk,The Pheasantry,Richmond upon Thames,Burger; Pizza,https://www.colicci.co.uk,events@colicci.co.uk; eventscourtcafe@colicci.co.uk,openstreetmap,openstreetmap,1,+44 20 8943 1347,Bushy Park,TW11 0EQ,https://www.openstreetmap.org/node/1597709477
info@roebuck-hamptonhill.co.uk,The Roebuck,Richmond upon Thames,Pub,https://www.roebuck-hamptonhill.co.uk/,,venue website,openstreetmap,1,,72 Hampton Road,TW12 1JN,https://www.openstreetmap.org/way/311971054
info@roseofyorkrichmond.co.uk,The Rose of York,Richmond upon Thames,Pub,https://roseofyorkrichmond.co.uk/,contact-info@roseofyorkrichmond.co.uk,venue website,openstreetmap,1,+44 20 8948 5867,Petersham Road,TW10 6UY,https://www.openstreetmap.org/node/30669338
info@theshack.london,The Shack 68,Richmond upon Thames,BBQ,https://www.theshack.london/,,venue website,openstreetmap,1,+44 20 8892 3328,68 London Road,TW1 3QS,https://www.openstreetmap.org/way/391297006
suninnrichmondbookings@gmail.com,The Sun Inn,Richmond upon Thames,Pub,https://www.suninnrichmond.co.uk/,,venue website,openstreetmap,1,,17 Parkshot,TW9 2RG,https://www.openstreetmap.org/way/944266576
info@wharfteddington.com,The Wharf,Richmond upon Thames,Restaurant,https://www.wharfteddington.com/,,venue website,openstreetmap,1,+44 20 8977 6333,22 Manor Road,TW11 8BG,https://www.openstreetmap.org/way/813719183
info@whiteswanrichmond.co.uk,The White Swan,Richmond upon Thames,Pub,https://www.whiteswanrichmond.co.uk/,,venue website,openstreetmap,1,+44 20 8940 0959,26 Old Palace Lane,TW9 1PG,https://www.openstreetmap.org/node/11402769342
enquiries@whiteswantwickenham.co.uk,The White Swan,Richmond upon Thames,Pub,http://www.whiteswantwickenham.co.uk/,,openstreetmap,openstreetmap,1,+44 20 8744 2951,Riverside,TW1 3DN,https://www.openstreetmap.org/way/586607946
richmond@tortilla.co.uk,Tortilla,Richmond upon Thames,Mexican,https://www.tortilla.co.uk/locations/richmond/,,venue website,openstreetmap,1,,1-2 Kew Road,TW9 2NQ,https://www.openstreetmap.org/node/4317261791
hello@thisistowerhouse.com,Tower House,Richmond upon Thames,Italian,https://thisistowerhouse.com/,,openstreetmap,openstreetmap,1,+44 2046369696,11 Bridge Street,TW9 1TQ,https://www.openstreetmap.org/node/264010823
twickenham@tsarettaspice.com,Tsaretta Spice,Richmond upon Thames,Indian; Spanish,https://www.tsarettaspice.com,,venue website,openstreetmap,1,+44 20 8892 1096,55 Church Street,TW1 3NR,https://www.openstreetmap.org/node/948208799
info@unico28.co.uk,Unico28,Richmond upon Thames,Italian,https://unico28.co.uk/,,venue website,openstreetmap,1,+44 20 8977 5858,28 High Street,TW12 1PD,https://www.openstreetmap.org/way/729178624
hello@urbanbaristas.co.uk,Urban Baristas,Richmond upon Thames,Breakfast,https://www.urbanbaristas.co.uk/tools/locations/locations/twickenham-urban-baristas,mllegeorgesand@gmail.com,venue website,openstreetmap,1,,15 King Street,TW1 3SD,https://www.openstreetmap.org/way/391835779
info@village-pizza.uk,Village Pizza,Richmond upon Thames,Burger; Italian; Pizza,https://www.village-pizza.uk/twickenham/,,venue website,openstreetmap,1,+44 20 8891 2345,49 London Road,TW1 3SZ,https://www.openstreetmap.org/way/958718832
press@wagamama.com,Wagamama,Richmond upon Thames,Asian,https://www.wagamama.com/restaurants/richmond/richmond,,venue website,openstreetmap,1,,3 Hill Street,TW9 1SX,https://www.openstreetmap.org/node/3001462354
feedback@zizzi.co.uk,Zizzi,Richmond upon Thames,Italian,https://www.zizzi.co.uk/italian/restaurants/richmond,,venue website,openstreetmap,1,,4-5 King Street,TW9 1ND,https://www.openstreetmap.org/way/432267482
