website,website_type,name,borough,area,categories,email,locations,phone,address,postcode,source,facebook,instagram,osm_url
https://101thaikitchen.com/,"own site (found by name, postcode verified)",101 Thai Kitchen,Hammersmith and Fulham,Hammersmith,Restaurant,sutti101@yahoo.co.uk,1,,"352 King Street, London",W6 0RX,food standards agency,,,https://ratings.food.gov.uk/business/345209
https://1910cantina.com/parsons-green/,own site,1910 Parsons Green,Hammersmith and Fulham,Parsons Green,Mexican,,1,+44 7300 430792,277 New King's Road,SW6 4RD,openstreetmap,,1910parsonsgreen,https://www.openstreetmap.org/node/12598823001
https://www.222vegan.com/,own site,222 Vegan Restaurant,Hammersmith and Fulham,West Kensington,Restaurant,,1,,222 North End Road,W14 9NU,openstreetmap,,,https://www.openstreetmap.org/way/150563507
https://delivery.abuzaad.co.uk/,own site,Abu Zaad,Hammersmith and Fulham,Shepherd's Bush,Restaurant,,1,+44 20 8749 5107,29 Uxbridge Road,W12 8LH,openstreetmap,,,https://www.openstreetmap.org/node/4357200208
https://abugida.co.uk/,own site,Abugida,Hammersmith and Fulham,Parsons Green,Restaurant,restaurant@abugida.co.uk,1,+44 20 7381 2733,457 North End Road,SW6 1NZ,openstreetmap,,,https://www.openstreetmap.org/node/14052521018
https://adamscafe.co.uk/,own site,Adams Cafe,Hammersmith and Fulham,Shepherd's Bush,Restaurant,,1,+44 20 8743 0572,77 Askew Road,,openstreetmap,,,https://www.openstreetmap.org/node/8805728906
https://adelascarinderia.com/,own site,Adela’s Carinderia London,Hammersmith and Fulham,Shepherd's Bush,Restaurant,,1,,Goldhawk Road,W12 8HA,openstreetmap,,,https://www.openstreetmap.org/node/12597898601
https://al-forno.com/,own site,Al Forno,Hammersmith and Fulham,Shepherd's Bush,Italian,,1,+44 20 8746 1433,Shepherds Bush Green,W12 8PY,openstreetmap,,,https://www.openstreetmap.org/way/977122863
https://www.alsanto.co.uk/,own site,Al Santo,Hammersmith and Fulham,Parsons Green,Greek; Italian,hello@alsanto.co.uk,1,+44 20 7385 8277,23 Vanston Place,SW6 1AX,openstreetmap,,,https://www.openstreetmap.org/node/14051902602
https://alborz-restaurant.co.uk/,own site,Alborz Persian Cuisine,Hammersmith and Fulham,West Kensington,Restaurant,,1,+44 20 7602 9040,13 Hammersmith Road,,openstreetmap,,,https://www.openstreetmap.org/node/9237138275
https://www.angleseaarmspub.co.uk/,own site,Anglesea Arms,Hammersmith and Fulham,Hammersmith,Pub,,1,+44 20 8749 1291,35 Wingate Road,W6 0UT,openstreetmap,,,https://www.openstreetmap.org/way/965793174
https://www.annabbrasserie.com/,own site,Annab,Hammersmith and Fulham,Fulham,Restaurant,,1,+44 20 3823 4424,803 Fulham Road,SW6 5HE,openstreetmap,,,https://www.openstreetmap.org/node/14175990280
https://www.ariannatrattoriaromana.co.uk/,own site,Arianna Trattoria Romana,Hammersmith and Fulham,Fulham,Italian,info@ariannatrattoriaromana.co.uk,1,+44 20 3915 9266,787 Fulham Road,SW6 5HD,openstreetmap,,,https://www.openstreetmap.org/node/14170768357
https://www.aromabuffet.co.uk/,own site,Aroma Buffet,Hammersmith and Fulham,Shepherd's Bush,Restaurant,info@aromabuffet.co.uk,1,+44 20 8746 7625,,,openstreetmap,,,https://www.openstreetmap.org/node/9046940690
https://ayamzaman.co.uk/,own site,Ayam Zamam,Hammersmith and Fulham,Shepherd's Bush,Restaurant,,2,+44 20 8740 6816,258 Uxbridge Road,W12 7JA,openstreetmap,,,https://www.openstreetmap.org/node/3781041951
https://www.babalyemen.co/,own site,Bab al-Yemen,Hammersmith and Fulham,West Kensington,Restaurant,info@babalyemen.co,1,,236 North End Road,W14 9NU,openstreetmap,,,https://www.openstreetmap.org/node/14113806299
https://www.babag.uk/,own site,Baba G,Hammersmith and Fulham,Hammersmith,Takeaway,info@babag.uk,1,+44 20 8748 3344,,,openstreetmap,,,https://www.openstreetmap.org/node/9251984234
https://bandofburgers.co.uk/band-of-burgers-fulham/,own site,Band of Burgers,Hammersmith and Fulham,Fulham,Burger; Halal,,1,+44 20 3941 9111,98 Lillie Road,SW6 7SR,openstreetmap,,,https://www.openstreetmap.org/node/14113830103
https://www.barandblock.co.uk/en-gb/locations/london-hammersmith,own site,Bar + Block Steakhouse,Hammersmith and Fulham,Hammersmith,Steak,barandblock.hammersmith@whitbread.com,1,+44 20 8187 0698,232 Shepherds Bush Road,W6 7AN,openstreetmap,,,https://www.openstreetmap.org/node/3790251763
https://barchabarcha.co.uk/,own site,Barcha Barcha,Hammersmith and Fulham,Hammersmith,Restaurant,info@barchabarcha.co.uk,1,,291-293 King Street,W6 9NH,openstreetmap,,,https://www.openstreetmap.org/node/8741682307
https://www.basefacepizza.com/,own site,Base Face Pizza,Hammersmith and Fulham,Hammersmith,Pizza,ops@basefacepizza.com,3,,300 King Street,W6 0RR,openstreetmap,,,https://www.openstreetmap.org/node/12051869344
https://www.basilico.co.uk/,own site,Basilico,Hammersmith and Fulham,Fulham,Pizza,,2,+44 20 7384 2633,690 Fulham Road,SW6 5SA,openstreetmap,,,https://www.openstreetmap.org/node/14202051186
https://www.bearsicecream.co.uk/,own site,Bears Ice Cream Company,Hammersmith and Fulham,Shepherd's Bush,Ice cream,hello@bearsicecream.co.uk,1,+44 20 3441 4982,244 Goldhawk Road,,openstreetmap,,,https://www.openstreetmap.org/node/8730362857
https://www.bertotti.co.uk/,own site,Bertotti,Hammersmith and Fulham,Hammersmith,Cafe,getintouch@bertotti.co.uk,2,+44 20 8616 7973,87 Hammersmith Grove,,openstreetmap,,,https://www.openstreetmap.org/node/4775980532
https://www.bestmangal1996.com/,own site,Best Mangal 1996,Hammersmith and Fulham,West Kensington,Restaurant,bestmangal1996@gmail.com,1,+44 20 7602 0212,66 North End Road,W14 9EP,openstreetmap,,,https://www.openstreetmap.org/node/9223153623
https://www.bettyblythe.co.uk/,own site,Betty Blythe,Hammersmith and Fulham,Hammersmith,Cafe,,1,,73 Blythe Road,,openstreetmap,,,https://www.openstreetmap.org/node/9141043242
https://www.bikesoup.co.uk/,"own site (found by name, postcode verified)",Bikesoup,Hammersmith and Fulham,Shepherd's Bush,Restaurant,,1,,"Unit SU0220B, Westfield London Shopping Centre, Ariel Way",W12 7HB,food standards agency,,,https://ratings.food.gov.uk/business/1595912
https://bills-website.co.uk/restaurants/hammersmith,own site,Bill's,Hammersmith and Fulham,Hammersmith,Restaurant,,1,+44 20 4512 6640,10 Hammersmith Grove,,openstreetmap,,,https://www.openstreetmap.org/node/7116477247
https://www.bishopsbar.co.uk/,own site,Bishops,Hammersmith and Fulham,Fulham,Pub,bishops399@yahoo.com,1,,399 Fulham Palace Road,SW6 6TA,openstreetmap,,,https://www.openstreetmap.org/node/9908253789
https://www.bishopsparkteahouse.co.uk/,own site,Bishops Park Tea House,Hammersmith and Fulham,Fulham,Cafe,hello@bishopsparkteahouse.co.uk,1,,Bishop's Avenue,SW6 6EA,openstreetmap,https://www.facebook.com/The-Tea-House-in-Bishops-Park-109830494586189/,,https://www.openstreetmap.org/way/246795628
https://blacksheepcoffee.co.uk/blogs/locations/westfield-shepherds-bush,own site,Black Sheep Coffee,Hammersmith and Fulham,Shepherd's Bush,Breakfast,l.blakey@blacksheepcoffee.co.uk,1,,Ariel Way,W12 7GA,openstreetmap,,,https://www.openstreetmap.org/node/7124942185
https://blacksheepcoffee.co.uk/blogs/locations/fulham-broadway,own site,Black Sheep Coffee,Hammersmith and Fulham,Parsons Green,Breakfast,l.blakey@blacksheepcoffee.co.uk,1,,,,openstreetmap,,,https://www.openstreetmap.org/node/13565519329
https://www.blancheeatery.com/,own site,Blanche Eatery,Hammersmith and Fulham,Hammersmith,Cafe,hammersmith@blancheeatery.com,1,+44 20 8741 2888,13 Beadon Road,W6 0EA,openstreetmap,,,https://www.openstreetmap.org/way/1002485833
https://www.blueanchorlondon.com/,own site,Blue Anchor,Hammersmith and Fulham,Hammersmith,Pub,,1,,Lower Mall,W6 9DJ,openstreetmap,,,https://www.openstreetmap.org/way/174088740
https://www.bocconi.co.uk/,own site,Bocconi,Hammersmith and Fulham,Shepherd's Bush,Italian,,2,+44 20 3417 0590,5 Goldhawk Road,,openstreetmap,,,https://www.openstreetmap.org/node/9016269176
https://www.instagram.com/boysnberry_london,instagram,Boys 'n' Berry,Hammersmith and Fulham,Fulham,Restaurant,,1,,839 Fulham Road,SW6 5HQ,openstreetmap,,boysnberry_london,https://www.openstreetmap.org/node/9907991264
https://brasserieblanc.com/restaurants/fulham-reach/,own site,Brasserie Blanc,Hammersmith and Fulham,Hammersmith,French,fulhamreach@brasserieblanc.com,1,+44 20 8237 5566,Parr's Way,W6 9AN,openstreetmap,,,https://www.openstreetmap.org/node/12958953216
https://bridgebaker.co.uk/,own site,Bridge Baker,Hammersmith and Fulham,Fulham,Bakery,hello@bridgebaker.co.uk,1,+44 20 7285 5815,811 Fulham Road,SW6 5HG,openstreetmap,,,https://www.openstreetmap.org/node/11226591815
https://bridge-cafe-london.edan.io/,own site,Bridge Cafe,Hammersmith and Fulham,Old Oak Common,Cafe,,1,+44 7976 692116,188 Du Cane Road,,openstreetmap,,,https://www.openstreetmap.org/way/914188903
https://www.brimburgers.com/,"own site (found by name, postcode verified)",Brim Burgers,Hammersmith and Fulham,Hammersmith,Burger,info@brimburgers.com,2,,"130 King Street, London",W6 0QU,food standards agency,,,https://ratings.food.gov.uk/business/1826933
https://brookandbadger.com/,own site,Brook & Badger,Hammersmith and Fulham,Fulham,Pub,info@brookandbadger.com,1,+44 20 3793 0759,222-224 Munster Road,SW6 6AY,openstreetmap,,,https://www.openstreetmap.org/node/14210573147
https://www.brookgreenhotel.co.uk/,"own site (found by name, postcode verified)",Brook Green Hotel,Hammersmith and Fulham,Hammersmith,Pub,,1,,"170 Shepherd's Bush Road, London",W6 7PB,food standards agency,,,https://ratings.food.gov.uk/business/622055
https://www.bushtheatre.co.uk/,"own site (found by name, postcode verified)",Bush Theatre,Hammersmith and Fulham,Shepherd's Bush,Restaurant,info@bushtheatre.co.uk,1,,"7 Uxbridge Road, London",W12 8LJ,food standards agency,,,https://ratings.food.gov.uk/business/346527
https://bohalondon.com/,own site,BÓHA London,Hammersmith and Fulham,Sands End,Restaurant,hello@bohalondon.com,1,+44 20 3819 6644,562 King's Road,SW6 2DZ,openstreetmap,,https://www.instagram.com/bohalondon/,https://www.openstreetmap.org/node/4392468456
https://www.cafe-continente.com/,own site,Cafe Continente,Hammersmith and Fulham,West Kensington,Cafe,info@cafe-continente.com,1,+44 20 7603 6311,62 North End Road,W14 9EP,openstreetmap,,,https://www.openstreetmap.org/node/9223084216
https://pizzeriacafe59.com/,own site,Cafe Pizzeria 59,Hammersmith and Fulham,Shepherd's Bush,Pizza,seby@cafepizzeria59.com,1,+44 20 8743 5541,59A Erconwald Street,W12 0BP,openstreetmap,,,https://www.openstreetmap.org/way/913601201
http://www.cafeplum.com/,own site,Cafe Plum,Hammersmith and Fulham,Fulham,Cafe,,1,,,,openstreetmap,,,https://www.openstreetmap.org/node/344871610
https://caffeconcerto.co.uk/,chain site (same name as 11 mapped branches),Caffe Concerto,Hammersmith and Fulham,Shepherd's Bush,Restaurant,reservations@caffeconcerto.co.uk,20,,"K2000A The Village, Westfield London Shopping Centre, Ariel Way",W12 7GF,food standards agency,,,https://ratings.food.gov.uk/business/1097886
http://caffebonego.co.uk/index.html,own site,Caffè Bonego,Hammersmith and Fulham,Shepherd's Bush,Restaurant,,1,+44 20 3674 0372,170 Goldhawk Road,,openstreetmap,,,https://www.openstreetmap.org/node/8719383576
https://www.caffenero.com/uk/stores/hammersmith-broadway,own site,Caffè Nero,Hammersmith and Fulham,Hammersmith,Breakfast,,1,,6 Hammersmith Broadway,W6 7AL,openstreetmap,,,https://www.openstreetmap.org/node/506664965
https://www.caffenero.com/uk/stores/fulham-broadway,own site,Caffè Nero,Hammersmith and Fulham,Parsons Green,Breakfast,,1,+44 20 7385 5830,480 Fulham Road,SW6 5NH,openstreetmap,,,https://www.openstreetmap.org/node/1707271464
https://www.caffenero.com/uk/stores/fulham-palace-rd,own site,Caffè Nero,Hammersmith and Fulham,Hammersmith,Breakfast,,1,,,,openstreetmap,,,https://www.openstreetmap.org/node/1799404858
https://www.caffenero.com/uk/stores/hammersmith-king-st,own site,Caffè Nero,Hammersmith and Fulham,Hammersmith,Breakfast,,1,+44 20 8741 9939,,,openstreetmap,,,https://www.openstreetmap.org/node/4232480409
https://www.caffenero.com/uk/stores/wandsworth-bridge-rd,own site,Caffè Nero,Hammersmith and Fulham,Sands End,Breakfast,,1,,142 Wandsworth Bridge Road,SW6 2UL,openstreetmap,,,https://www.openstreetmap.org/way/902658374
https://www.cakebox.com/storelocator/fulham/,own site,Cake Box,Hammersmith and Fulham,Parsons Green,Bakery,,1,+44 20 8050 9798,405 North End Road,SW6 1NS,openstreetmap,,,https://www.openstreetmap.org/node/823341415
https://carbonkopi.com/,own site,Carbon Kopi,Hammersmith and Fulham,Hammersmith,Cafe,,1,,11 Margravine Road,W6 8LS,openstreetmap,https://www.facebook.com/carbonkopi,,https://www.openstreetmap.org/way/1058675432
https://caribbeanflavours.co.uk/,"own site (found by name, postcode verified)",Caribbean Flavours,Hammersmith and Fulham,Shepherd's Bush,Restaurant,,1,,"47A Goldhawk Road, London",W12 8QP,food standards agency,,,https://ratings.food.gov.uk/business/1804786
https://www.chaptercoffee.com/,own site,Chapter Coffee Co.,Hammersmith and Fulham,West Kensington,Cafe,connect@chaptercoffee.com,1,+44 20 3875 3655,137 North End Road,,openstreetmap,,,https://www.openstreetmap.org/node/9223818338
https://www.chetsrestaurant.co.uk/,own site,Chet's,Hammersmith and Fulham,Shepherd's Bush,American; Asian,,1,+44 20 3540 3150,62 Shepherds Bush Green,W12 8QE,openstreetmap,,chets_ldn,https://www.openstreetmap.org/node/12647169901
https://www.chezabir-restaurant.com/,own site,Chez Abir,Hammersmith and Fulham,West Kensington,Restaurant,info@chezabir-restaurant.com,1,+44 20 7603 3241,34 Blythe Road,,openstreetmap,,,https://www.openstreetmap.org/node/9160031800
https://www.chezmaiss.co.uk/,own site,Chez Maiss,Hammersmith and Fulham,Hammersmith,Restaurant,hello@chezmaiss.co.uk,1,+44 20 8741 4725,21a-22b Broadway Shopping Centre,,openstreetmap,,,https://www.openstreetmap.org/node/9192910283
https://chicagogrill.co.uk/,"own site (found by name, postcode verified)",Chicago Grill,Hammersmith and Fulham,Shepherd's Bush,Takeaway,,2,+44 20 3689 5362,63 Uxbridge Road,W12 8NR,openstreetmap,,,https://www.openstreetmap.org/node/3781041947
https://chickencottage.com/chicken-cottage-shepherds-bush/,own site,Chicken Cottage,Hammersmith and Fulham,Shepherd's Bush,Takeaway,info@chickencottage.com,1,+44 20 8746 2805,270 Uxbridge Road,W12 7JA,openstreetmap,,,https://www.openstreetmap.org/node/3781056949
https://chickencottage.com/chicken-cottage-west-kensington/,own site,Chicken Cottage,Hammersmith and Fulham,West Kensington,Takeaway,info@chickencottage.com,1,+44 20 7603 2471,82 North End Road,W14 9ES,openstreetmap,,,https://www.openstreetmap.org/node/9246500437
https://chosim.co.uk/,"own site (found by name, postcode verified)",Cho Sim,Hammersmith and Fulham,Shepherd's Bush,Restaurant,koreandiningltd@gmail.com,1,,"24 Goldhawk Road, London",W12 8DH,food standards agency,,,https://ratings.food.gov.uk/business/1847666
https://chopstixnoodles.co.uk/stores/london-hammersmith/,own site,Chopstix,Hammersmith and Fulham,Hammersmith,Asian,,1,+44 20 8222 8315,27 Broadway Shopping Centre,,openstreetmap,,,https://www.openstreetmap.org/node/9192910293
https://www.facebook.com/CityGrillShepherdsBush/,facebook,City Grill,Hammersmith and Fulham,Shepherd's Bush,Takeaway,,1,+44 20 8743 9224,95 Bloemfontein Road,,openstreetmap,https://www.facebook.com/CityGrillShepherdsBush/,,https://www.openstreetmap.org/node/8579892511
https://www.cocktavern.co.uk/,own site,Cock Tavern,Hammersmith and Fulham,Parsons Green,Pub,,1,+44 20 7385 6021,360 North End Road,SW6 1LY,openstreetmap,,,https://www.openstreetmap.org/way/150574019
https://www.cocoandbibi.co.uk/,own site,Coco & Bibi,Hammersmith and Fulham,Fulham,Asian; Korean,info@cocoandbibi.co.uk,1,,123 Lillie Road,SW6 7SX,openstreetmap,,,https://www.openstreetmap.org/node/14108474107
https://www.cofx.co.uk/,own site,COFX,Hammersmith and Fulham,Hammersmith,Breakfast,cofx.coffee@gmail.com,1,,,,openstreetmap,,,https://www.openstreetmap.org/node/12685381245
https://www.copperchimney.co.uk/,"own site (found by name, postcode verified)",Copper Chimney,Hammersmith and Fulham,Shepherd's Bush,Indian,,1,,Ariel Way,W12 7GA,openstreetmap,,,https://www.openstreetmap.org/node/6080168857
https://www.creamscafe.com/our-stores/shepherds-bush/,own site,Creams,Hammersmith and Fulham,Shepherd's Bush,Ice cream,shepherdsbush@creamscafe.com,1,+44 20 8248 1518,190-192 Uxbridge Road,,openstreetmap,,,https://www.openstreetmap.org/node/8646245126
https://creditmunchcatering.co.uk/,own site,Credit Munch Cafe,Hammersmith and Fulham,Hammersmith,Cafe,creditmunchcatering@yahoo.com,1,+44 20 3490 7971,160 King Street,,openstreetmap,,,https://www.openstreetmap.org/node/9262624360
https://creditmunchcafe.co.uk/,"own site (found by name, postcode verified)",Credit Munch Cafe,Hammersmith and Fulham,Hammersmith,Restaurant,,1,,"160 King Street, London",W6 0QU,food standards agency,,,https://ratings.food.gov.uk/business/345668
https://www.crosskeyshammersmith.co.uk/,"own site (found by name, postcode verified)",Cross Keys,Hammersmith and Fulham,Hammersmith,Pub,thecrosskeysw6@gmail.com,2,,"The Cross Keys, 57 Black Lion Lane, London",W6 9BG,food standards agency,,,https://ratings.food.gov.uk/business/344864
https://www.crownandsceptreshepherdsbush.co.uk/,own site,Crown and Sceptre,Hammersmith and Fulham,Shepherd's Bush,Pub,,1,,57 Melina Road,W12 9HY,openstreetmap,,,https://www.openstreetmap.org/relation/12704739
https://www.crustbros.co.uk/find-your-restaurant/earls-courthttps://www.crustbros.co.uk/find-your-restaurant/earls-court,own site,Crust Bros Pizza,Hammersmith and Fulham,Parsons Green,Pizza,,1,+44 20 3034 3424,6 Lillie Road,SW6 1TU,openstreetmap,,,https://www.openstreetmap.org/node/14079339541
https://www.chefonline.co.uk/curry-express-shepherds-bush-london-w12/menu,own site,Curry Express,Hammersmith and Fulham,Shepherd's Bush,Indian,support@chefonline.co.uk,1,+44 20 8740 8316,"5 Pavilion Parade, Wood Lane",W12 0HQ,openstreetmap,,,https://www.openstreetmap.org/node/6110619965
https://dachadeli.com/,own site,Dacha,Hammersmith and Fulham,Parsons Green,Deli,,1,+44 20 7731 5174,645 Fulham Road,SW6 5PU,openstreetmap,,,https://www.openstreetmap.org/node/14080565661
https://www.thedartmouthcastle.co.uk,own site,Dartmouth Castle,Hammersmith and Fulham,Hammersmith,Pub,,1,,26 Glenthorne Road,W6 0LS,openstreetmap,,,https://www.openstreetmap.org/way/971536330
https://www.daveshotchicken.co.uk/,"own site (found by name, postcode verified)",Dave's Hot Chicken,Hammersmith and Fulham,Shepherd's Bush,Restaurant,,1,,"Unit 3125A, Westfield London Shopping Centre, Ariel Way",W12 7GF,food standards agency,,,https://ratings.food.gov.uk/business/1914576
https://www.deargracelondon.co.uk/,own site,dear grace.,Hammersmith and Fulham,Shepherd's Bush,Restaurant,,1,,Wood Lane,W12 7FQ,openstreetmap,,,https://www.openstreetmap.org/node/6222730322
https://delishw6.com/,"own site (found by name, postcode verified)",DelishW6,Hammersmith and Fulham,Hammersmith,Restaurant,info@delishw6.com,1,,"218 King Street, London",W6 0RA,food standards agency,,,https://ratings.food.gov.uk/business/1923562
https://deluxecoffeeworks.co.uk/,own site,Deluxe Coffeeworks,Hammersmith and Fulham,Hammersmith,Cafe,,1,,219 Shepherds Bush Road,W6 7JS,openstreetmap,,,https://www.openstreetmap.org/node/11407763884
https://desisquare.co.uk/,"own site (found by name, postcode verified)",Desi Square,Hammersmith and Fulham,Shepherd's Bush,Restaurant,desisquare5@gmail.com,1,,"5 Pavilion Parade, Wood Lane, London",W12 0HQ,food standards agency,,,https://ratings.food.gov.uk/business/1887487
https://www.distillershammersmith.co.uk/,own site,Distillers,Hammersmith and Fulham,Hammersmith,Pub,,2,,,,openstreetmap,,,https://www.openstreetmap.org/node/631298804
https://www.facebook.com/DivinaCaffe/,own site,Divina,Hammersmith and Fulham,Hammersmith,Cafe,,1,+44 20 8748 1003,,,openstreetmap,,,https://www.openstreetmap.org/node/13918193038
http://www.doctorespresso.co.uk/,own site,Doctor Espresso,Hammersmith and Fulham,Fulham,Cafe,thedoctor@doctorespresso.co.uk,1,+44 7961 167864,3 Station Approach,SW6 3UH,openstreetmap,,,https://www.openstreetmap.org/node/3390024492
https://www.dominos.co.uk/pizza-near-me/london/244-uxbridge-road,own site,Domino's,Hammersmith and Fulham,Shepherd's Bush,Pizza,,1,+44 20 8743 8900,Uxbridge Road,,openstreetmap,,,https://www.openstreetmap.org/node/646553312
https://www.dominos.co.uk/pizza-near-me/london/330-wandsworth-bridge-road,own site,Domino's,Hammersmith and Fulham,Sands End,Pizza,,1,,330 Wandsworth Bridge Road,SW6 2TZ,openstreetmap,,,https://www.openstreetmap.org/node/3450883892
https://www.dominos.co.uk/pizza-near-me/london/613-fulham-road,own site,Domino's,Hammersmith and Fulham,Parsons Green,Pizza,,1,+44 20 3805 4601,613 Fulham Road,SW6 5UQ,openstreetmap,,,https://www.openstreetmap.org/node/14064431855
https://www.dominos.co.uk/pizza-near-me/london/13-to-15-northend-parade,own site,Domino's,Hammersmith and Fulham,West Kensington,Pizza,,1,,13-15 North End Parade,,openstreetmap,,,https://www.openstreetmap.org/way/145820734
https://www.dondecarlosrestaurant.com/,"own site (found by name, postcode verified)",Donde Carlos Restaurant,Hammersmith and Fulham,Shepherd's Bush,Restaurant,,1,+44 20 8749 9575,143 Goldhawk Road,W12 8EN,openstreetmap,,,https://www.openstreetmap.org/node/3770551171
https://www.dukeofcornwallhammersmith.co.uk/index,"own site (found by name, postcode verified)",Duke Of Cornwall,Hammersmith and Fulham,Hammersmith,Pub,info@dukeofcornwallhammersmith.co.uk,1,,"48 Fulham Palace Road, London",W6 9PH,food standards agency,,,https://ratings.food.gov.uk/business/344969
https://www.eatofeden.store,own site,Eat of Eden,Hammersmith and Fulham,Hammersmith,Restaurant,,1,+44 20 7348 0243,76 Shepherds Bush Road,W6 7PH,openstreetmap,eatofeden,eatofeden,https://www.openstreetmap.org/node/9024204134
https://efesfulham.co.uk/,own site,Efes,Hammersmith and Fulham,West Kensington,Restaurant,info@efesfulham.co.uk,1,+44 20 7846 0565,309-311 Lillie Road,W14 9NS,openstreetmap,,,https://www.openstreetmap.org/node/14116168332
https://www.facebook.com/people/The-Egyptian-House/100049877877114/,facebook,Egyptian House,Hammersmith and Fulham,Shepherd's Bush,Restaurant,,1,+44 20 8749 9070,95 Bloemfontein Road,,openstreetmap,https://www.facebook.com/people/The-Egyptian-House/100049877877114/,,https://www.openstreetmap.org/node/8579892510
https://www.elmetro.co.uk/,own site,El Metro,Hammersmith and Fulham,Parsons Green,Spanish,elmetrofulham@yahoo.co.uk,1,+44 20 7384 1264,10-12 Effie Road,SW6 1TB,openstreetmap,,,https://www.openstreetmap.org/way/914380434
https://elephantandbarrel.co.uk/fulham-home-page/,own site,Elephant & Barrel,Hammersmith and Fulham,Fulham,Pub,info@elephantandbarrel.co.uk,1,+44 20 7381 0910,197 Lillie Road,SW6 7LW,openstreetmap,,,https://www.openstreetmap.org/way/144713460
https://www.endoatrotunda.com/,own site,Endo at the Rotunda,Hammersmith and Fulham,Shepherd's Bush,Asian; Japanese,,1,,Wood Lane,W12 7QT,openstreetmap,,,https://www.openstreetmap.org/way/213625933
https://esarnkheaw.com/,own site,Esarn Kheaw,Hammersmith and Fulham,Shepherd's Bush,Asian,,1,+44 20 8743 8930,314 Uxbridge Road,W12 7LJ,openstreetmap,,,https://www.openstreetmap.org/way/931326064
https://www.espress-mo.co.uk/,own site,Espress-Mo,Hammersmith and Fulham,West Kensington,Asian; Deli; Sushi,info@espress-mo.co.uk,1,+44 20 7602 0787,81 North End Road,,openstreetmap,,,https://www.openstreetmap.org/way/999815154
https://www.eventimapollo.com/,"own site (found by name, postcode verified)",Eventim Apollo,Hammersmith and Fulham,Hammersmith,Pub,info@eventimapollo.com,1,,"Hammersmith Apollo, Queen Caroline Street, London",W6 9QH,food standards agency,,,https://ratings.food.gov.uk/business/804700
https://faberrestaurants.co.uk/,own site,Faber,Hammersmith and Fulham,Hammersmith,Seafood,hammersmith@faberrestaurants.co.uk,1,,206-208 Hammersmith Road,,openstreetmap,,,https://www.openstreetmap.org/node/7263279673
https://www.fait-maison.co.uk/,own site,Fait Maison,Hammersmith and Fulham,Shepherd's Bush,Restaurant,info@fait-maison.co.uk,3,+44 20 8222 8755,245 Goldhawk Road,,openstreetmap,,,https://www.openstreetmap.org/node/313617813
https://www.socialpubandkitchen.co.uk/famous-three-kings-west-kensington,own site,Famous 3 Kings,Hammersmith and Fulham,West Kensington,Pub,stonegatepress@stonegategroup.co.uk,1,,171 North End Road,W14 9NL,openstreetmap,,,https://www.openstreetmap.org/way/151524248
https://farinandmore.com/,own site,Farina & More,Hammersmith and Fulham,Hammersmith,Italian,,1,+44 20 7602 0664,140 Shepherds Bush Road,,openstreetmap,,,https://www.openstreetmap.org/node/9030356289
http://fishersfishandchips.co.uk,own site,Fishers Fish & Chips,Hammersmith and Fulham,Fulham,Seafood,,1,+44 20 7371 5555,19 Fulham High Street,SW6 3JH,openstreetmap,,,https://www.openstreetmap.org/node/4540014894
https://restaurants.fiveguys.co.uk/greater-london/11-bank-buildings,own site,Five Guys,Hammersmith and Fulham,Parsons Green,Burger,,1,+44 20 7870 8244,Fulham Broadway,SW6 1EP,openstreetmap,,,https://www.openstreetmap.org/node/14051617717
https://www.flameandfire.co.uk/,"own site (found by name, postcode verified)",Flame & Fire,Hammersmith and Fulham,Hammersmith,Steak,contact@flameandfire.co.uk,1,,303-305 King Street,W6 9NH,openstreetmap,,,https://www.openstreetmap.org/node/8741682312
http://flamingo-restaurant.com/,own site,Flamingo,Hammersmith and Fulham,Shepherd's Bush,Restaurant,,1,+44 20 8740 7865,31 Goldhawk Road,W12 8QQ,openstreetmap,,,https://www.openstreetmap.org/node/3772036265
https://flatironsteak.co.uk/restaurant/hammersmith/,own site,Flat Iron Hammersmith,Hammersmith and Fulham,Hammersmith,Steak,sustainability@flatironsteak.co.uk,1,,18 Hammersmith Broadway,W6 7AB,openstreetmap,,,https://www.openstreetmap.org/node/4232481490
https://flatironsteak.co.uk/restaurant/westfield-london/,own site,Flat Iron Westfield London,Hammersmith and Fulham,Shepherd's Bush,Steak,sustainability@flatironsteak.co.uk,1,,Ariel Way,W12 7GF,openstreetmap,,,https://www.openstreetmap.org/node/12927949518
https://flyinghorsecoffee.com/,"own site (found by name, postcode verified)",Flying Horse Coffee,Hammersmith and Fulham,Shepherd's Bush,Restaurant,info@flyinghorsecoffee.com,1,,"Unit 3, 2 Television Centre, 101 Wood Lane",W12 7FR,food standards agency,,,https://ratings.food.gov.uk/business/1172859
https://fortunerestaurant-hammersmith.co.uk/,own site,Fortune,Hammersmith and Fulham,West Kensington,Asian; Chinese,,1,+44 20 7610 4333,142 - 148 West Cromwell Road,W14 9AE,openstreetmap,,,https://www.openstreetmap.org/way/151524304
https://fortunecatbarnes.co.uk/,own site,Fortune Cat,Hammersmith and Fulham,Hammersmith,Asian; Chinese,,1,,220 King Street,W6 0RA,openstreetmap,,,https://www.openstreetmap.org/node/9265734959
https://fortyeight.coffee,own site,Forty Eight Chiswick,Hammersmith and Fulham,Hammersmith,Breakfast,hello@fortyeight.coffee,1,,308 King Street,W6 0RR,openstreetmap,,https://www.instagram.com/fortyeight.coffee/,https://www.openstreetmap.org/node/12051869345
https://freshpizza.uk/,own site,Fresh Pizza,Hammersmith and Fulham,West Kensington,Pizza,,1,+44 20 7603 0222,149 North End Road,W14 9NH,openstreetmap,,,https://www.openstreetmap.org/way/151524311
https://gails.com/pages/parsons-green,own site,GAIL's,Hammersmith and Fulham,Fulham,Bakery,,1,+44 20 4546 8138,739 Fulham Road,SW6 5UL,openstreetmap,,,https://www.openstreetmap.org/node/3876477805
https://gails.com/pages/barons-court,own site,GAIL's,Hammersmith and Fulham,West Kensington,Bakery,,1,,,,openstreetmap,,,https://www.openstreetmap.org/way/151536298
https://gails.com/pages/brook-green,own site,GAIL's,Hammersmith and Fulham,Hammersmith,Bakery,,1,+44 20 7602 9233,102-104 Shepherds Bush Road,W6 7PD,openstreetmap,,,https://www.openstreetmap.org/way/974885001
https://www.gazzab.co.uk/,"own site (found by name, postcode verified)",Gazzab,Hammersmith and Fulham,Shepherd's Bush,Restaurant,,1,,"245 Goldhawk Road, London",W12 8EU,food standards agency,,,https://ratings.food.gov.uk/business/1789403
http://www.georges-cafe.com,own site,George's Cafe,Hammersmith and Fulham,West Kensington,Cafe,,1,+44 20 7603 5262,36 Blythe Road,,openstreetmap,,,https://www.openstreetmap.org/node/9160031799
https://www.gdk.com/gb/gdk-locations/uk/london-fulham-broadway/7-fulham-broadway,own site,German Doner Kebab,Hammersmith and Fulham,Parsons Green,Takeaway,press@gdk.com,1,+44 20 7386 9990,7 Fulham Broadway,SW6 1AA,openstreetmap,,,https://www.openstreetmap.org/node/14051617733
https://ghioncafe.com/,own site,Ghion Cafe,Hammersmith and Fulham,Fulham,Cafe,,1,+44 20 7385 1287,1 Clem Attlee Parade,SW6 7RS,openstreetmap,,,https://www.openstreetmap.org/node/996533702
https://www.instagram.com/greenhousecoffee121?igsh=b2I1d3ZmMDFrYzhy,own site,Green House Coffee,Hammersmith and Fulham,Hammersmith,Breakfast,,1,+44 7351 065771,121 Shepherds Bush Road,W6 7LP,openstreetmap,,,https://www.openstreetmap.org/node/9138641534
https://greenleaf-cafe.co.uk/,own site,Green Leaf Café,Hammersmith and Fulham,Hammersmith,Takeaway,,1,+44 20 3490 2074,108 Hammersmith Road,,openstreetmap,https://www.facebook.com/profile.php?id=100057597513230,,https://www.openstreetmap.org/node/9175934093
https://grill4all.co.uk/,own site,Grill 4 All,Hammersmith and Fulham,Parsons Green,Greek,info@grill4all.co.uk,1,+44 330 016 3980,453 North End Road,SW6 1NZ,openstreetmap,,,https://www.openstreetmap.org/node/5168205904
https://www.happyskylondon.com/,own site,Happy Sky,Hammersmith and Fulham,Shepherd's Bush,Bakery,happyskylondon@gmail.com,2,+44 20 3490 1486,94 Askew Road,,openstreetmap,,,https://www.openstreetmap.org/node/8863440378
https://harrisandhoole.co.uk/,chain site (same name as 5 mapped branches),Harris + Hoole,Hammersmith and Fulham,Sands End,Breakfast,appsupport@harrisandhoole.co.uk,6,,215 Townmead Road,SW6 2FG,openstreetmap,,,https://www.openstreetmap.org/node/4195131397
https://hawelihammersmith.com/,own site,Haweli,Hammersmith and Fulham,Hammersmith,Indian,,1,+44 20 8748 7408,357 King Street,W6 9NH,openstreetmap,,,https://www.openstreetmap.org/node/9981391191
https://www.himalayanwok.co.uk/,"own site (found by name, postcode verified)",Himalayan Wok,Hammersmith and Fulham,Shepherd's Bush,Chinese,,1,,"6 - 7 Seven Stars Corner, Goldhawk Road, London",W12 8ET,food standards agency,,,https://ratings.food.gov.uk/business/1936787
https://www.ho-ja.co.uk/,own site,Ho-Ja,Hammersmith and Fulham,Shepherd's Bush,Chinese,,1,+44 20 8746 7801,39 Goldhawk Road,,openstreetmap,https://www.facebook.com/Hoja2014,,https://www.openstreetmap.org/node/453670075
https://holycowonline.com/,chain site (same name as 4 mapped branches),Holy Cow,Hammersmith and Fulham,Hammersmith,Takeaway,info@holycowonline.com,7,,"354 King Street, London",W6 0RX,food standards agency,,,https://ratings.food.gov.uk/business/346456
https://www.honestburgers.co.uk/locations/westfield-shepherds-bush/,own site,Honest Burgers,Hammersmith and Fulham,Shepherd's Bush,Burger,contact@honestburgers.co.uk,1,,Ariel Way,W12 7GB,openstreetmap,,,https://www.openstreetmap.org/node/1492824665
https://www.hyatt.com/hyatt-regency/en-US/lonry-hyatt-regency-london-olympia,own site (Wikidata),Hyatt Regency London Olympia,Hammersmith and Fulham,West Kensington,Restaurant,,1,,"Olympia Exhibition Centre, Hammersmith Road, London",W14 8UX,food standards agency,,,https://ratings.food.gov.uk/business/1949879
https://www.ikea.com/gb/en/stores/hammersmith/,own site,IKEA Restaurant,Hammersmith and Fulham,Hammersmith,Takeaway,,1,,38 King Street,W6 0YJ,openstreetmap,,,https://www.openstreetmap.org/node/9726551991
https://www.indian-zing.co.uk/,"own site (found by name, phone verified)",Indian Zing,Hammersmith and Fulham,Hammersmith,Indian,,1,+44 20 8748 5959,236 King Street,,openstreetmap,,,https://www.openstreetmap.org/node/9269161099
https://www.itsu.com/location/west-london/westfield-white-city/,own site,itsu,Hammersmith and Fulham,Shepherd's Bush,Asian,appfeedback@itsu.com,1,,,,openstreetmap,,,https://www.openstreetmap.org/node/11462559139
https://www.japancentre.com/en/locations/japan-centre-ichiba,own site,Japan Centre,Hammersmith and Fulham,Shepherd's Bush,Asian; Breakfast; Indian; Japanese; Sushi,,1,,,,openstreetmap,,,https://www.openstreetmap.org/node/8653114002
https://jasminethairestaurant.wordpress.com/,own site,Jasmine,Hammersmith and Fulham,Shepherd's Bush,Asian,,1,+44 20 8743 7920,16 Goldhawk Road,W12 8DH,openstreetmap,,,https://www.openstreetmap.org/node/3772036177
https://javawhiskers.co.uk/white-city/,own site,Java Whiskers Cat Café White City,Hammersmith and Fulham,Shepherd's Bush,Cafe,,1,,,,openstreetmap,,,https://www.openstreetmap.org/node/11141710134
https://www.jindathai.com/,own site,Jin-Da Thai,Hammersmith and Fulham,Hammersmith,Asian,info@jindathai.com,2,+44 20 8748 2839,1 Studland Street,,openstreetmap,,,https://www.openstreetmap.org/way/1003922774
https://www.joejuice.com/store/626,own site,Joe & The Juice,Hammersmith and Fulham,Fulham,Breakfast,,1,+44 20 8261 7115,809 Fulham Road,SW6 5HE,openstreetmap,,,https://www.openstreetmap.org/node/14175990277
https://jrkkitchen.co.uk/,own site,JRK Kitchen,Hammersmith and Fulham,Parsons Green,Takeaway,info@jrkkitchen.co.uk,2,+44 20 7384 5600,62 Walham Grove,SW6 1QR,openstreetmap,,,https://www.openstreetmap.org/node/771818100
https://karakchilondon.com/,"own site (found by name, postcode verified)",Karakchi,Hammersmith and Fulham,Hammersmith,Restaurant,,1,,"164 Hammersmith Road, London",W6 7JP,food standards agency,,,https://ratings.food.gov.uk/business/1649460
https://www.kathmandu-inn.co.uk/,own site,Kathmandu Inn,Hammersmith and Fulham,Shepherd's Bush,Indian,kathmanduinn62@gmail.com,1,+44 20 8743 7192,6-7 Seven Stars Corner,,openstreetmap,,,https://www.openstreetmap.org/way/965122837
https://www.kennedyslondon.co.uk/locations/fulham/,own site,Kennedy's of London,Hammersmith and Fulham,Parsons Green,Seafood,,1,+44 20 3859 7319,609-611 Fulham Road,SW6 5UA,openstreetmap,,,https://www.openstreetmap.org/node/14051617763
https://www.kfc.co.uk/kfc-near-me/acton-vale-uxbridge-road,own site,KFC,Hammersmith and Fulham,Shepherd's Bush,Takeaway,,1,+44 20 8743 4657,171 Uxbridge Road,W12 9RA,openstreetmap,,,https://www.openstreetmap.org/node/647074219
https://www.kfc.co.uk/kfc-near-me/fulham-north-end-road,own site,KFC,Hammersmith and Fulham,Parsons Green,Takeaway,,1,+44 20 3038 1176,326 North End Road,SW6 1NF,openstreetmap,,,https://www.openstreetmap.org/node/14080060685
https://www.kfc.co.uk/kfc-near-me/shepherds-bush-uxbridge-road,own site,KFC,Hammersmith and Fulham,Shepherd's Bush,Takeaway,,1,,100-102 Uxbridge Road,W12 8LR,openstreetmap,,,https://www.openstreetmap.org/way/157936465
https://www.khushimontys.com/,own site,Khushi Montys,Hammersmith and Fulham,Fulham,Indian,rd.rudan@gmail.com,1,+44 20 7371 5971,692 Fulham Road,SW6 5SA,openstreetmap,,,https://www.openstreetmap.org/node/14202051185
https://kinpizza.co.uk,own site,Kin Pizza,Hammersmith and Fulham,Shepherd's Bush,American; Pizza,hi@kinpizza.co.uk,1,+44 20 4547 1410,101 Wood Lane,W12 7FR,openstreetmap,https://www.facebook.com/profile.php?id=61554245365653,,https://www.openstreetmap.org/node/8629753790
https://www.kingsarms-fulham.co.uk/,own site,Kings Arms,Hammersmith and Fulham,Fulham,Pub,,1,,425 New King's Road,SW6 4RN,openstreetmap,,,https://www.openstreetmap.org/node/20973312
https://www.koji.restaurant/,own site,Koji,Hammersmith and Fulham,Parsons Green,Asian; Japanese,pat@koji.restaurant,1,+44 20 7731 2520,56;58 New King's Road,SW6 4LS,openstreetmap,,,https://www.openstreetmap.org/way/1211583698
https://kokarestaurants.co.uk/,own site,Koka,Hammersmith and Fulham,Fulham,Restaurant,info@kokarestaurants.co.uk,1,+44 20 4539 4578,244 North End Road,SW6 1NL,openstreetmap,,,https://www.openstreetmap.org/node/14108474019
https://shops.krispykreme.co.uk/fulham-box-store,own site,Krispy Kreme,Hammersmith and Fulham,Parsons Green,Donuts,customercare@krispykreme.co.uk,1,+44 1276 601170,Fulham Broadway Centre,SW6 1BW,openstreetmap,,,https://www.openstreetmap.org/node/14115396722
https://lamijac.com/,"own site (found by name, postcode verified)",L AMI JAC,Hammersmith and Fulham,Hammersmith,Restaurant,info@lamijac.com,1,,"96 Shepherd's Bush Road, London",W6 7PD,food standards agency,,,https://ratings.food.gov.uk/business/1768966
https://lelysee.co.uk/,own site,L'Élysée Express,Hammersmith and Fulham,West Kensington,Deli,,1,+44 20 3583 0707,2-4 North End Road,W14 0SH,openstreetmap,,,https://www.openstreetmap.org/way/145812790
https://www.lapetitebretagne.co.uk/,own site,La Petite Bretagne,Hammersmith and Fulham,Hammersmith,French,contact@lapetitebretagne.co.uk,1,+44 20 8127 5530,5-7 Beadon Road,,openstreetmap,,,https://www.openstreetmap.org/node/7263459818
https://www.lapizzicadeli.uk/,own site,La Pizzica,Hammersmith and Fulham,Fulham,Deli; Pizza,,1,+44 20 7736 1279,837 Fulham Road,SW6 5HQ,openstreetmap,,,https://www.openstreetmap.org/node/652832595
https://www.lapizzicalondon.co.uk/,own site,La Pizzica,Hammersmith and Fulham,Fulham,Italian; Pizza,,1,+44 20 7731 3762,764-766 Fulham Road,SW6 5SJ,openstreetmap,,,https://www.openstreetmap.org/way/285593270
https://www.latymershammersmith.co.uk/,own site,Latymers,Hammersmith and Fulham,Hammersmith,Asian; Pub,,1,,157 Hammersmith Road,,openstreetmap,https://www.facebook.com/LatymersPub,,https://www.openstreetmap.org/way/117232134
https://lepetitcitron.co.uk/,own site,Le Petit Citron,Hammersmith and Fulham,Shepherd's Bush,French,,1,+44 20 3019 1175,98-100 Shepherds Bush Road,,openstreetmap,,,https://www.openstreetmap.org/way/974885000
https://www.fs-restaurants.co.uk/little-four-seasons-fulham,own site,Little Four Seasons,Hammersmith and Fulham,Fulham,Asian; Chinese,info@fs-restaurants.co.uk,1,+44 20 7731 0081,805 Fulham Road,SW6 5HE,openstreetmap,,,https://www.openstreetmap.org/node/14175990279
https://littlenapoli.co.uk/,own site,Little Napoli,Hammersmith and Fulham,Shepherd's Bush,Pizza,contact@littlenapoli.co.uk,1,+44 20 8823 5491,428 Uxbridge Road,W12 0NR,openstreetmap,,,https://www.openstreetmap.org/node/3782252275
https://www.lolas.co.uk/pages/store-location/fulham-broadway,own site,Lola's Cupcakes,Hammersmith and Fulham,Parsons Green,Bakery,hello@lolas.co.uk,1,+44 20 4634 6911,Fulham Broadway Centre,SW6 1BW,openstreetmap,,,https://www.openstreetmap.org/node/14115396723
https://losmolinosuk.com/,own site,Los Molinos,Hammersmith and Fulham,Hammersmith,Spanish,,1,+44 20 7603 2229,127 Shepherds Bush Road,,openstreetmap,,,https://www.openstreetmap.org/node/3790320558
https://lovewalkcoffee.uk/,own site,Love Walk Cafe,Hammersmith and Fulham,Parsons Green,Cafe,,1,+44 20 7385 8508,12 Jerdan Place,SW6 1BH,openstreetmap,,,https://www.openstreetmap.org/node/14052521019
https://lowiczankarestaurant.co.uk/,"own site (found by name, postcode verified)",Lowiczanka Restaurant,Hammersmith and Fulham,Hammersmith,Restaurant,,1,,"238 - 246 King Street, London",W6 0RF,food standards agency,,,https://ratings.food.gov.uk/business/345195
https://lytte.co.uk/,own site,Lytte Coffee,Hammersmith and Fulham,Parsons Green,Cafe,,1,+44 7462 032 169,345 North End Road,SW6 1NN,openstreetmap,,,https://www.openstreetmap.org/node/14077510766
https://malieucafe.com/,own site,Malieu,Hammersmith and Fulham,Parsons Green,Restaurant,,1,,342 North End Road,SW6 1NB,openstreetmap,,,https://www.openstreetmap.org/node/14080079086
https://manukakitchen.co.uk/,own site,Manuka Kitchen,Hammersmith and Fulham,Parsons Green,Restaurant,bookings@manukakitchen.co.uk,1,+44 20 7731 0864,510 Fulham Road,SW6 5NJ,openstreetmap,,,https://www.openstreetmap.org/node/14068641706
https://marhabakabul.com/,own site,Marhaba Kabul,Hammersmith and Fulham,West Kensington,Restaurant,,1,+44 20 3876 8828,301 North End Road,W14 9NS,openstreetmap,,,https://www.openstreetmap.org/node/14116168337
http://www.maridelicatessen.com/,own site,Mari Deli & Dining,Hammersmith and Fulham,Hammersmith,Deli,,1,+44 20 7041 9251,1 Eyot Gardens,,openstreetmap,,,https://www.openstreetmap.org/node/8590103135
https://mariags.co.uk/,own site,Maria G's,Hammersmith and Fulham,Sands End,Italian,hellofulham@mariags.co.uk,1,+44 20 3479 3867,20 Central Avenue,SW6 2QE,openstreetmap,,,https://www.openstreetmap.org/node/10732909248
https://masterbao.co.uk/,"own site (found by name, postcode verified)",Master Bao,Hammersmith and Fulham,Shepherd's Bush,Restaurant,master@masterbao.co.uk,1,,"Kiosk 2016A, Westfield London Shopping Centre, Ariel Way",W12 7GE,food standards agency,,,https://ratings.food.gov.uk/business/1131692
https://www.mattscafe773.co.uk/,own site,Matt's,Hammersmith and Fulham,Fulham,Cafe,mattscafe@outlook.com,1,+44 20 8109 8055,773 Fulham Road,SW6 5HA,openstreetmap,,,https://www.openstreetmap.org/node/14169958615
https://www.mcdonalds.com/gb/en-gb/location/london/hammersmith-2-broadway-centre/units-7-broadway-shopping-centre/8260658.html,own site,McDonald's,Hammersmith and Fulham,Hammersmith,Burger,,1,+44 20 8563 1514,"7-8 Broadway Shopping Centre, Hammersmith Broadway",W6 9YD,openstreetmap,,,https://www.openstreetmap.org/node/9192910260
https://www.mcdonalds.com/gb/en-gb/location/ariel-way/london---westfield/westfield-white-city/8261673.html,own site,McDonald's,Hammersmith and Fulham,Shepherd's Bush,Burger,,1,+44 20 8740 8893,,,openstreetmap,,,https://www.openstreetmap.org/node/11462559148
https://www.mcdonalds.com/gb/en-gb/location/fulham/fulham/312314-north-end-road/8260025.html,own site,McDonald's,Hammersmith and Fulham,Parsons Green,Burger,,1,+44 20 7385 7815,312-314 North End Road,SW6 1NG,openstreetmap,,,https://www.openstreetmap.org/way/150571904
https://www.mcdonalds.com/gb/en-gb/location/shepherds-bush/shepherds-bush/8890-uxbridge-road/8260011.html,own site,McDonald's,Hammersmith and Fulham,Shepherd's Bush,Burger,,1,+44 20 8749 7168,88-90 Uxbridge Road,W12 8LR,openstreetmap,,,https://www.openstreetmap.org/way/934892424
https://megans.co.uk/locations/megans-by-the-green/,own site,Megan's by The Green,Hammersmith and Fulham,Parsons Green,Restaurant,parties@megans.co.uk,1,+44 2045801408,70 Parsons Green Lane,,openstreetmap,,,https://www.openstreetmap.org/node/3668994572
https://www.milkitchen.com/,own site,Mill Kitchen,Hammersmith and Fulham,Fulham,Cafe,,1,+44 20 738 57971,316 Munster Road,SW6 6BH,openstreetmap,,,https://www.openstreetmap.org/node/14134918931
https://www.facebook.com/Mimino.in.London,facebook,Mimino Club,Hammersmith and Fulham,West Kensington,Restaurant,,1,+44 20 7602 5003,44 Blythe Road,,openstreetmap,https://www.facebook.com/Mimino.in.London,,https://www.openstreetmap.org/node/9160031798
https://www.miranmasala.com/,own site,Miran Masala,Hammersmith and Fulham,West Kensington,Indian,,1,+44 20 7602 4555,3 Hammersmith Road,,openstreetmap,,,https://www.openstreetmap.org/node/9237138272
https://www.mitsubalondon.com/,own site,Mitsuba,Hammersmith and Fulham,West Kensington,Asian; Breakfast; Japanese,,1,+44 7480 874867,92 North End Road,W14 9EX,openstreetmap,,,https://www.openstreetmap.org/way/147314519
https://www.mleczkodelikatesy.com/,own site,Mleczko,Hammersmith and Fulham,Shepherd's Bush,Deli,,3,+44 20 8743 5688,23-25 Uxbridge Road,,openstreetmap,,,https://www.openstreetmap.org/node/8678279710
https://www.mooboo.co/,own site,Mooboo Bubble Tea,Hammersmith and Fulham,Hammersmith,Cafe,,3,,176 King Street,,openstreetmap,,,https://www.openstreetmap.org/node/9263411049
https://morleysfulham.com/,own site,Morley's,Hammersmith and Fulham,Parsons Green,Takeaway,,1,+44 20 3410 7758,308-310 North End Road,SW6 1NQ,openstreetmap,,,https://www.openstreetmap.org/node/14103893810
https://mrsteak.co.uk/fulham-2/,own site,Mr Steak,Hammersmith and Fulham,Fulham,Steak,hello@mrsteak.co.uk,1,+44 20 4618 5860,606 Fulham Road,SW6 5RP,openstreetmap,,,https://www.openstreetmap.org/node/14165033046
https://www.muyangchineserestaurant.co.uk/,own site,Muyang,Hammersmith and Fulham,Shepherd's Bush,Asian; Chinese,,1,+44 20 8811 8876,33 Goldhawk Road,W12 8QQ,openstreetmap,,,https://www.openstreetmap.org/node/3772036264
http://www.naama.co/,own site,Naama,Hammersmith and Fulham,Shepherd's Bush,Restaurant,info@naama.co,1,+44 20 8740 0004,384 Uxbridge Road,W12 7LL,openstreetmap,,,https://www.openstreetmap.org/node/3781068757
https://www.nandos.co.uk/restaurants/fulham-broadway,own site,Nando's,Hammersmith and Fulham,Parsons Green,Restaurant,,1,+44 20 7386 8035,Fulham Broadway Centre,SW6 1BW,openstreetmap,,,https://www.openstreetmap.org/node/1667398175
https://www.nandos.co.uk/restaurants/hammersmith,own site,Nando's,Hammersmith and Fulham,Hammersmith,Restaurant,,1,,22-26 Hammersmith Broadway,W6 7AB,openstreetmap,,,https://www.openstreetmap.org/node/3635460393
https://www.nandos.co.uk/restaurants/shepherds-bush,own site,Nando's,Hammersmith and Fulham,Shepherd's Bush,Restaurant,,1,+44 20 8746 1112,284-286 Uxbridge Road,W12 7JA,openstreetmap,,,https://www.openstreetmap.org/node/3781068780
https://www.nandos.co.uk/restaurants/westfield-london,own site,Nando's,Hammersmith and Fulham,Shepherd's Bush,Restaurant,,1,,,,openstreetmap,,,https://www.openstreetmap.org/node/6166931186
http://nayaabfulham.co.uk/,own site,Nayaab,Hammersmith and Fulham,Fulham,Indian,,1,,309 New King's Road,SW6 4RF,openstreetmap,,,https://www.openstreetmap.org/way/361812825
https://nepalauthenticdining.com/,own site,Nepal Authentic Dining,Hammersmith and Fulham,Shepherd's Bush,Restaurant,,1,+44 20 8740 7551,121 Uxbridge Road,,openstreetmap,,,https://www.openstreetmap.org/node/8704193489
https://www.newsweetnsour.co.uk/,own site,New Sweet N' Sour,Hammersmith and Fulham,Shepherd's Bush,Asian; Chinese,,1,+44 20 8740 7451,93 Uxbridge Road,W12 8NR,openstreetmap,,,https://www.openstreetmap.org/node/3781060732
https://nutcaseltd.co.uk/,own site,Nut Case,Hammersmith and Fulham,Shepherd's Bush,Deli,,1,+44 20 8743 0336,352 Uxbridge Road,W12 7LL,openstreetmap,,,https://www.openstreetmap.org/node/3781068760
https://ochitakeawayandcatering.co.uk/,own site,Ochi,Hammersmith and Fulham,Shepherd's Bush,Takeaway,ochitakeaway22@yahoo.com,1,+44 20 8742 9620,226 Uxbridge Road,,openstreetmap,,,https://www.openstreetmap.org/node/8643150901
http://www.october26.co.uk/,own site,October 26 Bakery,Hammersmith and Fulham,Shepherd's Bush,Bakery,,1,,153 Askew Road,,openstreetmap,,,https://www.openstreetmap.org/node/8775601596
https://oishiisushi.co.uk/,"own site (found by name, postcode verified)",Oishii Sushi,Hammersmith and Fulham,Hammersmith,Sushi,,1,,"173 Fulham Palace Road, London",W6 8QT,food standards agency,,,https://ratings.food.gov.uk/business/1681269
http://www.olivecatering.com/,own site,Olive,Hammersmith and Fulham,Fulham,Cafe,sales@olive-catering.com,1,,,,openstreetmap,,,https://www.openstreetmap.org/node/344868976
https://olivia-pizza.co.uk/,own site,Olivia Pizza,Hammersmith and Fulham,Shepherd's Bush,Pizza,,1,+44 20 8811 1616,147 Askew Road,,openstreetmap,,,https://www.openstreetmap.org/node/8775601599
https://www.oliviapizza.co.uk/,own site,Olivia Pizza / Beijing Noodles,Hammersmith and Fulham,Sands End,Pizza,info@oliviapizza.co.uk,1,,,,openstreetmap,,,https://www.openstreetmap.org/node/3236994796
https://www.olmeceats.co.uk/,"own site (found by name, postcode verified)",Olmec Eats,Hammersmith and Fulham,Shepherd's Bush,Takeaway,,1,,"106 Goldhawk Road, London",W12 8HD,food standards agency,,,https://ratings.food.gov.uk/business/1823934
https://onefulhambroadway.co.uk/,own site,One Fulham Broadway,Hammersmith and Fulham,Parsons Green,Pub,1fulhambroadway@gmail.com,1,,1 Fulham Broadway,SW6 1AA,openstreetmap,,,https://www.openstreetmap.org/way/151171737
https://www.orientalvegan.co.uk/,own site,Oriental Vegan,Hammersmith and Fulham,Parsons Green,Asian; Chinese,orientalveganglutenfree@gmail.com,1,,250 North End Road,SW6 1NJ,openstreetmap,,,https://www.openstreetmap.org/node/14108071425
https://oree.co.uk/,own site,Orée,Hammersmith and Fulham,Parsons Green,Bakery,parsonsgreen@oreebakeries.co.uk,5,+442045801461,251 New King's Road,SW6 4RB,openstreetmap,,oreeboulangeries,https://www.openstreetmap.org/way/362164531
https://www.pinchofnature.co.uk/,own site,P!nch,Hammersmith and Fulham,Sands End,Cafe,,1,,176 Wandsworth Bridge Road,SW6 2UQ,openstreetmap,,,https://www.openstreetmap.org/way/1089066001
https://www.padthaistory.com/,own site,Pad Thai Story (Hammersmith),Hammersmith and Fulham,Hammersmith,Restaurant,hammersmith@padthaistory.com,1,,82 Fulham Palace Road,W6 9PL,openstreetmap,,padthaistory,https://www.openstreetmap.org/node/14130987801
https://www.pantarei.uk/,own site,Panta Rei,Hammersmith and Fulham,Parsons Green,Restaurant,info@pantarei.uk,1,+44 7414888686,647 Fulham Road,SW6 5PU,openstreetmap,,,https://www.openstreetmap.org/node/11227675918
https://www.papajohns.co.uk/stores/fulham,own site,Papa John's,Hammersmith and Fulham,Parsons Green,Pizza,,1,+44 20 7385 9888,63 Walham Grove,SW6 1QR,openstreetmap,,,https://www.openstreetmap.org/node/771818281
https://www.pappaciccia.com,own site,Pappa Ciccia,Hammersmith and Fulham,Fulham,Italian; Pizza; Seafood,,1,+44 20 7384 1884,105 Munster Road,SW6 5RQ,openstreetmap,,,https://www.openstreetmap.org/way/785632240
https://www.parmawoodovenpizza.com/hammersmith/,own site,Parma Wood Oven Pizza,Hammersmith and Fulham,Shepherd's Bush,Pizza,info@parmawoodovenpizza.com,1,+44 20 3105 5942,242a Goldhawk Road,,openstreetmap,,,https://www.openstreetmap.org/node/3771959763
https://patisseriesainteanne.co.uk/,own site,Patisserie Sainte Anne,Hammersmith and Fulham,Hammersmith,Bakery; French,info@patisseriesainteanne.co.uk,1,+44 20 8563 2046,204 King Street,,openstreetmap,,,https://www.openstreetmap.org/node/9265734920
https://www.paya-cuisine.co.uk/,own site,PAYA Cuisine,Hammersmith and Fulham,Shepherd's Bush,Asian; Chinese,,2,+44 800 756 9889,161 Askew Road,,openstreetmap,,,https://www.openstreetmap.org/node/8770920258
https://pentolinarestaurant.co.uk/,own site,Pentolina,Hammersmith and Fulham,West Kensington,Italian,info@pentolinarestaurant.co.uk,1,+44 20 3010 0091,71 Blythe Road,W14 0HP,openstreetmap,,,https://www.openstreetmap.org/node/9141043250
https://locations.pret.co.uk/london/unit-suc303-westfield-london,own site,Petit Pret,Hammersmith and Fulham,Shepherd's Bush,Breakfast,,1,,Ariel Way,W12 7GA,openstreetmap,,,https://www.openstreetmap.org/node/7124942186
https://www.phocafe.co.uk/locations/fulham/,own site,Pho,Hammersmith and Fulham,Parsons Green,Asian,bakerstreet@phocafe.co.uk,1,,4 Fulham Broadway,SW6 1EP,openstreetmap,,,https://www.openstreetmap.org/node/14051617716
https://phodistrict.co.uk/,own site,Pho District,Hammersmith and Fulham,Hammersmith,Asian,info@phodistrict.co.uk,1,+44 20 8748 2584,216 King Street,,openstreetmap,,,https://www.openstreetmap.org/node/5082701121
https://pho36.co.uk/,"own site (found by name, postcode verified)",Pho36,Hammersmith and Fulham,Shepherd's Bush,Restaurant,pho36london@gmail.com,1,,"129 Askew Road, London",W12 9AU,food standards agency,,,https://ratings.food.gov.uk/business/1677208
https://www.pillarhall.co.uk,own site,Pillar Hall,Hammersmith and Fulham,West Kensington,Restaurant,events@pillarhall.co.uk,1,,5 Olympia Way,W14 0EY,openstreetmap,,,https://www.openstreetmap.org/node/14210411290
https://www.pizza-at-home.co.uk/,own site,Pizza at Home,Hammersmith and Fulham,Parsons Green,Pizza,,1,+44 20 7244 8080,86 Lillie Road,SW6 1TL,openstreetmap,,,https://www.openstreetmap.org/node/11236010090
https://www.pizzagogo.co.uk/stores/fulham,own site,Pizza GoGo,Hammersmith and Fulham,Fulham,Pizza,,1,+44 20 7386 5855,137 Lillie Road,SW6 7SX,openstreetmap,,,https://www.openstreetmap.org/node/14108474101
https://www.pizzahut.co.uk/huts/uk-1/7587-west-hammersmith/,own site,Pizza Hut Delivery,Hammersmith and Fulham,Hammersmith,Pizza,,1,+44 20 8741 9966,284 King Street,W6 0SP,openstreetmap,,,https://www.openstreetmap.org/node/257464737
https://www.pizzahut.co.uk/huts/fulham-7523,own site,Pizza Hut Delivery,Hammersmith and Fulham,Fulham,Halal; Pizza,,1,+44 20 7371 5030,654b Fulham Road,SW6 5RU,openstreetmap,,,https://www.openstreetmap.org/node/14190335798
https://pizzapronto-london.co.uk/,own site,Pizza Pronto,Hammersmith and Fulham,West Kensington,Pizza,,1,+44 20 7371 1945,30 North End Crescent,,openstreetmap,,,https://www.openstreetmap.org/node/9234422450
https://www.pizzaexpress.com/shepherds-bush-rockley-road,own site,PizzaExpress,Hammersmith and Fulham,Shepherd's Bush,Pizza,,1,,,,openstreetmap,,,https://www.openstreetmap.org/node/5141446708
https://www.pizzaexpress.com/fulham-895-fulham-road,own site,PizzaExpress,Hammersmith and Fulham,Fulham,Pizza,,1,+44 20 7731 3117,895 Fulham Road,SW6 5HU,openstreetmap,,,https://www.openstreetmap.org/way/976946290
https://popeyesuk.com/restaurants/fulham,own site,Popeyes,Hammersmith and Fulham,Parsons Green,Takeaway,,1,+44 330 175 8760,348 North End Road,SW6 1NB,openstreetmap,,,https://www.openstreetmap.org/node/14080079079
https://www.facebook.com/people/Poppys/100063518414091/,facebook,Poppy's,Hammersmith and Fulham,Hammersmith,Asian,,1,+44 20 8748 2351,78 Glenthorne Road,,openstreetmap,https://www.facebook.com/people/Poppys/100063518414091/,,https://www.openstreetmap.org/node/7257700683
https://potli.co.uk/,"own site (found by name, postcode verified)",Potli,Hammersmith and Fulham,Hammersmith,Restaurant,bookings@potli.co.uk,1,,"319 King Street, London",W6 9NH,food standards agency,,,https://ratings.food.gov.uk/business/345207
https://locations.pret.co.uk/london/unit-2033-level-50,own site,Pret A Manger,Hammersmith and Fulham,Shepherd's Bush,Deli,,1,,,,openstreetmap,,,https://www.openstreetmap.org/node/6553543716
https://locations.pret.co.uk/london/westfield-shopping-centre,own site,Pret A Manger,Hammersmith and Fulham,Shepherd's Bush,Deli,,1,,,,openstreetmap,,,https://www.openstreetmap.org/node/7056697685
https://locations.pret.co.uk/london/unit-30,own site,Pret A Manger,Hammersmith and Fulham,Hammersmith,Deli,,1,+44 20 8741 0864,Hammersmith Broadway,W6 9YD,openstreetmap,,,https://www.openstreetmap.org/node/9192910295
https://www.pret.co.uk/en-GB/shop-finder/l/london/fulham-road/275,own site,Pret A Manger,Hammersmith and Fulham,Parsons Green,Deli,,1,+44 20 7932 5373,Fulham Broadway Centre,SW6 1BY,openstreetmap,,,https://www.openstreetmap.org/node/13565039743
https://locations.pret.co.uk/london/unit-5-kennedy-house,own site,Pret A Manger,Hammersmith and Fulham,West Kensington,Deli,,1,+44 20 7602 8772,Hammersmith Road,,openstreetmap,,,https://www.openstreetmap.org/way/997224975
https://locations.pret.co.uk/london/8-10-king-street,own site,Pret A Manger,Hammersmith and Fulham,Hammersmith,Deli,,1,+44 20 7932 5252,8-10 King Street,W6 0QA,openstreetmap,,,https://www.openstreetmap.org/way/1002485835
https://www.princessvictoria.co.uk/,own site,Princess Victoria,Hammersmith and Fulham,Shepherd's Bush,Pub,info@princessvictoria.co.uk,1,+44 20 8749 4466,217 Uxbridge Road,W12 9DH,openstreetmap,https://www.facebook.com/ThreeCheersPubs,,https://www.openstreetmap.org/relation/12811040
https://www.pure.co.uk/shops/hammersmith/,own site,Pure,Hammersmith and Fulham,Hammersmith,Breakfast,hello@pure.co.uk,1,+44 20 7240 1555,2 Broadway Shopping Centre,,openstreetmap,,,https://www.openstreetmap.org/node/7277548883
https://www.pureindiancooking.com/,own site,Pure Indian Cooking,Hammersmith and Fulham,Fulham,Indian,info@pureindiancooking.com,1,,67 Fulham High Street,SW6 3JJ,openstreetmap,,,https://www.openstreetmap.org/node/530815560
http://www.thequeenadelaidew12.co.uk,own site (Wikidata),Queen Adelaide,Hammersmith and Fulham,Shepherd's Bush,Pub,,1,,"412 Uxbridge Road, London",W12 0NR,food standards agency,,,https://ratings.food.gov.uk/business/345613
https://www.rajofindia.com/,own site,Raj of India,Hammersmith and Fulham,Hammersmith,Indian,,1,+44 20 7602 9112,46 Shepherds Bush Road,W6 7PJ,openstreetmap,,,https://www.openstreetmap.org/node/9017713214
http://www.rajputrestaurant.com/,own site,Rajput,Hammersmith and Fulham,Shepherd's Bush,Indian,,1,+44 20 8740 9036,144 Goldhawk Road,W12 8HH,openstreetmap,,,https://www.openstreetmap.org/node/447755886
https://rangrez.co.uk/,"own site (found by name, postcode verified)",Rangrez,Hammersmith and Fulham,Hammersmith,Indian,,1,,32 Fulham Palace Road,W6 9PH,openstreetmap,,,https://www.openstreetmap.org/way/224737390
https://www.revivalptstudio.co.uk/,"own site (found by name, postcode verified)",Revival Personal Training,Hammersmith and Fulham,Hammersmith,Restaurant,info@revivalptstudio.co.uk,1,,"Railway Arch, 77 Albion Mews, London",W6 0JN,food standards agency,,,https://ratings.food.gov.uk/business/1867236
https://rollingpinbakery.co.uk/,own site,Rolling Pin Bakery,Hammersmith and Fulham,Fulham,Bakery,info@rollingpinbakery.co.uk,1,+44 20 7731 0626,770 Fulham Road,SW6 5SJ,openstreetmap,,,https://www.openstreetmap.org/way/285593195
https://royalbake.co.uk/,own site,Royal Bake UK,Hammersmith and Fulham,Shepherd's Bush,Bakery,,1,+44 20 3784 6171,91 Bloemfontein Road,,openstreetmap,,,https://www.openstreetmap.org/node/8581398062
https://www.samslarder.co.uk/,"own site (found by name, postcode verified)",Sam's Larder,Hammersmith and Fulham,Hammersmith,Restaurant,,1,,"4 Crisp Road, London",W6 9RL,food standards agency,,,https://ratings.food.gov.uk/business/1280974
https://sambalsim.com/,own site,Sambal Sim,Hammersmith and Fulham,Fulham,Asian,contact@sambalsim.com,1,+44 20 3005 0401,636 Fulham Road,SW6 5RT,openstreetmap,,,https://www.openstreetmap.org/node/14174431813
https://www.sanbaolondon.com/,own site,Sanbao,Hammersmith and Fulham,Hammersmith,Asian; Chinese,,1,+44 20 8563 7882,188 King Street,,openstreetmap,,,https://www.openstreetmap.org/node/9265733870
https://seoul-bird.co.uk/,"own site (found by name, postcode verified)",Seoul Bird,Hammersmith and Fulham,Shepherd's Bush,Restaurant,,1,,"Unit 2133, Westfield London Shopping Centre, Ariel Way",W12 7GE,food standards agency,,,https://ratings.food.gov.uk/business/1206296
https://www.newsevenseas.com/,own site,Seven Seas,Hammersmith and Fulham,Fulham,Asian; Chinese,,1,+44 20 7385 2479,312 Munster Road,SW6 6BH,openstreetmap,,,https://www.openstreetmap.org/node/1598320819
https://shahshalalfood.co.uk/our-locations/fulham/,own site,Shah's Halal Food,Hammersmith and Fulham,Parsons Green,Halal,info@shahshalalfood.co.uk,1,,274 North End Road,SW6 1NJ,openstreetmap,,,https://www.openstreetmap.org/node/14106473013
https://shawa.co.uk/,"own site (found by name, postcode verified)",Shawa,Hammersmith and Fulham,Shepherd's Bush,Restaurant,westfield@shawa.co.uk,1,,"Kiosk 2014, Westfield London Shopping Centre, Ariel Way",W12 7GE,food standards agency,,,https://ratings.food.gov.uk/business/1381594
https://www.shikumen.co.uk/,own site,Shikumen,Hammersmith and Fulham,Shepherd's Bush,Asian; Chinese,sbush@shikumen.co.uk,1,,,,openstreetmap,,,https://www.openstreetmap.org/node/7191434885
https://shilpahammersmith.co.uk/,own site,Shilpa,Hammersmith and Fulham,Hammersmith,Indian,,1,+44 20 8741 3127,206 King Street,,openstreetmap,,,https://www.openstreetmap.org/node/6139641685
https://sichuanpopo.co.uk/,own site,Sichuan PoPo,Hammersmith and Fulham,Parsons Green,Asian; Chinese,,1,+44 20 7386 6930,511 Fulham Road,SW6 1HH,openstreetmap,xichuan.popo,sichuanpopo,https://www.openstreetmap.org/node/12598036302
https://www.smazburgerbox.co.uk/,"own site (found by name, postcode verified)",Smaz Burger Box,Hammersmith and Fulham,Shepherd's Bush,Burger,info@smazburgerbox.co.uk,1,,"196 Du Cane Road, London",W12 0BJ,food standards agency,,,https://ratings.food.gov.uk/business/1774297
https://goodeats.io/SomTam,own site,Som Tam,Hammersmith and Fulham,Shepherd's Bush,Asian,,1,+44 20 8749 9030,131 Askew Road,,openstreetmap,,,https://www.openstreetmap.org/node/8775601609
https://soulandeden.co.uk/,"own site (found by name, postcode verified)",Soul And Eden,Hammersmith and Fulham,Hammersmith,Takeaway,contact@soulandeden.co.uk,1,,"76 Shepherd's Bush Road, London",W6 7PH,food standards agency,,,https://ratings.food.gov.uk/business/1245887
https://spaandmassage.co.uk/,own site,Spa & Massage,Hammersmith and Fulham,Parsons Green,Cafe,turnhamgreen@spaandmassage.co.uk,1,+44 20 4636 3749,709 Fulham Road,SW6 5UL,openstreetmap,,,https://www.openstreetmap.org/node/3662201105
http://www.spicegrills.co.uk,own site,Spice Grills,Hammersmith and Fulham,Shepherd's Bush,Indian,,1,+44 20 8811 1919,4 Shepherds Bush Road,,openstreetmap,,,https://www.openstreetmap.org/node/9016269192
https://st-elmo-fish-bar.edan.io,own site,St. Elmo Fish Bar,Hammersmith and Fulham,Shepherd's Bush,Seafood,,1,,1 St Elmo Road,W12 9EA,openstreetmap,,,https://www.openstreetmap.org/node/8817898198
https://www.starbucks.co.uk/store-locator/12362,own site,Starbucks,Hammersmith and Fulham,Parsons Green,Breakfast,,1,+44 20 7610 3736,Fulham Broadway Centre,SW6 1BY,openstreetmap,,,https://www.openstreetmap.org/node/1667405210
https://www.starbucks.com/store-locator/store/2732/white-city-vivacity-201-wood-lane-london-eng-w-12-7-tu-gb,own site,Starbucks,Hammersmith and Fulham,Shepherd's Bush,Breakfast,press@starbucks.com,1,+44 20 8742 9326,191 Wood Lane,W12 7TU,openstreetmap,,,https://www.openstreetmap.org/node/2015283620
https://www.starbucks.com/store-locator/store/1024971/unit-2230-westfield-london-1-ariel-way-london-eng-w-12-7-ge-gb,own site,Starbucks,Hammersmith and Fulham,Shepherd's Bush,Breakfast,press@starbucks.com,1,,,,openstreetmap,,,https://www.openstreetmap.org/node/7102259685
https://www.starbucks.com/store-locator/store/2399/hammersmith-road-200-hammersmith-road-london-eng-w-6-7-dl-gb,own site,Starbucks,Hammersmith and Fulham,Hammersmith,Breakfast,press@starbucks.com,1,+44 20 8741 9397,200 Hammersmith Road,,openstreetmap,,,https://www.openstreetmap.org/node/7263279674
https://www.starbucks.co.uk/store-locator/store/2625/hammersmith-broadway-west-36-broadway-shopping-centre-unit-36-london-eng-w-6,own site,Starbucks,Hammersmith and Fulham,Hammersmith,Breakfast,,1,+44 20 8748 6685,36 Broadway Shopping Centre,,openstreetmap,,,https://www.openstreetmap.org/node/7277553300
https://www.starbucks.com/store-locator/store/2491/parsons-green-44-48-new-kings-road-london-eng-sw-6-4-ls-gb,own site,Starbucks,Hammersmith and Fulham,Parsons Green,Breakfast,press@starbucks.com,1,,New King's Road,SW6 4LS,openstreetmap,,,https://www.openstreetmap.org/way/361966257
https://www.stemsandvines.co.uk/,"own site (found by name, postcode verified)",Stems & Vines,Hammersmith and Fulham,Shepherd's Bush,Restaurant,hello@stemsandvines.co.uk,1,,"151 Askew Road, London",W12 9AU,food standards agency,,,https://ratings.food.gov.uk/business/1883731
https://restaurants.subway.com/united-kingdom/en/london/186-uxbridge-road,own site,Subway,Hammersmith and Fulham,Shepherd's Bush,Deli,,1,,186 Uxbridge Road,,openstreetmap,,,https://www.openstreetmap.org/node/647401742
https://restaurants.subway.com/united-kingdom/en/london/126-king-street,own site,Subway,Hammersmith and Fulham,Hammersmith,Deli,,2,,,,openstreetmap,,,https://www.openstreetmap.org/node/7116555821
https://restaurants.subway.com/united-kingdom/en/london/w12-shopping-centre,own site,Subway,Hammersmith and Fulham,Shepherd's Bush,Deli,,1,,20 Shepherd's Bush Green,W12 8PH,openstreetmap,,,https://www.openstreetmap.org/node/7124941187
https://restaurants.subway.com/united-kingdom/en/london/395-north-end-road,own site,Subway,Hammersmith and Fulham,Parsons Green,Deli,,1,+44 20 7381 1097,395 North End Road,SW6 1NR,openstreetmap,,,https://www.openstreetmap.org/node/14068852702
https://sufirestaurant.com/,"own site (found by name, postcode verified)",Sufi Restaurant,Hammersmith and Fulham,Shepherd's Bush,Restaurant,info@sufirestaurant.com,1,,"70 Askew Road, London",W12 9BJ,food standards agency,,,https://ratings.food.gov.uk/business/346137
https://sufrarestaurant.uk/,own site,Sufra,Hammersmith and Fulham,Parsons Green,Restaurant,sufraservices01@gmail.com,1,,335 North End Road,SW6 1NN,openstreetmap,,,https://www.openstreetmap.org/node/14077510807
https://www.sukhogroups.com/,own site,Sukho,Hammersmith and Fulham,Fulham,Asian,sukhosuksan@gmail.com,1,+44 20 7371 7600,855 Fulham Road,SW6 5HJ,openstreetmap,,,https://www.openstreetmap.org/node/14176096976
https://www.thesulgraveclub.org.uk/,"own site (found by name, postcode verified)",Sulgrave Club,Hammersmith and Fulham,Shepherd's Bush,Pub,info@thesulgraveclub.org.uk,1,,"287 Goldhawk Road, London",W12 8EU,food standards agency,,,https://ratings.food.gov.uk/business/345992
https://www.sushi54-orders.co.uk/,own site,Sushi54,Hammersmith and Fulham,Shepherd's Bush,Asian; Sushi,,2,+44 20 3784 0822,164 Goldhawk Road,,openstreetmap,,,https://www.openstreetmap.org/node/8719383577
https://swedestop.co.uk/,"own site (found by name, postcode verified)",Swede Stop,Hammersmith and Fulham,Hammersmith,Restaurant,,1,,"300 King Street, London",W6 0RR,food standards agency,,,https://ratings.food.gov.uk/business/1875244
https://www.tacco.co.uk/,own site,Tacco,Hammersmith and Fulham,Fulham,Italian,info@tacco.co.uk,1,+44 20 3645 6043,786 Fulham Road,SW6 5SL,openstreetmap,,,https://www.openstreetmap.org/way/285593253
https://www.yourtacosmx.com/,own site,Tacos MX Fulham,Hammersmith and Fulham,Fulham,Mexican; Tacos,,1,,,,openstreetmap,,,https://www.openstreetmap.org/way/1211283951
https://www.talafastfood.co.uk/,own site,Tala,Hammersmith and Fulham,Parsons Green,Restaurant,talafastfood2026@gmail.com,1,,397 North End Road,SW6 1NR,openstreetmap,,,https://www.openstreetmap.org/node/14103931712
https://www.teanamu.com/teahouse,own site,Teanamu Chaya Teahouse,Hammersmith and Fulham,Shepherd's Bush,Cafe,,1,,4 Melina Road,W12 9HZ,openstreetmap,,,https://www.openstreetmap.org/node/4915614667
https://thairicegroup.co.uk/Menu/3032/thai-rice-restaurant-uk-blythe-road,own site,Thai Rice Brook Green,Hammersmith and Fulham,West Kensington,Asian,,1,+44 20 3266 0102,238 Blythe Road,W14 0HJ,openstreetmap,,,https://www.openstreetmap.org/node/3047581919
https://www.thatchedhousepub.com/,own site,Thatched House,Hammersmith and Fulham,Hammersmith,Pub,info@thatchedhousepub.com,1,+44 20 8741 6282,115 Dalling Road,W6 0ET,openstreetmap,,,https://www.openstreetmap.org/way/586427054
https://www.hyattrestaurants.com/en/london/lounge/the-1937-lounge-bar,own site,The 1937 Lounge & Bar,Hammersmith and Fulham,West Kensington,Restaurant,,1,+442046381234,7 Olympia Way,W14 0NE,openstreetmap,,,https://www.openstreetmap.org/node/13974987510
https://www.acaigirls.com/,own site,The Acai Girls,Hammersmith and Fulham,Parsons Green,Cafe,hello@acaigirls.com,2,,705 Fulham Road,SW6 5UL,openstreetmap,,,https://www.openstreetmap.org/node/3662202729
http://www.thealbionpub.com/,own site,The Albion,Hammersmith and Fulham,West Kensington,Pub,info@thealbionpub.com,1,,121 Hammersmith Road,W14 0QL,openstreetmap,,,https://www.openstreetmap.org/node/9205363977
https://www.theandoverarmsw6.com/,own site,The Andover Arms,Hammersmith and Fulham,Hammersmith,Pub,info@theandoverarmsw6.com,1,+44 20 8748 2155,57 Aldensley Road,W6 0DL,openstreetmap,,,https://www.openstreetmap.org/way/966387179
https://www.askewshepherdsbush.co.uk/,own site,The Askew,Hammersmith and Fulham,Shepherd's Bush,Pub,info@askewshepherdsbush.co.uk,2,+44 20 8743 2791,269 Askew Road,,openstreetmap,,,https://www.openstreetmap.org/way/952193494
https://www.theatlaspub.co.uk/,own site,The Atlas,Hammersmith and Fulham,Parsons Green,Pub,,1,+44 20 7385 9129,16 Seagrave Road,SW6 1RX,openstreetmap,,,https://www.openstreetmap.org/way/1547982423
https://www.craftunionpubs.com/bedford-arms-fulham,own site,The Bedford Arms,Hammersmith and Fulham,Fulham,Pub,,1,+44 20 7610 2598,204 Dawes Road,SW6 7RQ,openstreetmap,,,https://www.openstreetmap.org/way/1210875022
https://thebirdinhandlondon.com/,own site,The Bird in Hand,Hammersmith and Fulham,West Kensington,Pub,,1,,88 Masbro' Road,W14 0LR,openstreetmap,,,https://www.openstreetmap.org/way/151490690
https://www.theblueboat.co.uk/,own site,The Blue Boat,Hammersmith and Fulham,Hammersmith,Pub,,1,,,,openstreetmap,,,https://www.openstreetmap.org/way/503644476
https://www.thebroadcaster.co.uk/,"own site (found by name, postcode verified)",The Broadcaster,Hammersmith and Fulham,Shepherd's Bush,Pub,events@thebroadcaster.co.uk,1,,"Pavilion Building, 89 Wood Lane, London",W12 7FX,food standards agency,,,https://ratings.food.gov.uk/business/1407740
https://www.thebrowncowpub.co.uk/,own site,The Brown Cow,Hammersmith and Fulham,Fulham,Pub,info@butcombe.com,1,+44 20 7384 9559,676-680 Fulham Road,SW6 5SA,openstreetmap,,,https://www.openstreetmap.org/node/1375172419
https://thebushtavern.com/,own site,The Bush Tavern,Hammersmith and Fulham,Shepherd's Bush,Pub,info@thebushtavern.com,1,,,,openstreetmap,,,https://www.openstreetmap.org/node/13518978862
https://www.greeneking.co.uk/pubs/greater-london/butchers-hook?,own site,The Butcher's Hook,Hammersmith and Fulham,Sands End,Pub,,1,+44 20 3764 2816,477 Fulham Road,SW6 1HL,openstreetmap,,,https://www.openstreetmap.org/way/151288979
https://www.jdwetherspoon.com/pubs/all-pubs/england/london/the-central-bar-shepherds-bush,own site,The Central Bar,Hammersmith and Fulham,Shepherd's Bush,Pub,,1,,Shepherd's Bush Green,W12 8PP,openstreetmap,,,https://www.openstreetmap.org/node/1713315332
https://huddle.co.uk/cafe/the-clarion-cafe/,own site,The Clarion Cafe,Hammersmith and Fulham,Parsons Green,Cafe,info@huddle.co.uk,1,+44 20 3976 0700,20 Fulham Road,SW6 1AH,openstreetmap,,,https://www.openstreetmap.org/node/14049431463
http://www.thecraftbeerco.com/hammersmith,own site,The Craft Beer Co.,Hammersmith and Fulham,Hammersmith,Pub,hello@thecraftbeerco.com,1,+44 20 8748 7033,17-18 Broadway Shopping Centre,,openstreetmap,,,https://www.openstreetmap.org/node/3793532459
https://www.thecumberlandarmspub.co.uk/,own site,The Cumberland Arms,Hammersmith and Fulham,West Kensington,Pub,,1,,29 North End Road,W14 8SZ,openstreetmap,,,https://www.openstreetmap.org/way/148723643
https://www.defectors-weld.co.uk/,own site,The Defector's Weld,Hammersmith and Fulham,Shepherd's Bush,Pub,,1,+44 20 8749 0008,170 Uxbridge Road,W12 8AA,openstreetmap,,,https://www.openstreetmap.org/way/159244751
https://www.dovehammersmith.co.uk/,own site,The Dove,Hammersmith and Fulham,Hammersmith,Pub,,1,,19 Upper Mall,W6 9TA,openstreetmap,,,https://www.openstreetmap.org/way/174088755
https://www.theduchesshammersmith.co.uk/,own site,The Duchess W6,Hammersmith and Fulham,Hammersmith,Pub,info@theduchesshammersmith.co.uk,1,+44 20 8748 9128,320 Goldhawk Road,,openstreetmap,,,https://www.openstreetmap.org/way/961791327
https://www.theeaglew12.co.uk/,own site,The Eagle,Hammersmith and Fulham,Shepherd's Bush,Pub,,1,,,,openstreetmap,,,https://www.openstreetmap.org/way/945088844
https://elderpresscafe.co.uk/,"own site (found by name, postcode verified)",The Elder Press LLP,Hammersmith and Fulham,Hammersmith,Restaurant,,1,,"3 South Black Lion Lane, London",W6 9TJ,food standards agency,,,https://ratings.food.gov.uk/business/1177089
https://fishmongerskitchen.co.uk/,"own site (found by name, postcode verified)",The Fishmongers Kitchen,Hammersmith and Fulham,Hammersmith,Seafood,orders@fishmongerskitchen.co.uk,1,,"162 - 164 Shepherd's Bush Road, London",W6 7PB,food standards agency,,,https://ratings.food.gov.uk/business/1854626
https://thegaterestaurants.com/,own site,The Gate,Hammersmith and Fulham,Hammersmith,Restaurant,hello@thegaterestaurants.com,1,+44 20 3719 6431,51 Queen Caroline Street,W6 9QL,openstreetmap,,,https://www.openstreetmap.org/node/5328197697
https://www.crafted-social.co.uk/green-shepherds-bush,own site,The Green,Hammersmith and Fulham,Shepherd's Bush,Pub,,1,,172-174 Uxbridge Road,W12 7JP,openstreetmap,,,https://www.openstreetmap.org/node/8648598325
https://thegrillmaster.co.uk/,"own site (found by name, postcode verified)",The Grill Master,Hammersmith and Fulham,Shepherd's Bush,Takeaway,thegrillmaster@live.com,1,,"30 - 31 East Side, Shepherd's Bush Market, London",W12 8DG,food standards agency,,,https://ratings.food.gov.uk/business/346173
https://www.thegrovetavern.co.uk,own site,The Grove,Hammersmith and Fulham,Hammersmith,Pub,,1,+44 20 8748 2966,83 Hammersmith Grove,W6 0NQ,openstreetmap,,,https://www.openstreetmap.org/way/970789393
https://www.handandflower.co.uk/,own site,The Hand and Flower,Hammersmith and Fulham,West Kensington,Pub,,1,+44 20 7371 4105,1 Hammersmith Road,W14 8XJ,openstreetmap,,,https://www.openstreetmap.org/way/115595349
https://harwoodarms.com/,own site,The Harwood Arms,Hammersmith and Fulham,Parsons Green,Pub,info@harwoodarms.com,1,+44 20 7386 1847,Walham Grove,SW6 1QP,openstreetmap,,,https://www.openstreetmap.org/way/944382658
https://www.havelocktavern.com/,own site,The Havelock Tavern,Hammersmith and Fulham,Shepherd's Bush,Pub,,1,,57 Masbro' Road,,openstreetmap,,,https://www.openstreetmap.org/way/987866346
https://thehoarder.org/,own site,The Hoarder Coffee,Hammersmith and Fulham,Parsons Green,Cafe,orders@thehoarder.org,1,,16 Lillie Road,SW6 1TS,openstreetmap,,,https://www.openstreetmap.org/node/11236020452
https://www.crafted-social.co.uk/hop-poles-hammersmith,own site,The Hop Poles,Hammersmith and Fulham,Hammersmith,Pub,,1,,,,openstreetmap,,,https://www.openstreetmap.org/node/1522909770
https://irishculturalcentre.co.uk/,"own site (found by name, postcode verified)",The Irish Cultural Centre,Hammersmith and Fulham,Hammersmith,Restaurant,info@irishculturalcentre.co.uk,1,,"Irish Cultural Centre, 5 Black's Road, London",W6 9DT,food standards agency,,,https://ratings.food.gov.uk/business/1056481
https://theitalianoven.co.uk/,"own site (found by name, postcode verified)",The ITALIAN Oven,Hammersmith and Fulham,Hammersmith,Italian,,1,,"18 Beadon Road, London",W6 0DA,food standards agency,,,https://ratings.food.gov.uk/business/1106443
https://www.thechaptercollection.co.uk/lillie-langtry-fulham,own site,The Lillie Langtry,Hammersmith and Fulham,Parsons Green,Pub,lillielangtry.fulham@thechaptercollection.co.uk,1,+44 20 3637 6690,19 Lillie Road,SW6 1UE,openstreetmap,,,https://www.openstreetmap.org/way/1547532718
https://theoakw12.com/,own site,The Oak W12,Hammersmith and Fulham,Shepherd's Bush,Restaurant,,1,+44 20 8741 7700,243 Goldhawk Road,,openstreetmap,,,https://www.openstreetmap.org/node/3771959766
https://www.greatukpubs.co.uk/old-city-arms-hammersmith,own site,The Old City Arms,Hammersmith and Fulham,Hammersmith,Pub,,1,,,,openstreetmap,,,https://www.openstreetmap.org/node/419139634
https://www.oldshiphammersmith.co.uk/,own site,The Old Ship,Hammersmith and Fulham,Hammersmith,Pub,oldshiphammersmith@youngs.co.uk,1,+44 20 8748 2593,25 Upper Mall,W6 9TD,openstreetmap,,,https://www.openstreetmap.org/way/176677099
https://www.hammersmithsociety.org.uk/ravenscourt-park-tea-house/,own site,The Paddenswick Tea Gardens,Hammersmith and Fulham,Hammersmith,Cafe,,1,,,,openstreetmap,,,https://www.openstreetmap.org/way/964588668
https://www.greeneking.co.uk/pubs/greater-london/pavilion,own site,The Pavilion,Hammersmith and Fulham,Shepherd's Bush,Pub,,1,,Wood Lane,W12 0HQ,openstreetmap,,,https://www.openstreetmap.org/way/273759179
https://popeseye.com/,own site,The Popeseye Steak House,Hammersmith and Fulham,Hammersmith,Steak,info@popeseye.com,1,+44 20 7610 4578,,,openstreetmap,,,https://www.openstreetmap.org/node/9142619049
https://www.princeofwales-townhouse.co.uk/,own site,The Prince of Wales Townhouse,Hammersmith and Fulham,Hammersmith,Pub,hello@princeofwales-townhouse.co.uk,1,+44 20 8563 1713,73 Dalling Road,W6 0JD,openstreetmap,,,https://www.openstreetmap.org/way/586427057
https://www.queensheadhammersmith.co.uk/,own site,The Queen's Head,Hammersmith and Fulham,Hammersmith,Pub,,1,,13 Brook Green,W6 7BL,openstreetmap,thequeensheadw6,queensheadw6,https://www.openstreetmap.org/way/173773738
https://www.thereachbrasserie.com/,"own site (found by name, postcode verified)",The Reach Brasserie,Hammersmith and Fulham,Hammersmith,French,info@thereachbrasserie.com,1,,"Unit A, Goldhurst House, Parr's Way",W6 9AN,food standards agency,,,https://ratings.food.gov.uk/business/1923564
https://www.rivercafe.co.uk/,own site (Wikidata),The River Cafe,Hammersmith and Fulham,Hammersmith,Restaurant,info@rivercafe.co.uk,2,,,,openstreetmap,,,https://www.openstreetmap.org/node/6496477485
https://www.greeneking.co.uk/pubs/greater-london/rutland-arms,own site,The Rutland Arms,Hammersmith and Fulham,Hammersmith,Pub,,1,,15 Lower Mall,W6 9DJ,openstreetmap,,,https://www.openstreetmap.org/way/174088756
https://www.salutationhammersmith.co.uk/,own site,The Salutation,Hammersmith and Fulham,Hammersmith,Asian; Pub,kuazaap@gmail.com,1,,154 King Street,W6 0QU,openstreetmap,,,https://www.openstreetmap.org/way/332723845
https://stonemasonsarms.co.uk/,own site,The Stonemasons Arms,Hammersmith and Fulham,Hammersmith,Pub,info@stonemasonsarms.co.uk,1,,54 Cambridge Grove,W6 0LA,openstreetmap,,,https://www.openstreetmap.org/way/972149539
https://thesuzuhouse.com/,own site,The Suzu House,Hammersmith and Fulham,Hammersmith,Asian; Japanese,makikosano@yahoo.com,1,+44 20 8741 1101,170-172 Hammersmith Road,,openstreetmap,,,https://www.openstreetmap.org/node/9175934116
https://www.nicholsonspubs.co.uk/restaurants/london/theswanhammersmithlondon,own site,The Swan,Hammersmith and Fulham,Hammersmith,Pub,,1,+44 20 8748 1043,46 Hammersmith Broadway,,openstreetmap,,,https://www.openstreetmap.org/way/1002485821
https://www.crafted-social.co.uk/temperance-fulham,own site,The Temperance,Hammersmith and Fulham,Fulham,Pub,,1,,90 Fulham High Street,SW6 3LF,openstreetmap,,,https://www.openstreetmap.org/node/49300405
https://thewei.co.uk/,own site,The Wei,Hammersmith and Fulham,Parsons Green,Asian; Chinese,reservation@thewei.co.uk,1,+44 20 4597 2968,461-465 North End Road,SW6 1NZ,openstreetmap,,,https://www.openstreetmap.org/node/9707530746
https://www.whitehorsesw6.com/,own site,The White Horse,Hammersmith and Fulham,Parsons Green,Pub,,1,,1-3 Parsons Green,SW6 4UL,openstreetmap,,,https://www.openstreetmap.org/way/374780156
https://www.craftunionpubs.com/white-horse-shepherds-bush,own site,The White Horse,Hammersmith and Fulham,Shepherd's Bush,Pub,,1,+44 20 8723 4531,31 Uxbridge Road,,openstreetmap,,,https://www.openstreetmap.org/way/937498584
https://www.jdwetherspoon.com/pubs/all-pubs/england/london/the-william-morris-hammersmith,own site,The William Morris,Hammersmith and Fulham,Hammersmith,Pub,,1,,2-4 King Street,W6 0QA,openstreetmap,,,https://www.openstreetmap.org/way/1002485834
https://www.tianfulondon.com/,own site,Tian Fu,Hammersmith and Fulham,Shepherd's Bush,Asian; Chinese,tasteofsichuanltd@gmail.com,1,+44 20 8740 4546,39 Bulwer Street,W12 8AR,openstreetmap,,,https://www.openstreetmap.org/node/6450807185
https://www.tigersdiner.co.uk/,own site,Tiger's Diner,Hammersmith and Fulham,Shepherd's Bush,American; BBQ; Burger,tigersdiner1@gmail.com,1,+44 20 3184 1098,288 Loftus Road,W12 7JA,openstreetmap,tigersdineruk,Tigersdiner_uk,https://www.openstreetmap.org/node/3781068779
https://www.toranjrestaurant.co.uk/shepherdsbush/,"own site (found by name, postcode verified)",Toranj,Hammersmith and Fulham,Shepherd's Bush,Restaurant,info@toranjrestaurant.co.uk,1,,"164 Goldhawk Road, London",W12 8HJ,food standards agency,,,https://ratings.food.gov.uk/business/1687771
https://www.tortilla.co.uk/restaurants/hammersmith,own site,Tortilla,Hammersmith and Fulham,Hammersmith,Mexican,hammersmith@tortilla.co.uk,1,+44 20 3909 0415,6a King Street,,openstreetmap,,,https://www.openstreetmap.org/node/4232415995
https://truthcafe.co.uk/,"own site (found by name, postcode verified)",Truth,Hammersmith and Fulham,Hammersmith,Cafe,truth@truthcafe.co.uk,1,,34 Fulham Palace Road,W6 9PH,openstreetmap,,,https://www.openstreetmap.org/way/224737391
https://www.thebreadbasketbakery.co.uk/cafe/,own site,Vanilla Bean Cafe,Hammersmith and Fulham,Fulham,Cafe,orders@thebreadbasketbakery.co.uk,1,+44 20 3158 6653,122 Dawes Road,SW6 7EG,openstreetmap,,,https://www.openstreetmap.org/node/14113237140
https://www.vardarshop.co.uk/,own site,Vardar,Hammersmith and Fulham,Shepherd's Bush,Deli,,1,+44 20 8743 3957,69 Askew Road,,openstreetmap,,,https://www.openstreetmap.org/node/8805728910
https://villabombay.co.uk/,own site,Villa Bombay,Hammersmith and Fulham,Fulham,Indian,info@villabombay.co.uk,1,+44 20 3196 2908,310 Munster Road,SW6 6BH,openstreetmap,,,https://www.openstreetmap.org/node/14134918933
http://www.vineleavestaverna.co.uk/,own site,Vine Leaves Taverna,Hammersmith and Fulham,Shepherd's Bush,Greek,,1,+44 20 8749 0325,71 Uxbridge Road,W12 8NR,openstreetmap,,,https://www.openstreetmap.org/node/3781046467
https://w6gardencentre.co.uk/cafe/,own site,W6 Garden Centre Cafe,Hammersmith and Fulham,Hammersmith,Breakfast,info@w6gc.co.uk,1,+44 20 8563 7112,Ravenscourt Avenue,W6 0SL,openstreetmap,,,https://www.openstreetmap.org/node/13812152001
https://www.wagamama.com/restaurants/london/white-city-westfield,own site,Wagamama,Hammersmith and Fulham,Shepherd's Bush,Asian,press@wagamama.com,1,,Ariel Way,W12 7GA,openstreetmap,,,https://www.openstreetmap.org/node/1496718868
https://www.wagamama.com/restaurants/london/hammersmith,own site,Wagamama,Hammersmith and Fulham,Hammersmith,Asian,press@wagamama.com,1,+44 20 8741 9814,244 Shepherds Bush Road,,openstreetmap,,,https://www.openstreetmap.org/node/9039657394
https://www.wagamama.com/restaurants/london/fulham-broadway,own site,Wagamama,Hammersmith and Fulham,Parsons Green,Asian,press@wagamama.com,1,+44 20 7386 8017,Fulham Broadway Centre,SW6 1BY,openstreetmap,,,https://www.openstreetmap.org/node/13564964650
https://www.jdwetherspoon.com/pubs/walham-green-fulham/,own site,Walham Green,Hammersmith and Fulham,Parsons Green,Pub,,1,,472 Fulham Road,SW6 1BY,openstreetmap,,,https://www.openstreetmap.org/way/87853299
https://www.seacc.uk/cafe/,own site,Walnut Tree Café,Hammersmith and Fulham,Parsons Green,Cafe,welcome@seacc.uk,1,,,,openstreetmap,,,https://www.openstreetmap.org/node/13705050548
https://www.wasabi.uk.com/location/hammersmith,own site,Wasabi,Hammersmith and Fulham,Hammersmith,Asian; Japanese,enquiries@wasabi.uk.com,1,+44 20 8748 8675,28 Broadway Shopping Centre,,openstreetmap,,,https://www.openstreetmap.org/node/9192910291
https://www.wendys.com/en-uk,own site,Wendy's,Hammersmith and Fulham,Parsons Green,Burger,,1,+44 20 4619 7225,563 Fulham Road,SW6 1ES,openstreetmap,,,https://www.openstreetmap.org/node/12785573077
https://wtfchippy.com/,own site,What The Fish,Hammersmith and Fulham,Hammersmith,Seafood,,2,+44 20 3876 6348,164 Shepherds Bush Road,,openstreetmap,,,https://www.openstreetmap.org/node/9033769860
https://wildthymelondon.com,own site,Wild Thyme London,Hammersmith and Fulham,Shepherd's Bush,Cafe,,1,+44 20 8354 9321,2b Thorpebank Road,W12 0PQ,openstreetmap,,,https://www.openstreetmap.org/way/927278950
https://www.withgustofulham.com/,own site,With Gusto,Hammersmith and Fulham,Fulham,Deli,,1,,96 Dawes Road,SW6 7EJ,openstreetmap,,,https://www.openstreetmap.org/node/14095613433
https://wolfpackbars.com/,own site,Wolfpack,Hammersmith and Fulham,Parsons Green,Pub,hello@wolfpackbars.com,1,+44 20 3561 8047,17 Vanston Place,SW6 1AY,openstreetmap,,,https://www.openstreetmap.org/node/364655175
https://woody-grill.com/shepherds-bush/,own site,Woody Grill,Hammersmith and Fulham,Shepherd's Bush,Restaurant,,1,+44 20 8749 9767,1 Uxbridge Road,,openstreetmap,,,https://www.openstreetmap.org/node/8669352624
https://www.yamalalsham.co.uk/,own site,Yamal AlSham,Hammersmith and Fulham,Sands End,Halal,,1,+44 20 3010 1100,5 The Boulevard,SW6 2UB,openstreetmap,,,https://www.openstreetmap.org/node/6767721994
https://www.yasminrestaurantbar.co.uk/,own site,Yasmin,Hammersmith and Fulham,Fulham,Restaurant,,1,+44 20 7385 5311,308 Munster Road,SW6 6BH,openstreetmap,,,https://www.openstreetmap.org/node/14134918934
https://yatrieuston.com/west-kensington/,own site,Yatri,Hammersmith and Fulham,West Kensington,Indian,yatrilondon@gmail.com,1,+44 20 4618 6257,297 North End Road,W14 9NS,openstreetmap,,,https://www.openstreetmap.org/node/14116168339
https://yucca-fulham.com/,own site,Yucca's,Hammersmith and Fulham,Parsons Green,Mexican,yuccafulham@gmail.com,1,+44 20 3080 0881,496 Fulham Road,SW6 5NH,openstreetmap,,,https://www.openstreetmap.org/node/11218899327
https://www.yumidon.co.uk/,"own site (found by name, postcode verified)",Yumidon,Hammersmith and Fulham,Hammersmith,Restaurant,hello@yumidon.co.uk,1,,"2 Rainville Road, London",W6 9HA,food standards agency,,,https://ratings.food.gov.uk/business/1845409
http://zeitzaatar.com/,own site,Zeit & Zaatar,Hammersmith and Fulham,Shepherd's Bush,Bakery,,1,+44 20 8746 9009,354 Uxbridge Road,,openstreetmap,,,https://www.openstreetmap.org/node/3781046878
https://zialucia.com/hammersmith/,own site,Zia Lucia,Hammersmith and Fulham,Hammersmith,Pizza,,1,+44 20 7371 4096,61 Blythe Road,,openstreetmap,,,https://www.openstreetmap.org/node/9141043260
https://zialucia.com/locations/chelsea/,own site,Zia Lucia,Hammersmith and Fulham,Parsons Green,Pizza,,1,+44 20 3822 0229,49 Fulham Broadway,SW6 1AE,openstreetmap,,,https://www.openstreetmap.org/node/14051899636
https://www.zizzi.co.uk/italian/restaurants/westfield-london-white-city,own site,Zizzi,Hammersmith and Fulham,Shepherd's Bush,Italian,feedback@zizzi.co.uk,1,+44 20 3802 6615,Ariel Way,W12 7GB,openstreetmap,wearezizzi,wearezizzi,https://www.openstreetmap.org/node/1492824650
https://www.dcocina.co.uk/,own site,​D'Cocina,Hammersmith and Fulham,Parsons Green,Asian,info@dcocina.co.uk,2,+44 20 3355 7326,374 North End Road,SW6 1LY,openstreetmap,,,https://www.openstreetmap.org/node/772052353
