email,name,borough,area,categories,website,other_emails,email_source,source,locations,phone,address,postcode,osm_url
hello@43kitchen.com,43 Szechuan Kitchen,Lambeth,Vauxhall,Asian; Chinese,https://www.43kitchen.com/,,venue website,openstreetmap,1,,43 South Lambeth Road,SW8 1RH,https://www.openstreetmap.org/node/12076676869
info@alaskawaterloo.com,Alaska Waterloo,Lambeth,Lambeth,Pub,https://www.alaskawaterloo.com/,,venue website,food standards agency,1,,"129 Alaska Street, London",SE1 8XE,https://ratings.food.gov.uk/business/1728758
info@alkalinejuicefactory.com,Alkaline Juice Factory,Lambeth,Brixton,Takeaway,https://alkalinejuicefactory.com/,,venue website,food standards agency,1,,"Ground Floor Right, 100 Brixton Hill, London",SW2 1AH,https://ratings.food.gov.uk/business/1789261
waterloo@auberge-restaurant.co.uk,Auberge,Lambeth,Lambeth,Restaurant,https://www.auberge-restaurant.co.uk/,,openstreetmap,openstreetmap,1,+44 20 7633 0610,1 Sandell Street,,https://www.openstreetmap.org/node/12977972702
deptford@badgerbadger.org,Badger Badger,Lambeth,West Norwood,Asian; Japanese; Pub,https://www.badgerbadger.org/,westnorwood@badgerbadger.org,venue website,openstreetmap,1,+44 20 8176 6257,543 Norwood Road,SE27 9DL,https://www.openstreetmap.org/node/3637918315
james.hatts@banksidepress.com,Bankside Cafe,Lambeth,Lambeth,Cafe,https://www.london-se1.co.uk/restaurants/info/588/bankside-cafe,,openstreetmap,openstreetmap,1,+44 20 7928 1118,4 Hatfields,SE1 8DQ,https://www.openstreetmap.org/node/4362474890
baskstreetboys@gmail.com,Bask Street Boys,Lambeth,Clapham,Restaurant,https://baskstreetboys.com/,,venue website,food standards agency,1,,"The Coach And Horses, 173 - 175 Clapham Park Road, London",SW4 7EX,https://ratings.food.gov.uk/business/1956326
info@beefking.co.uk,Beef King,Lambeth,Brixton,Takeaway,https://beefking.co.uk/,,venue website,food standards agency,1,,"128 Acre Lane, London",SW2 5RJ,https://ratings.food.gov.uk/business/1877955
info@beeyondcafe.com,Beeyond,Lambeth,Lambeth,Cafe,https://beeyondcafe.com/,,openstreetmap,openstreetmap,1,+447594705020,2 Hercules Road,SE1 7DP,https://www.openstreetmap.org/node/4270689596
bfi@benugo.com,BFI Café,Lambeth,Lambeth,Bakery; Deli,https://www.benugo.com/sites/cafes/bfi-cafe/,,openstreetmap,openstreetmap,1,,,,https://www.openstreetmap.org/node/9981829360
riverfront@benugo.com,BFI Riverfront,Lambeth,Lambeth,Burger; Pizza; Seafood,https://www.benugo.com/sites/restaurants/bfi-riverfront/,,venue website,openstreetmap,1,,,SE1 8XT,https://www.openstreetmap.org/node/11216593881
theblackprincepub@hotmail.com,Black Prince,Lambeth,Kennington,Pub,https://www.theblackprincepub.co.uk/,,venue website,openstreetmap,1,,6 Black Prince Road,SE11 6HS,https://www.openstreetmap.org/way/97202478
hello@bleecker.co.uk,Bleecker,Lambeth,Lambeth,Takeaway,https://www.bleeckerburger.co.uk/,camden@bleecker.co.uk,venue website,openstreetmap,6,,,,https://www.openstreetmap.org/node/5009816422
info@blocfit.co.uk,Blocfit,Lambeth,Brixton,Restaurant,https://www.blocfit.co.uk/,,venue website,food standards agency,1,,"Arch 266, Coldharbour Lane, London",SW9 8RR,https://ratings.food.gov.uk/business/1823544
info@bombaybicyclechef.com,Bombay Bicycle Chef,Lambeth,Stockwell,Takeaway,https://www.bombaybicyclechef.com/,,venue website,food standards agency,2,,"28 Queenstown Road, London",SW8 3RX,https://ratings.food.gov.uk/business/484400
reservations@bottleandrye.com,Bottle And Rye,Lambeth,Brixton,Restaurant,https://www.bottleandrye.com/,,venue website,food standards agency,1,,"404 Coldharbour Lane, London",SW9 8LF,https://ratings.food.gov.uk/business/1523546
bookings@boulebar.co.uk,Boulebar South Bank,Lambeth,Lambeth,American; Burger; Halal; Ice cream; Mexican,https://www.boulebar.co.uk/,,openstreetmap,openstreetmap,3,+4420 3763 3610,101 Upper Ground,SE1 9PP,https://www.openstreetmap.org/way/1386150703
dine@toulouselautrec.co.uk,Brasserie Toulouse Lautrec,Lambeth,Kennington,French,https://toulouselautrec.co.uk/,,venue website,openstreetmap,1,+44 20 7582 6800,140 Newington Butts,SE11 4RN,https://www.openstreetmap.org/node/3306047204
waterloobookings@brewdog.com,BrewDog,Lambeth,Lambeth,Pub,https://drink.brewdog.com/uk/brewdog-waterloo,,venue website,openstreetmap,2,,1 The Sidings,,https://www.openstreetmap.org/node/9962758030
info@brixtonbrewery.com,Brixton Brewery Tap Room,Lambeth,Brixton,Pub,https://brixtonbrewery.com/pages/taproom,taproom@brixtonbrewery.com; protectingyourdata@brixtonbrewery.com; customer.services@brixtonbrewery.com,venue website,openstreetmap,1,,548 Brixton Station Road,SW9 8PF,https://www.openstreetmap.org/node/10087011293
bluejaybrixton@gmail.com,Brixton Cornercopia,Lambeth,Brixton,Restaurant,https://www.brixtoncornercopia.co.uk/,,venue website,openstreetmap,1,,Coldharbour Lane,SW9 8PS,https://www.openstreetmap.org/way/324121442
bookings@brixtonjamm.org,Brixton Jamm,Lambeth,Stockwell,Pub,https://brixtonjamm.org/,info@brixtonjamm.org; lost@brixtonjamm.org,venue website,openstreetmap,1,,261 Brixton Road,SW9 6LH,https://www.openstreetmap.org/node/279391479
brooksandgao@icloud.com,Brooks & Gao,Lambeth,Streatham,Cafe,https://www.brooksandgao.com/,,venue website,openstreetmap,1,,Streatham High Road,SW16 1EX,https://www.openstreetmap.org/node/11618430818
restaurant@brunswickhouse.london,Brunswick House Cafe,Lambeth,Vauxhall,Restaurant,https://brunswickhouse.london,events@brunswickhouse.london,openstreetmap,openstreetmap,1,+44 20 77202926,30 Wandsworth Road,SW8 2LG,https://www.openstreetmap.org/way/190845696
hello@bunheadbakery.com,Bunhead Bakery,Lambeth,Herne Hill,Bakery,https://www.bunheadbakery.com/,,openstreetmap,openstreetmap,1,+44 7447 677548,145 Dulwich Road,SE24 0NG,https://www.openstreetmap.org/node/12600335801
info@banhbanh.com,Bánh Bánh,Lambeth,Brixton,Asian,https://www.banhbanh.com,,venue website,openstreetmap,1,,326 Coldharbour Lane,SW9 8QH,https://www.openstreetmap.org/node/2252257467
cafebarcelonalondon@gmail.com,Cafe Barcelona,Lambeth,Streatham,Restaurant,https://cafebarcelonalondon.co.uk/,,venue website,food standards agency,1,,"344A Streatham High Road, London",SW16 6HH,https://ratings.food.gov.uk/business/690928
hello@cafepod.com,CafePod Coffee,Lambeth,Clapham,Cafe,https://www.cafepod.com,,venue website,openstreetmap,1,+44 7722 181603,27 Abbeville Road,SW4 9LA,https://www.openstreetmap.org/node/2848395202
enquiries@camelandartichoke.com,Camel & Artichoke,Lambeth,Lambeth,Pub,https://camelandartichoke.co.uk/,,openstreetmap,openstreetmap,1,+44 20 7620 3296,121 Lower Marsh,SE1 7AE,https://www.openstreetmap.org/node/13116885908
4fratelli.caprini@gmail.com,Caprini,Lambeth,Lambeth,Restaurant,https://www.4fratellicaprini.co.uk/,,venue website,food standards agency,1,,"77 Waterloo Road, London, LONDON",SE1 8UD,https://ratings.food.gov.uk/business/1402478
ceylonrocks@gmail.com,Ceylon Rocks,Lambeth,Stockwell,Restaurant,https://ceylonrocks.co.uk/,,venue website,food standards agency,1,,"19 Landor Road, London",SW9 9RT,https://ratings.food.gov.uk/business/1789264
info@chinagardenexpress.co.uk,China Garden Express,Lambeth,Clapham,Takeaway,https://www.chinagardenexpress.co.uk/clapham/,,venue website,food standards agency,1,,"11 North Street, London",SW4 0HN,https://ratings.food.gov.uk/business/1809358
london@chinolatino.co.uk,Chino Latino,Lambeth,Lambeth,Asian; Chinese; Mexican,https://chinolatino.co.uk/locations/london/,,openstreetmap,openstreetmap,1,+44 20 7769 2500,Albert Embankment,SE1 7TJ,https://www.openstreetmap.org/node/12644933101
kieran@chipshopbxtn.com,Chip Shop BXTN Ltd,Lambeth,Brixton,Restaurant,https://www.chipshopbxtn.com/,,venue website,food standards agency,1,,"378 Coldharbour Lane, London",SW9 8LF,https://ratings.food.gov.uk/business/950568
info@chocolatedino.com,Chocolate Dino Company,Lambeth,Lambeth,Restaurant,https://chocolatedino.com/,,venue website,food standards agency,1,,"36 Kennington Road, London",SE1 7BL,https://ratings.food.gov.uk/business/1754271
office@ciaobrixton.com,Ciao Brixton,Lambeth,Brixton,Restaurant,https://www.ciaobrixton.com/,,venue website,food standards agency,1,,"Ground Floor, 105 Brixton Hill, London",SW2 1AA,https://ratings.food.gov.uk/business/1910694
pizza@civico105.com,Civico 105,Lambeth,Brixton,Restaurant,https://www.civico105.com/,,venue website,food standards agency,1,,"105 Brixton Hill, London",SW2 1AA,https://ratings.food.gov.uk/business/1986527
info@climbinggymsen.co.uk,Climbing Gym Sen,Lambeth,Lambeth,Restaurant,https://www.climbinggymsen.co.uk/,,venue website,food standards agency,1,,"Arch 210, Newnham Terrace, London",SE1 7DR,https://ratings.food.gov.uk/business/1870243
membership@kenningtonpark.org,Collective,Lambeth,Oval,Pizza,https://www.kenningtonpark.org/cafe,,venue website,openstreetmap,1,,,,https://www.openstreetmap.org/way/79401465
info@conuco.co.uk,Conuco,Lambeth,Oval,Cafe,https://www.conuco.co.uk,,venue website,openstreetmap,1,+447999675770,14 Brixton Road,SW9 6BU,https://www.openstreetmap.org/node/4237228443
info@crackcookies.co.uk,Crack Cookies,Lambeth,Clapham,Restaurant,https://www.crackcookies.co.uk/,,venue website,food standards agency,1,,"82 Clapham High Street, London",SW4 7UL,https://ratings.food.gov.uk/business/1982963
brixton@creamscafe.com,Creams,Lambeth,Brixton,Ice cream,https://www.creamscafe.com/our-stores/london-brixton/,,openstreetmap,openstreetmap,1,+44 20 7738 4002,392-394 Brixton Road,SW9 7AW,https://www.openstreetmap.org/node/3041743276
manager@crownandanchorbrixton.co.uk,Crown & Anchor,Lambeth,Stockwell,Pub,https://crownandanchorbrixton.co.uk,,venue website,openstreetmap,1,,246 Brixton Road,SW9 6AQ,https://www.openstreetmap.org/node/261245915
crownandcushionpub@gmail.com,Crown & Cushion,Lambeth,Lambeth,Pub,https://www.thecrownandcushion-london.foodanddrinksites.co.uk/,byalongchalk@gmail.com,openstreetmap,openstreetmap,1,+44 20 7803 0573,133-135 Westminster Bridge Road,SE1 7HR,https://www.openstreetmap.org/node/25510381
reservations@cubana.co.uk,Cubana,Lambeth,Lambeth,Restaurant,https://www.cubana.co.uk/find-us/,,venue website,openstreetmap,1,+44 7474 968275,47-48 Lower Marsh,SE1 7RG,https://www.openstreetmap.org/node/587754447
info@cuppapoint.com,Cuppa Point,Lambeth,Stockwell,Restaurant,https://cuppapoint.com/,imfarazmundia@gmail.com,venue website,food standards agency,1,,"156 Stockwell Road, London",SW9 9TQ,https://ratings.food.gov.uk/business/1935520
royalfestivalhall@cote.co.uk,Côte Brasserie,Lambeth,Lambeth,French,https://www.cote.co.uk/restaurant/royal-festival-hall,,venue website,openstreetmap,1,+44 20 3846 5606,Belvedere Road,SE1 8XX,https://www.openstreetmap.org/node/282686486
sales@dvinecellars.com,D Vine Cellars,Lambeth,Clapham,Pub,https://dvinecellars.com/,,venue website,food standards agency,1,,"1 Voltaire Road, London",SW4 6DQ,https://ratings.food.gov.uk/business/981143
hello@danclairskitchenbrixton.co.uk,Danclair's Kitchen,Lambeth,Brixton,Restaurant,https://danclairskitchenbrixton.co.uk/,,venue website,food standards agency,1,,"67 - 68 Granville Arcade, Coldharbour Lane, London",SW9 8PS,https://ratings.food.gov.uk/business/1752799
info@davids-deli.co.uk,David's Deli,Lambeth,Streatham,Deli,https://www.davids-deli.co.uk/,,openstreetmap,openstreetmap,2,,1 Ellison Road,,https://www.openstreetmap.org/node/11688752925
bookingswaterloo@draughtslondon.com,Draughts,Lambeth,Lambeth,Cafe,https://www.draughtslondon.com,,venue website,openstreetmap,2,,Arch 16 Leake Street,SE1 7NN,https://www.openstreetmap.org/node/7717861385
info@eatofeden.co.uk,Eat of Eden,Lambeth,Brixton,Restaurant,https://eatofeden.co.uk/,,venue website,openstreetmap,2,+44 20 7737 7566,Coldharbour Lane,SW9 8PR,https://www.openstreetmap.org/node/7637750393
effrasocial@portobellobrewery.com,Effra Social,Lambeth,Brixton,Pub,https://effrasocial.com/,,openstreetmap,openstreetmap,1,+44 20 7737 6800,89 Effra Road,SW2 1DF,https://www.openstreetmap.org/way/298087465
info_streatham@elchicos.co.uk,El Chico's,Lambeth,Streatham,Mexican,https://www.elchicos.co.uk/,,venue website,openstreetmap,1,,62 Streatham High Road,SW16 1DA,https://www.openstreetmap.org/node/11383287248
info@fmondayscoffee.com,F. Mondays Coffee,Lambeth,Brixton,Restaurant,https://www.fmondayscoffee.com/,,venue website,food standards agency,1,,"436 Coldharbour Lane, London",SW9 8FN,https://ratings.food.gov.uk/business/1628262
info@fabrizio2go.co.uk,Fabrizio 2 Go,Lambeth,Clapham,Takeaway,https://fabrizio2go.co.uk/,,venue website,food standards agency,1,,"1 Union Road, London",SW4 6JH,https://ratings.food.gov.uk/business/1393058
reservations@fancyfunkinchicken.com,Fancy Funkin Chicken,Lambeth,Brixton,Restaurant,http://fancyfunkinchicken.com,,openstreetmap,openstreetmap,1,+44 20 7733 0108,441 Coldharbour Lane,SW9 8LN,https://www.openstreetmap.org/node/4794842221
info@fergani.co.uk,Fergani (Cafe),Lambeth,Stockwell,Restaurant,https://fergani.co.uk/,contact@fergani.co.uk,venue website,food standards agency,1,,"383 Wandsworth Road, London",SW8 2JL,https://ratings.food.gov.uk/business/1904703
enquiries@finchwinebar.com,Finch Wine Bar,Lambeth,Brixton,Pub,https://www.finchwinebar.com/,,venue website,food standards agency,1,,"Unit 89, Granville Arcade, Coldharbour Lane",SW9 8PS,https://ratings.food.gov.uk/business/1960583
enquires@firecracker.uk.com,Firecracker,Lambeth,Kennington,Restaurant,https://www.firecracker.uk.com/,,venue website,openstreetmap,2,+44 20 7820 8280,1-5 Windmill Row,SE11 5DW,https://www.openstreetmap.org/node/10804881028
fishwingstings@gmail.com,"Fish, Wings and Tings",Lambeth,Brixton,Seafood,https://fishwingsandtings.co.uk/,,venue website,openstreetmap,1,,3 Coldharbour Lane,SW9 8PR,https://www.openstreetmap.org/way/324121458
fishbowlbrixton@gmail.com,Fishbowl,Lambeth,Brixton,Seafood,https://fishbowlbrixton.com/,,venue website,openstreetmap,1,,5 Atlantic Road,SW9 8HX,https://www.openstreetmap.org/way/326311945
admin@thefishcotheque.com,Fishcotheque,Lambeth,Lambeth,Seafood,https://thefishcotheque.com/,,openstreetmap,openstreetmap,1,+44 20 7803 9892,79A Waterloo Road,SE1 8UD,https://www.openstreetmap.org/node/5339935734
hello@forzawine.com,Forza Wine,Lambeth,Lambeth,Restaurant,https://forzawine.com/,events@forzawine.com; peckham@forzawine.com; nationaltheatre@forzawine.com; soho@forzawine.com,venue website,food standards agency,3,,"Royal National Theatre, South Bank, London",SE1 9PX,https://ratings.food.gov.uk/business/1808990
info@fruttocafe.com,Frutto Cafe,Lambeth,Brixton,Takeaway,https://www.fruttocafe.com/,nabil@fruttocafe.com; franchise@fruttocafe.com,venue website,food standards agency,1,,"Unit 37, 422 Brixton Road, London",SW9 7AE,https://ratings.food.gov.uk/business/1424410
info@ghostwhalelondon.com,Ghost Whale,Lambeth,Brixton,Pub,https://www.ghostwhalelondon.com,jobongardphoto@gmail.com,venue website,openstreetmap,1,+44 20 7207 1641,70 Atlantic Road,SW9 8PX,https://www.openstreetmap.org/node/11006274641
enquiries@rootsandberries.co.uk,Glassmakers Cafe,Lambeth,Herne Hill,Breakfast,https://www.theglassmakerscafe.co.uk,,venue website,openstreetmap,2,,Brockwell Park Gardens,,https://www.openstreetmap.org/way/5012632
gabrielswharf@gourmetpizzacompany.co.uk,Gourmet Pizza,Lambeth,Lambeth,Pizza,https://www.gourmetpizzacompany.co.uk/southbank/,,venue website,openstreetmap,1,,56 Upper Ground,SE1 9PP,https://www.openstreetmap.org/node/13409071870
hello@greencactuscoffee.com,Green Cactus Coffee,Lambeth,Tulse Hill,Cafe,https://www.greencactuscoffee.com/,,venue website,openstreetmap,1,,178a Norwood Road,SE27 9AU,https://www.openstreetmap.org/node/13236861473
info@greensmiths.co.uk,Greensmiths,Lambeth,Lambeth,Restaurant,https://greensmiths.co.uk/,,venue website,food standards agency,1,,"27 Lower Marsh, London",SE1 7RG,https://ratings.food.gov.uk/business/484290
thegrosvenorarmsbrixton@gmail.com,Grosvenor Arms,Lambeth,Stockwell,Pizza; Pub,https://www.thegrosvenorarmsbrixton.com/,,venue website,openstreetmap,1,,17 Sidney Road,SW9 0TP,https://www.openstreetmap.org/node/9316184134
bookings@hararrestaurant.co.uk,Harar,Lambeth,Vauxhall,Restaurant,https://hararrestaurant.co.uk/,,venue website,openstreetmap,1,+44 20 7735 8915,49 South Lambeth Road,SW8 1RH,https://www.openstreetmap.org/node/11113835447
hello@healthyeaters.co.uk,Healthy Eaters,Lambeth,Brixton,Restaurant,https://healthyeaters.co.uk/,,venue website,openstreetmap,1,,17 Electric Avenue,SW9 8JP,https://www.openstreetmap.org/node/2949123134
tablebookings@hootanannybrixton.co.uk,Hootananny,Lambeth,Brixton,Pub,https://hootanannybrixton.co.uk/,,venue website,food standards agency,2,,"95 Effra Road, London",SW2 1DF,https://ratings.food.gov.uk/business/483560
info@ilmaremmano.com,Il Maremmano,Lambeth,Brixton,Restaurant,https://www.ilmaremmano.com/,,venue website,food standards agency,1,,"19 Tulse Hill, London",SW2 2TH,https://ratings.food.gov.uk/business/1831579
info@ivyandthewolf.com,"Ivy and the Wolf – Plant Shop, Homeware & Café",Lambeth,West Dulwich,Cafe,https://ivyandthewolf.com,,venue website,openstreetmap,1,,59-61 Westow Hill,,https://www.openstreetmap.org/way/194212847
jihwaja.uk@gmail.com,Jihwaja,Lambeth,Oval,Asian; Korean,https://www.jihwaja.co.uk/,,venue website,openstreetmap,1,,353 Kennington Lane,SE11 5QY,https://www.openstreetmap.org/node/4174264289
admin@katakatabrixton.com,Katakata,Lambeth,Brixton,Restaurant,https://katakatabrixton.com/,,venue website,food standards agency,1,,"Right, 132 Brixton Hill, London",SW2 1RS,https://ratings.food.gov.uk/business/858070
info@kavalocalcoffee.co.uk,Kava Local Coffee,Lambeth,Lambeth,Restaurant,https://kavalocalcoffee.co.uk/,,venue website,food standards agency,2,,"Unit G15, The Sidings, Waterloo Station",SE1 7BH,https://ratings.food.gov.uk/business/1940198
knowles@portobellobrewery.com,Knowles of Norwood,Lambeth,West Norwood,Pub,https://knowlesofnorwood.co.uk/,,openstreetmap,openstreetmap,1,+44 20 8670 4284,294-296 Norwood Road,SE27 9AF,https://www.openstreetmap.org/node/4232481693
info@koiramenbar.co.uk,Koi Ramen Bar,Lambeth,Brixton,Asian; Japanese,https://koiramenbar.co.uk/,,venue website,openstreetmap,5,,8 Brixton Station Road,SW9 8PD,https://www.openstreetmap.org/node/13396462746
hello@kricketrestaurants.com,Kricket,Lambeth,Brixton,Restaurant,https://kricket.co.uk/,hello@kricket.co.uk; press@kricketrestaurants.com,venue website,food standards agency,2,,"Arches, 41 - 43 Atlantic Road, London",SW9 8JL,https://ratings.food.gov.uk/business/1059452
kumakennington@gmail.com,Kuma,Lambeth,Kennington,Asian; Japanese; Korean,https://kumarestaurant.co.uk,kumadelicious@gmail.com,openstreetmap,openstreetmap,1,+44 20 7587 5222,305 Kennington Road,SE11 4QE,https://www.openstreetmap.org/node/2707259895
info@cucina-restaurant.com,La Cucina Di Mamma,Lambeth,Lambeth,Italian,https://cucina-restaurant.com/,,openstreetmap,openstreetmap,1,+44 20 7921 9352,"3j, 3k Belvedere Road",SE1 7GQ,https://www.openstreetmap.org/node/587775005
basingstoke@iguanas.co.uk,Las Iguanas,Lambeth,Lambeth,Restaurant,https://www.iguanas.co.uk/restaurants/london-royal-festival-hall/,bath@iguanas.co.uk; birmingham@iguanas.co.uk; brindleyplace@iguanas.co.uk; resortsworld@iguanas.co.uk; templestreet@iguanas.co.uk; bolton@iguanas.co.uk; bracknell@iguanas.co.uk; brighton@iguanas.co.uk; cribbscauseway@iguanas.co.uk; cambridge@iguanas.co.uk; canterbury@iguanas.co.uk; mermaidquay@iguanas.co.uk; cardiff@iguanas.co.uk; elveden@iguanas.co.uk; longleat@iguanas.co.uk; sherwood@iguanas.co.uk; woburn@iguanas.co.uk; chelmsford@iguanas.co.uk; coventry@iguanas.co.uk; lakeside@iguanas.co.uk; leicester@iguanas.co.uk; liverpool@iguanas.co.uk; livingston@iguanas.co.uk; o2@iguanas.co.uk; wembley@iguanas.co.uk; deansgate@iguanas.co.uk; miltonkeynes@iguanas.co.uk; newcastle@iguanas.co.uk; newport@iguanas.co.uk; nottingham@iguanas.co.uk; peterborough@iguanas.co.uk; plymouth@iguanas.co.uk; gunwharf@iguanas.co.uk; reading@iguanas.co.uk; meadowhall@iguanas.co.uk; southampton@iguanas.co.uk; swansea@iguanas.co.uk; torquay@iguanas.co.uk; watford@iguanas.co.uk; bristol.hs@iguanas.co.uk,venue website,openstreetmap,2,+44 20 7620 1328,Festival Terrace,SE1 8XX,https://www.openstreetmap.org/node/247957988
bookings@lasdunrestaurant.com,Lasdun,Lambeth,Lambeth,Restaurant,https://www.lasdunrestaurant.com/,,venue website,food standards agency,1,,"Royal National Theatre, Upper Ground, London",SE1 9PX,https://ratings.food.gov.uk/business/1847711
info@eatlebab.com,Le Bab,Lambeth,Brixton,Restaurant,https://www.eatlebab.com,,venue website,openstreetmap,8,,408 Coldharbour Lane,SW9 8LF,https://www.openstreetmap.org/way/321929828
office@lievitomadre.co.uk,Lievito madre,Lambeth,Clapham,Pizza,https://lievitomadre.co.uk,,venue website,openstreetmap,1,+44 7794 355667,181 Clapham Manor Street,,https://www.openstreetmap.org/node/12093780832
bookings@llewelyns-restaurant.co.uk,Llewelyn's,Lambeth,Herne Hill,Restaurant,https://llewelyns-restaurant.co.uk/,,venue website,openstreetmap,1,,293-295 Railton Road,SE24 0JP,https://www.openstreetmap.org/node/705083497
bookings@lorenzo.uk.com,Lorenzo,Lambeth,Gipsy Hill,Italian,https://www.lorenzo.uk.com,,venue website,openstreetmap,2,+44 20 8761 7485,73 Westow Hill,SE19 1TX,https://www.openstreetmap.org/way/194212858
reservation@restaurantelusitania.co.uk,Lusitania,Lambeth,Stockwell,Restaurant,https://www.restaurantelusitania.co.uk/,,venue website,openstreetmap,1,+44 20 7787 0600,353 Wandsworth Road,SW8 2JH,https://www.openstreetmap.org/way/1049309155
admin@maharaniclapham.co.uk,Maharani,Lambeth,Clapham,Indian,https://maharaniclapham.co.uk/,,venue website,openstreetmap,1,,117 Clapham High Street,SW4 7TB,https://www.openstreetmap.org/node/1111040109
mamalancentral@gmail.com,Mama Lan,Lambeth,Brixton,Restaurant,https://mamalan.co.uk/,,venue website,food standards agency,1,,"18 Granville Arcade, Coldharbour Lane, London",SW9 8PR,https://ratings.food.gov.uk/business/483741
info@mammaspizzabrixton.co.uk,Mamma's Pizza,Lambeth,Brixton,Pizza,https://www.mammaspizzabrixton.co.uk,,venue website,openstreetmap,1,+44 20 8678 7878,88 Brixton Hill,SW2 1QN,https://www.openstreetmap.org/node/292011853
info@mamuska.net,Mamuska!,Lambeth,Lambeth,Restaurant,https://mamuska.net,,openstreetmap,openstreetmap,1,+44 20 3602 1898,9 Addington Street,SE1 7RY,https://www.openstreetmap.org/node/6429327325
info@maremmarestaurant.com,Maremma,Lambeth,Brixton,Italian,https://maremmarestaurant.com,,openstreetmap,openstreetmap,1,+44 20 3186 4011,36 Brixton Water Lane,SW2 1PE,https://www.openstreetmap.org/node/11256161480
booking@maximoitalianbistrot.co.uk,Maximo;Maximo Italian Bistro,Lambeth,Kennington,French; Italian,https://www.maximoitalianbistrot.co.uk/,,openstreetmap,openstreetmap,1,,58 Kennington Park Road,SE11 4RS,https://www.openstreetmap.org/node/3796261417
info@metropolisfoodhall.com,Metropolis Food Hall,Lambeth,Lambeth,Food court,https://www.metropolisfoodhall.com/locations/vauxhall,ruth@metropolisfoodhall.com,venue website,openstreetmap,1,,Albert Embankment,SE1 7TP,https://www.openstreetmap.org/node/12846555485
mexclubuk@gmail.com,Mexclub,Lambeth,Lambeth,Restaurant,https://mexclub.co.uk/,,venue website,food standards agency,1,,"Royal National Theatre, Upper Ground, London",SE1 9PX,https://ratings.food.gov.uk/business/1875601
hello@mikosgyros.co.uk,Mikos Gyros,Lambeth,Brixton,Greek,https://www.mikosgyros.com,,openstreetmap,openstreetmap,1,,218 Coldharbour Lane,,https://www.openstreetmap.org/node/12972066409
info@minnowclapham.co.uk,Minnow,Lambeth,Clapham,Restaurant,https://minnowclapham.co.uk/,,venue website,openstreetmap,1,,21 The Pavement,SW4 0HY,https://www.openstreetmap.org/node/5303059306
info@monkeyleafcafe.com,Monkey Leaf Cafe,Lambeth,Streatham,Restaurant,https://www.monkeyleafcafe.com/,,venue website,food standards agency,1,,"9 Leigham Hall Parade, Streatham High Road, London",SW16 1DR,https://ratings.food.gov.uk/business/1531869
hello@moonstruck.cafe,Moonstruck Cafe,Lambeth,Oval,Breakfast,https://www.moonstruck.cafe,,openstreetmap,openstreetmap,1,+44 20 3900 2413,153 South Lambeth Road,SW8 1XN,https://www.openstreetmap.org/node/11697659984
info@muan.uk,muan,Lambeth,Brixton,Asian,https://www.muan.uk/,,openstreetmap,openstreetmap,1,,52-53 Coldharbour Lane,SW9 8PS,https://www.openstreetmap.org/node/12640657201
naughtypiglets@gmail.com,Naughty Piglets,Lambeth,Brixton,French,https://naughtypiglets.co.uk,,venue website,openstreetmap,1,+44 20 7274 7796,28 Brixton Water Lane,SW2 1PE,https://www.openstreetmap.org/node/3822483362
roberto@nedsnoodlebar.com,Neds Noodle Bar,Lambeth,Lambeth,Takeaway,https://www.nedsnoodlebar.com/,feedme@nedsnoodlebar.com,venue website,openstreetmap,1,,3E Belvedere Road,SE1 7GQ,https://www.openstreetmap.org/node/544464087
mayfair@ristoranteolivelli.co.uk,Olivelli,Lambeth,Lambeth,Italian,https://ristoranteolivelli.co.uk/,waterloo@ristoranteolivelli.co.uk; dulwich@ristoranteolivelli.co.uk,venue website,openstreetmap,3,,61 The Cut,SE1 8LL,https://www.openstreetmap.org/node/587746213
account@olivesandmeze.co.uk,Olives And Meze,Lambeth,Clapham,Restaurant,https://www.olivesandmeze.co.uk/,,venue website,food standards agency,2,,"Business, 131 Clapham High Street, London",SW4 7SS,https://ratings.food.gov.uk/business/729725
otclapham@aol.com,Osteria Toscana,Lambeth,Clapham,Italian,https://www.osteriatoscana.co.uk/,,venue website,food standards agency,1,,"31 Abbeville Road, London",SW4 9LA,https://ratings.food.gov.uk/business/1368151
hello@paper-stories.co.uk,Paper Stories,Lambeth,West Norwood,Breakfast,https://www.paper-stories.co.uk/,nhello@paper-stories.co.uk,venue website,openstreetmap,1,,234a Gipsy Road,SE27 9RB,https://www.openstreetmap.org/way/1013253003
hello@peartreecafe.co.uk,Pear Tree Cafe,Lambeth,Clapham,Bakery; Ice cream; Italian; Pizza,https://www.peartreecafe.co.uk/,,venue website,openstreetmap,2,+44 20 7924 2429,,,https://www.openstreetmap.org/node/300435152
bookings@phonox.co.uk,Phonox,Lambeth,Brixton,Pub,https://phonox.co.uk/,info@phonox.co.uk; lostproperty@phonox.co.uk,venue website,food standards agency,1,,"418 Brixton Road, London",SW9 7AY,https://ratings.food.gov.uk/business/1059465
info@pintaderacafe.co.uk,Pintadera,Lambeth,West Norwood,Italian,https://www.pintaderacafe.co.uk/,,venue website,openstreetmap,1,+44 20 3638 2172,50 Knight's Hill,SE27 0JD,https://www.openstreetmap.org/node/3170310062
nadya@ricoburrito.co.uk,Rico Burrito,Lambeth,Lambeth,Food truck; Mexican,https://ricoburrito.co.uk/,,venue website,food standards agency,1,,"101 Upper Ground, London",SE1 9PP,https://ratings.food.gov.uk/business/1690355
info@friendsofruskinpark.org.uk,Ruskin Park Cafe,Lambeth,Brixton,Cafe,https://www.friendsofruskinpark.org.uk/ruskinparkcafe/,volunteering@friendsofruskinpark.org.uk,venue website,openstreetmap,1,,Denmark Hill,SE5 8EL,https://www.openstreetmap.org/way/590291394
mark@sallywhite.co.uk,Sally White,Lambeth,Kennington,Cafe,https://www.sallywhite.co.uk,,openstreetmap,openstreetmap,1,+44 20 7582 0066,353 Kennington Road,SE11 4QE,https://www.openstreetmap.org/node/4237856433
info@sanmarinobrixton.com,San Marino,Lambeth,Brixton,Italian,https://www.sanmarinobrixton.com/,sanmarinobrixton@yahoo.com,venue website,openstreetmap,1,,413 Brixton Road,SW9 7DG,https://www.openstreetmap.org/node/705212455
hello@siamniyom.co.uk,SIAM Niyom,Lambeth,Tulse Hill,Asian,https://www.siamniyom.co.uk/,,openstreetmap,openstreetmap,1,+44 20 8678 8999; +44 7365 954295,347 Norwood Road,SE27 9BQ,https://www.openstreetmap.org/node/5141559355
smashandgrill@gmail.com,Smash & Grill,Lambeth,Oval,Burger,http://www.smashandgrill.co.uk,,venue website,openstreetmap,1,+44 20 7735 1898,32 Clapham Road,SW9 0JQ,https://www.openstreetmap.org/node/13043531993
reservations@sorellarestaurant.co.uk,Sorella,Lambeth,Clapham,Italian,https://www.sorellarestaurant.co.uk/,,venue website,openstreetmap,1,,148 Clapham Manor Street,,https://www.openstreetmap.org/node/5449546322
info@sorrento-norwood.com,Sorrento,Lambeth,West Norwood,Italian,https://sorrento-norwood.com/,,venue website,openstreetmap,1,,376 Norwood Road,SE27 9AA,https://www.openstreetmap.org/node/522089531
info@sportsbarandgrill.co.uk,Sports Bar & Grill,Lambeth,Lambeth,Restaurant,https://sportsbarandgrill.co.uk/,,openstreetmap,openstreetmap,1,+44 20 7928 1898,"The Balcony, Waterloo Railway Station",SE1 7LY,https://www.openstreetmap.org/way/428337508
contact@skvp.co.uk,Sree Krishna Vada Pav,Lambeth,Vauxhall,Indian,https://skvp.co.uk/,,venue website,openstreetmap,2,+44 2085722269,Arch 54 South Lambeth Road,SW8 1SS,https://www.openstreetmap.org/node/2753773340
waterloo@stickymango.co.uk,Sticky Mango,Lambeth,Lambeth,Restaurant,https://www.stickymango.co.uk/,,venue website,food standards agency,2,,"33 Coin Street, London",SE1 9NR,https://ratings.food.gov.uk/business/1199332
info@stircoffee.co.uk,Stir Coffee,Lambeth,Brixton,Restaurant,https://www.stircoffee.co.uk/,,venue website,food standards agency,1,,"Ground Floor, 111 Brixton Hill, London",SW2 1AA,https://ratings.food.gov.uk/business/844310
info@streathamkitchen.com,Streatham Kitchen,Lambeth,Streatham,Takeaway,https://www.streathamkitchen.com/,streathamkitchen@gmail.com,venue website,food standards agency,1,,"20 Mitcham Lane, London",SW16 6NN,https://ratings.food.gov.uk/business/1046769
hello@sushirevolution.co.uk,Sushi Revolution,Lambeth,Brixton,Asian; Sushi,https://www.sushirevolution.co.uk,,openstreetmap,openstreetmap,1,+44 20 4537 4331,240 Ferndale Road,SW9 8FR,https://www.openstreetmap.org/node/4649408363
hello@sweetcarolinakb.co.uk,Sweet Carolina,Lambeth,West Norwood,Cafe,https://www.sweetcarolinakb.co.uk/,,openstreetmap,openstreetmap,1,,2 Knight's Hill,SE27 0HY,https://www.openstreetmap.org/node/2997557695
ahoy@tdock.co.uk,Tamesis Dock,Lambeth,Lambeth,Pub,https://www.tdock.co.uk,,venue website,openstreetmap,1,+44 20 7582 1066,Albert Embankment,SE1 7TY,https://www.openstreetmap.org/way/100674156
info@tarorestaurants.uk,Taro,Lambeth,Oval,Asian; Japanese,https://tarorestaurants.uk/,,openstreetmap,openstreetmap,1,+44 20 7735 7772,412 Kennington Road,SE11 4PT,https://www.openstreetmap.org/node/3323785973
info@tawaroti.com,Tawa Roti,Lambeth,Clapham,Restaurant,https://tawaroti.com/,,openstreetmap,openstreetmap,1,+44 20 7622 7779,12 Clapham High Street,SW4 7UT,https://www.openstreetmap.org/node/3050203355
info@theabbeville.co.uk,The Abbeville,Lambeth,Clapham,Pub,https://www.theabbeville.co.uk/,,venue website,openstreetmap,1,,67-69 Abbeville Road,SW4 9JW,https://www.openstreetmap.org/node/246115186
enquiries@alexandraclapham.com,The Alexandra,Lambeth,Clapham,Pub,https://www.alexandraclapham.com/,,venue website,food standards agency,1,,"The Alexandra Public House, 14 Clapham Common South Side, London",SW4 7AA,https://ratings.food.gov.uk/business/981081
hi@birdsnestbrixton.com,The Birds Nest,Lambeth,Brixton,Restaurant,https://birdsnestbrixton.com/,,venue website,food standards agency,1,,"International House, 6 Canterbury Crescent, London",SW9 7QD,https://ratings.food.gov.uk/business/1875599
bookings@theblackdogvauxhall.co.uk,The Black Dog,Lambeth,Kennington,Pub; Spanish,https://theblackdogvauxhall.co.uk/,merch@theblackdogvauxhall.co.uk,venue website,openstreetmap,1,,112 Vauxhall Walk,SE11 5ER,https://www.openstreetmap.org/node/313234121
info@breadandrosespub.com,The Bread and Roses,Lambeth,Clapham,Pub,https://breadandrosespub.co.uk/,,openstreetmap,openstreetmap,1,,68 Clapham Manor Street,SW4 6DZ,https://www.openstreetmap.org/way/1106823471
info@thecambrialondon.co.uk,The Cambria,Lambeth,Brixton,Pub,https://thecambrialondon.co.uk/,,openstreetmap,openstreetmap,1,+44 20 7326 0426,40 Kemerton Road,SE5 9AR,https://www.openstreetmap.org/way/157452542
thecantonarms@gmail.com,The Canton Arms,Lambeth,Oval,Pub,https://www.cantonarms.com,,venue website,openstreetmap,1,+44 20 7582 8710,177 South Lambeth Road,SW8 1XP,https://www.openstreetmap.org/way/1007077773
info@highpress25.co.uk,The Coach & Horses,Lambeth,Clapham,Pizza; Pub,https://frontierpubs.co.uk/pub/coach-horses/,,venue website,openstreetmap,2,+44 20 7498 6308,173 Clapham Park Road,SW4 7EX,https://www.openstreetmap.org/way/1206353507
amkryukov@gmail.com,The Derby,Lambeth,Oval,Pub,https://thederbyse11.co.uk,thederbyoval@gmail.com; jonpinhorn.typedesign@gmail.com,venue website,openstreetmap,1,,336 Kennington Park Road,SE11 4PP,https://www.openstreetmap.org/node/1103275887
bookings@dukeofedinburghpub.com,The Duke of Edinburgh,Lambeth,Brixton,Pub,https://dukeofedinburghpub.com/,info@dukeofedinburghpub.com,venue website,openstreetmap,1,,204 Ferndale Road,SW9 8AG,https://www.openstreetmap.org/way/503405904
info@dukeofsussex.co.uk,The Duke of Sussex,Lambeth,Lambeth,Pub,https://www.dukeofsussex.co.uk/,,openstreetmap,openstreetmap,1,+44 20 3637 6121,23 Baylis Road,SE1 7AY,https://www.openstreetmap.org/way/95806698
info@thefirestationwaterloo.com,The Fire Station,Lambeth,Lambeth,Pub,https://www.firestationwaterloo.co.uk/,events@urbanpubsandbars.com,openstreetmap,openstreetmap,1,+44 20 3727 5938,150 Waterloo Road,SE1 8SB,https://www.openstreetmap.org/node/295971752
enquiries@florencehernehill.com,The Florence,Lambeth,Herne Hill,Pub,https://www.florencehernehill.com/,,venue website,openstreetmap,1,,131-133 Dulwich Road,SE24 0NG,https://www.openstreetmap.org/way/337242148
info@thegreatnorthwood.co.uk,The Great North Wood,Lambeth,West Norwood,Pub,https://www.thegreatnorthwood.co.uk/,,venue website,openstreetmap,1,+44 20 8766 0351,3 Knights Hill,SE27 0HS,https://www.openstreetmap.org/node/429257204
info@hgrcatsouhernpub.co.uk,The Great Southern,Lambeth,Gipsy Hill,Pub,https://www.thegreatsouthernpub.co.uk/,info@thegreatsouthernpub.co.uk,openstreetmap,openstreetmap,1,+44 20 8766 8390,79 Gipsy Hill,SE19 1QH,https://www.openstreetmap.org/way/297712178
hercules.office@fullers.co.uk,The Hercules,Lambeth,Lambeth,Pub,https://www.thehercules.co.uk/,,openstreetmap,openstreetmap,1,+44 1909 303688,2 Kennington Road,SE1 7BL,https://www.openstreetmap.org/node/587760188
hello@thekingandco.uk,The King & Co.,Lambeth,Clapham,Pub,https://thekingandco.uk/,,openstreetmap,openstreetmap,1,+44 20 7498 1971,100 Clapham Park Road,SW4 7BZ,https://www.openstreetmap.org/node/4717389968
mulberrybush@youngs.co,The Mulberry Bush,Lambeth,Lambeth,Pub,http://www.mulberrybushpub.com,,openstreetmap,openstreetmap,1,+44 20 7928 7940,89 Upper Ground,SE1 9PP,https://www.openstreetmap.org/node/13409071887
manager@theoxclapham.com,The Ox,Lambeth,Clapham,Pub,https://www.theoxclapham.com/,,openstreetmap,openstreetmap,1,+44 20 3011 2223,50 Clapham High Street,SW4 7UL,https://www.openstreetmap.org/node/12679983901
schools@paddingtonbearexperience.com,The Paddington Bear Experience,Lambeth,Lambeth,Restaurant,https://paddingtonbearexperience.com/,groups@paddingtonbearexperience.com; boxoffice.ldn@paddingtonbearexperience.com,venue website,food standards agency,1,,"County Hall Riverside Building, Westminster Bridge Road, London",SE1 7PB,https://ratings.food.gov.uk/business/1758387
crackling@thepigshead.com,The Pig's Head,Lambeth,Clapham,Restaurant,https://www.thepigshead.com/,,venue website,food standards agency,1,,"87 Rectory Grove, London, LONDON",SW4 0DR,https://ratings.food.gov.uk/business/1424402
shane.thepineapple@outlook.com,The Pineapple,Lambeth,Lambeth,Pub,https://www.thepineapple.pub/,,openstreetmap,openstreetmap,1,+44 20 7401 2860,53 Hercules Road,SE1 7DZ,https://www.openstreetmap.org/node/12997749797
hello@princeofwaleskennington.co.uk,The Prince of Wales,Lambeth,Kennington,Pub,https://www.princeofwaleskennington.co.uk,,venue website,openstreetmap,1,+44 207 735 9916,48 Cleaver Square,SE11 4EA,https://www.openstreetmap.org/way/1175033346
bookings@therailwaysw16.co.uk,The Railway,Lambeth,Streatham,Pub,https://www.therailwaysw16.co.uk/,info@therailwaysw16.co.uk,venue website,openstreetmap,1,,2 Greyhound Lane,SW16 5SD,https://www.openstreetmap.org/way/913129291
info@therattlinbog.co.uk,The Rattlin Bog,Lambeth,Clapham,Pub,https://www.therattlinbog.co.uk/,,venue website,food standards agency,1,,"Business, 4 Clapham Common South Side, London",SW4 7AA,https://ratings.food.gov.uk/business/1928271
riversideevents@youngs.co.uk,The Riverside Vauxhall,Lambeth,Vauxhall,Pub,https://www.riversidelondon.co.uk/,,openstreetmap,openstreetmap,1,+44 20 7735 8129,5 St. George's Wharf,SW8 2LE,https://www.openstreetmap.org/node/904362356
info@therosendale.co.uk,The Rosendale,Lambeth,West Dulwich,Pub,https://www.therosendale.co.uk/,,openstreetmap,openstreetmap,1,+44 20 8761 9008,65 Rosendale Road,SE21 8EZ,https://www.openstreetmap.org/way/922524127
info@thestagedoor.co.uk,The Stage Door,Lambeth,Lambeth,Pub,https://www.thestagedoor.co.uk/,,venue website,openstreetmap,1,,30 Webber Street,SE1 8QA,https://www.openstreetmap.org/node/306659436
steamengine@publove.co.uk,The Steam Engine,Lambeth,Lambeth,Pub,https://www.publove.co.uk/pubs/steam-engine,,openstreetmap,openstreetmap,1,+44 20 7928 0720,41-42 Cosser Street,SE1 7BU,https://www.openstreetmap.org/node/12997775906
info@thestonhouse.co.uk,The Stonhouse,Lambeth,Clapham,Pub,https://www.thestonhouse.co.uk/,,openstreetmap,openstreetmap,1,+44 20 7819 9312,165 Stonhouse Street,SW4 6BJ,https://www.openstreetmap.org/way/961153760
info@teahousetheatre.co.uk,The Tea House Theatre,Lambeth,Kennington,Cafe,https://www.teahousetheatre.co.uk/,,openstreetmap,openstreetmap,1,+44 20 7207 4585,139 Vauxhall Walk,SE11 5HL,https://www.openstreetmap.org/way/276191140
bookings@thethamesrestaurant.com,The Thames,Lambeth,Lambeth,Indian,http://www.thethamesrestaurant.com/,,openstreetmap,openstreetmap,1,+44 20 7928 3856,79 Waterloo Road,SE1 8UD,https://www.openstreetmap.org/node/597316522
manager@threestagspub.com,The Three Stags,Lambeth,Lambeth,Pub,https://www.threestagspub.com/,,venue website,openstreetmap,1,,67-69 Kennington Road,SE1 7PZ,https://www.openstreetmap.org/node/12997756180
thewalrushostel@gmail.com,The Walrus,Lambeth,Lambeth,Pub,https://www.thewalrusbarandhostel.co.uk/barpage1,,openstreetmap,openstreetmap,1,+44 7545589214,172 Westminster Bridge Road,SE1 7RW,https://www.openstreetmap.org/node/348782665
info@thewhiskeytumbler.com,The Whiskey Tumbler,Lambeth,Brixton,Restaurant,https://www.thewhiskeytumbler.com/,,venue website,food standards agency,1,,"401 Coldharbour Lane, London",SW9 8LQ,https://ratings.food.gov.uk/business/1288128
windmillhotel@youngs.co.uk,The Windmill,Lambeth,Clapham,Pub,https://www.windmillclapham.co.uk/,,openstreetmap,openstreetmap,1,+44 20 8673 4578,Windmill Drive,SW4 9DE,https://www.openstreetmap.org/node/279526311
windmillbrixton@yahoo.co.uk,The Windmill,Lambeth,Brixton,Pub,https://www.windmillbrixton.co.uk/,,venue website,openstreetmap,2,,,,https://www.openstreetmap.org/way/96598337
office@tirak.co.uk,Tirak,Lambeth,Clapham,Restaurant,https://tirak.co.uk/,,venue website,food standards agency,1,,"102 - 104 Clapham High Street, London",SW4 7UL,https://ratings.food.gov.uk/business/1870240
tradicaost@gmail.com,Tradicao,Lambeth,Brixton,Restaurant,https://www.tradicao.co.uk/,,venue website,food standards agency,1,,"Ground Floor, 160 Acre Lane, London",SW2 5UL,https://ratings.food.gov.uk/business/1862157
dine@trinityrestaurant.co.uk,Trinity,Lambeth,Clapham,Restaurant,https://trinityrestaurant.co.uk/,,venue website,openstreetmap,1,,4 The Polygon,SW4 0JG,https://www.openstreetmap.org/node/676793833
info@troia-restaurant.co.uk,Troia,Lambeth,Lambeth,Restaurant,https://troia-restaurant.co.uk/,,openstreetmap,openstreetmap,1,+44 20 7633 9309,3F Belvedere Road,SE1 7GQ,https://www.openstreetmap.org/node/544460892
reservations@tsunamiclapham.co.uk,Tsunami,Lambeth,Clapham,Restaurant,https://www.tsunamiclapham.co.uk/,,venue website,food standards agency,1,,"5 - 7 Voltaire Road, London",SW4 6DQ,https://ratings.food.gov.uk/business/483559
hello@tunisianstreetkitchen.com,Tunisian Street Kitchen,Lambeth,Lambeth,Restaurant,https://tunisianstreetkitchen.com/,,venue website,food standards agency,1,,"12 Lower Marsh, London",SE1 7RJ,https://ratings.food.gov.uk/business/1840605
twobrewers.london@stonegatepubs.com,Two Brewers,Lambeth,Clapham,Pub,https://www.the2brewers.com/london,,openstreetmap,openstreetmap,1,+44 20 7819 9539,114 Clapham High Street,SW4 7UJ,https://www.openstreetmap.org/node/289829475
reservations@uglydumpling.co.uk,Ugly Dumpling,Lambeth,Brixton,Restaurant,https://uglydumpling.co.uk/,info@uglydumpling.co.uk; fitzrovia@uglydumpling.co.uk; brixton@uglydumpling.co.uk,venue website,food standards agency,3,,"10 Market Row, London",SW9 8LD,https://ratings.food.gov.uk/business/1862154
waterloo@unwinedbars.co.uk,Unwined in Waterloo,Lambeth,Lambeth,Bar,https://unwinedbars.co.uk,hello@unwinedbars.co.uk,openstreetmap,openstreetmap,1,+44 20 7803 9035,137 Lower Marsh,SE1 7AE,https://www.openstreetmap.org/node/11225891677
upstairs@trinityrestaurant.co.uk,Upstairs,Lambeth,Clapham,Restaurant,https://trinity-upstairs.co.uk/,,openstreetmap,openstreetmap,1,+44 20 7622 1199,4 The Polygon,SW4 0JG,https://www.openstreetmap.org/node/13564039701
hello@vaultytowers.london,Vaulty Towers,Lambeth,Lambeth,Asian,https://www.vaultytowers.london,,venue website,openstreetmap,1,,34 Lower Marsh,SE1 7RG,https://www.openstreetmap.org/node/13103481999
vegandtings@gmail.com,Veg And Tings,Lambeth,Brixton,Restaurant,https://vegandtings.co.uk/,,venue website,food standards agency,1,,"Unit 4, Granville Arcade, Coldharbour Lane",SW9 8PR,https://ratings.food.gov.uk/business/1747721
info@vennstreetrecords.com,VennStreet Records,Lambeth,Clapham,Pub,https://www.vennstreetrecords.com/,,venue website,openstreetmap,1,+44 20 3006 5911,78 Venn Street,,https://www.openstreetmap.org/node/12093799635
orders@volcanocoffeeworks.com,Volcano Coffee Works Café,Lambeth,West Dulwich,Cafe,https://volcanocoffeeworks.com/,,venue website,openstreetmap,1,,40 Martell Road,SE21 8EN,https://www.openstreetmap.org/node/9963740919
waterloo@wahaca.co.uk,Wahaca,Lambeth,Lambeth,Mexican,https://www.wahaca.co.uk/location/waterloo/,,openstreetmap,openstreetmap,1,+44 20 3951 9748,119 Waterloo Road,SE1 8UL,https://www.openstreetmap.org/node/3333951907
manager@wellandboot.co.uk,Well & Boot,Lambeth,Lambeth,Pub,https://wellandboot.co.uk/,,venue website,food standards agency,1,,"Unit B18 The Balcony, Waterloo Station, London",SE1 7LY,https://ratings.food.gov.uk/business/1966033
info@zakurah.com,Zakurah,Lambeth,Clapham,Restaurant,https://www.zakurah.com/,,venue website,food standards agency,1,,"40 - 42 Clapham High Street, London",SW4 7UR,https://ratings.food.gov.uk/business/1942980
